Date,cumulative
2018-09-07,0.995910314544241
2018-09-10,0.998947941327604
2018-09-11,1.0002597727115201
2018-09-12,1.001595174473997
2018-09-13,1.005064776551103
2018-09-14,1.0045832531812136
2018-09-17,1.0028742322435955
2018-09-18,1.006535481225827
2018-09-19,1.0064110621720972
2018-09-20,1.012496899782926
2018-09-21,1.012728960717042
2018-09-24,1.00856716235845
2018-09-25,1.008582722849143
2018-09-26,1.0075204785488865
2018-09-27,1.0080218066824385
2018-09-28,1.0063606808813805
2018-10-01,1.0079196072473127
2018-10-02,1.0048358851115113
2018-10-03,1.0034990717455414
2018-10-04,0.9944842167384547
2018-10-05,0.9898628120575231
2018-10-08,0.9891158482955619
2018-10-09,0.9869736339040166
2018-10-10,0.9665506174893044
2018-10-11,0.9543588169260748
2018-10-12,0.9606130084720309
2018-10-15,0.9593810733251176
2018-10-16,0.9732628950691842
2018-10-17,0.9692750030760675
2018-10-18,0.9584634850304342
2018-10-19,0.9601729431010777
2018-10-22,0.9577048712467057
2018-10-23,0.9522787976231206
2018-10-24,0.9345374899899305
2018-10-25,0.9455791515281761
2018-10-26,0.9375030082466822
2018-10-29,0.9332121428341237
2018-10-30,0.9426542522592413
2018-10-31,0.9469424393265473
2018-11-01,0.9570081307532662
2018-11-02,0.9556089371758796
2018-11-05,0.9578004147833021
2018-11-06,0.9606952335235931
2018-11-07,0.9715055510165429
2018-11-08,0.9661438959743929
2018-11-09,0.9607647486985291
2018-11-12,0.9499174426006356
2018-11-13,0.9501070672142906
2018-11-14,0.9489366183731971
2018-11-15,0.9527025197935189
2018-11-16,0.954963621931989
2018-11-19,0.9469404443896117
2018-11-20,0.9339072975494771
2018-11-21,0.9407267541247826
2018-11-23,0.9363102185739254
2018-11-26,0.9448415367363997
2018-11-27,0.944387206923539
2018-11-28,0.9562940809908521
2018-11-29,0.9553022887837096
2018-11-30,0.9567144032611478
2018-12-03,0.9661410904116403
2018-12-04,0.9468147461043012
2018-12-06,0.9455512336522945
2018-12-07,0.933718678799529
2018-12-10,0.9306152513109812
2018-12-11,0.9309202525723135
2018-12-12,0.9361134053555544
2018-12-13,0.9345486457459513
2018-12-14,0.9250930900743796
2018-12-17,0.912339152748935
2018-12-18,0.9136456944798841
2018-12-19,0.9057425461809985
2018-12-20,0.8973866022983227
2018-12-21,0.8865739630838141
2018-12-24,0.8741285116223023
2018-12-26,0.8980152385313109
2018-12-27,0.9005693824105051
2018-12-28,0.9017454939852818
2018-12-31,0.9045512751224642
2019-01-02,0.9044946191656292
2019-01-03,0.8964253641683291
2019-01-04,0.9167759537594031
2019-01-07,0.9213981793192623
2019-01-08,0.9277380263143171
2019-01-09,0.9354796600916331
2019-01-10,0.9390826278732047
2019-01-11,0.9372688345725065
2019-01-14,0.933215919733845
2019-01-15,0.9390330837951327
2019-01-16,0.9423347033009564
2019-01-17,0.9465589767819022
2019-01-18,0.9539176838565236
2019-01-22,0.9452523900177441
2019-01-23,0.9465890465086952
2019-01-24,0.9501882393163128
2019-01-25,0.9577781574361282
2019-01-28,0.9537178037735407
2019-01-29,0.9560236680413028
2019-01-30,0.9654045662803686
2019-01-31,0.9689182585825201
2019-02-01,0.969195912753013
2019-02-04,0.9726694675436751
2019-02-05,0.9773945568742456
2019-02-06,0.9744632574138554
2019-02-07,0.9685537181237555
2019-02-08,0.9669482910994115
2019-02-11,0.9669868685969231
2019-02-12,0.9739090255632297
2019-02-13,0.9746014001171497
2019-02-14,0.974618017059952
2019-02-15,0.9820363395609494
2019-02-19,0.9846660283569612
2019-02-20,0.9864841651210405
2019-02-21,0.9843290568362718
2019-02-22,0.9891199207238252
2019-02-25,0.9894645019615698
2019-02-26,0.990305720811523
2019-02-27,0.9883986586918996
2019-02-28,0.985781727677313
2019-03-01,0.9879371362937387
2019-03-04,0.9864635852617148
2019-03-05,0.9867870842402162
2019-03-06,0.9829326226222177
2019-03-07,0.9761902600127235
2019-03-08,0.9750894151017117
2019-03-11,0.9851827498594012
2019-03-12,0.9870781539913058
2019-03-13,0.9913872746955041
2019-03-14,0.9903152879050984
2019-03-15,0.9945515297405071
2019-03-18,0.9979564459645546
2019-03-19,0.9975795240175104
2019-03-20,0.996990990129807
2019-03-21,1.001699076969538
2019-03-22,0.9880925763889465
2019-03-25,0.9879574782205767
2019-03-26,0.9923793478810972
2019-03-27,0.9913373295423826
2019-03-28,0.9939155683111238
2019-03-29,0.9972550725500774
2019-04-01,1.005835265628328
2019-04-02,1.0063292082863056
2019-04-03,1.0089898085322648
2019-04-04,1.0099970787258403
2019-04-05,1.0135884287433274
2019-04-08,1.013806716100215
2019-04-09,1.0094587824823442
2019-04-10,1.0133565225409669
2019-04-11,1.0125417806499881
2019-04-12,1.0172573251210817
2019-04-15,1.0153499192867015
2019-04-16,1.014657148088734
2019-04-17,1.0137576681518095
2019-04-18,1.0151827386898034
2019-04-22,1.0138200514061881
2019-04-23,1.0190166174847797
2019-04-24,1.0171806679880508
2019-04-25,1.0155964100545183
2019-04-26,1.019469646185192
2019-04-29,1.0192798527690874
2019-04-30,1.020676589644227
2019-05-01,1.015621301630199
2019-05-02,1.0144493089148798
2019-05-03,1.0219105968838569
2019-05-06,1.0172530683741992
2019-05-07,1.0046891248964376
2019-05-08,1.0038577115782281
2019-05-09,1.0002470996970072
2019-05-10,1.0039789081028767
2019-05-13,0.9873625087721696
2019-05-14,0.9949762472876709
2019-05-15,0.9980757402011443
2019-05-16,1.0026987952238924
2019-05-17,0.997152447299211
2019-05-20,0.9923147105534306
2019-05-21,0.9980220633598722
2019-05-22,0.9947435525955727
2019-05-23,0.9868275001941673
2019-05-24,0.9904107310719674
2019-05-28,0.9849331585538101
2019-05-29,0.9804142883971143
2019-05-30,0.9818769881826739
2019-05-31,0.9752952576705819
2019-06-03,0.9775655752241198
2019-06-04,0.9894467609609716
2019-06-05,0.9917321282796968
2019-06-06,0.9950521051811605
2019-06-07,1.0018569028927382
2019-06-10,1.0040902548467159
2019-06-11,1.0068266641956698
2019-06-12,1.0043870467582037
2019-06-13,1.0085201764615657
2019-06-14,1.0059642974975138
2019-06-17,1.0060274284936868
2019-06-18,1.0152917082423385
2019-06-19,1.0195818019458824
2019-06-20,1.0270669447382643
2019-06-21,1.023346696476937
2019-06-24,1.0225270608492145
2019-06-25,1.0169170879859757
2019-06-26,1.016316916404734
2019-06-27,1.020834115449597
2019-06-28,1.0249670211519093
2019-07-01,1.0298757276905746
2019-07-02,1.031184551773482
2019-07-03,1.037717613463381
2019-07-05,1.0347536751720234
2019-07-08,1.0312701452656872
2019-07-09,1.0292784533016186
2019-07-10,1.03313257028365
2019-07-11,1.0323202696746852
2019-07-12,1.0354006106111773
2019-07-15,1.0352428305541512
2019-07-16,1.033095692780284
2019-07-17,1.0293886992127919
2019-07-18,1.0318659740231024
2019-07-19,1.029072814186712
2019-07-22,1.029784725374811
2019-07-23,1.0354185588285232
2019-07-24,1.0386438243490437
2019-07-25,1.0323822821068578
2019-07-26,1.0360900278946483
2019-07-29,1.0355879510309327
2019-07-30,1.032612475194111
2019-07-31,1.0262359111328172
2019-08-01,1.0194395192658838
2019-08-02,1.013963407390823
2019-08-05,0.9947621026508994
2019-08-06,1.0020478737312861
2019-08-07,1.0050022097349034
2019-08-08,1.0157147687780101
2019-08-09,1.010028265490852
2019-08-12,1.0030877033777699
2019-08-13,1.0118148116328085
2019-08-14,0.9912922938560811
2019-08-15,0.9940558389327937
2019-08-16,1.0043712992605738
2019-08-19,1.0099309830924117
2019-08-20,1.0067492514196446
2019-08-21,1.012275544133302
2019-08-22,1.0103779672886946
2019-08-23,0.9960186335221028
2019-08-26,1.0021794540618192
2019-08-27,1.0002259521884518
2019-08-28,1.0045516129719176
2019-08-29,1.0127995482635557
2019-08-30,1.0137327827270048
2019-09-03,1.010393119214609
2019-09-04,1.0203119815135695
2019-09-05,1.0271602355053662
2019-09-06,1.0290284190730563
2019-09-09,1.030261270868756
2019-09-10,1.0304123225363764
2019-09-11,1.0358011521369723
2019-09-12,1.0379447995666007
2019-09-13,1.0381103217272871
2019-09-16,1.037809046108803
2019-09-17,1.0394223531632802
2019-09-18,1.0385826674051029
2019-09-19,1.0393462130444455
2019-09-20,1.0379720285463476
2019-09-23,1.038477842026966
2019-09-24,1.0337017876031405
2019-09-25,1.0349483556053252
2019-09-26,1.035934772872603
2019-09-27,1.0313524669131988
2019-09-30,1.0333021539396083
2019-10-01,1.0251010897396415
2019-10-02,1.0132459010026607
2019-10-03,1.0187820637406257
2019-10-04,1.0265518691531477
2019-10-07,1.0239240485031813
2019-10-08,1.0150775262968874
2019-10-09,1.021373373037029
2019-10-10,1.0257152642244767
2019-10-11,1.0353256472565913
2019-10-14,1.0335053538116221
2019-10-15,1.0400830424523062
2019-10-16,1.0401911852423615
2019-10-17,1.0431956502614808
2019-10-18,1.0424015032514593
2019-10-21,1.047650381853977
2019-10-22,1.0470172237729585
2019-10-23,1.0500832058281993
2019-10-24,1.0512493808915344
2019-10-25,1.0535432667083966
2019-10-28,1.0560854783988276
2019-10-29,1.0555144521744886
2019-10-30,1.057116930110273
2019-10-31,1.0555410186593202
2019-11-01,1.0638498137972447
2019-11-04,1.0672810643683657
2019-11-05,1.0660279866624065
2019-11-06,1.0654555786341289
2019-11-07,1.0661068519620873
2019-11-08,1.0662472120694282
2019-11-11,1.0646199549455282
2019-11-12,1.0646206634726272
2019-11-13,1.0642377389418836
2019-11-14,1.0647587604855553
2019-11-15,1.06990718736853
2019-11-18,1.0703540145629835
2019-11-19,1.0703601492905181
2019-11-20,1.067578325304391
2019-11-21,1.0656806044397893
2019-11-22,1.0674350821185037
2019-11-25,1.0734169060042738
2019-11-26,1.0754795108786308
2019-11-27,1.078249352947919
2019-11-29,1.0724356944851203
2019-12-02,1.0662793592903839
2019-12-03,1.0634261111745424
2019-12-04,1.069268803659713
2019-12-05,1.0696646750759533
2019-12-06,1.0762625673618609
2019-12-09,1.0743223938491016
2019-12-10,1.0734837962210646
2019-12-11,1.0766381178744429
2019-12-12,1.0816830654213085
2019-12-13,1.084004962540611
2019-12-16,1.0908926227153874
2019-12-17,1.091146234332706
2019-12-18,1.09129368418318
2019-12-19,1.0936330751788756
2019-12-20,1.0967356241361224
2019-12-23,1.0967417345183137
2019-12-24,1.0974343204690113
2019-12-26,1.1016892434069652
2019-12-27,1.1027903028837653
2019-12-30,1.0978215937716056
2019-12-31,1.100259943179391
2020-01-02,1.106462762592719
2020-01-03,1.1015510435453872
2020-01-06,1.1034753349866524
2020-01-07,1.1011208480423527
2020-01-08,1.1030353540209867
2020-01-09,1.10635791030962
2020-01-10,1.1057354795769814
2020-01-13,1.111304092723785
2020-01-14,1.1117349517147952
2020-01-15,1.1126853269472854
2020-01-16,1.1187685792425142
2020-01-17,1.120898313903812
2020-01-21,1.1166968321399517
2020-01-22,1.1173335726273466
2020-01-23,1.1173841775791296
2020-01-24,1.1110335028349783
2020-01-27,1.0967512886222437
2020-01-28,1.1041629830163784
2020-01-29,1.1039761401545207
2020-01-30,1.1036209656940545
2020-01-31,1.0909329083432073
2020-02-03,1.0942362977061542
2020-02-04,1.1057666526997536
2020-02-05,1.113589101702377
2020-02-06,1.1150537485177818
2020-02-07,1.1096657881552732
2020-02-10,1.1134448368130654
2020-02-11,1.1180127171835401
2020-02-12,1.123684890898428
2020-02-13,1.1221416020976358
2020-02-14,1.122849009232657
2020-02-18,1.1204918237932087
2020-02-19,1.1240317911509312
2020-02-20,1.1227225303850525
2020-02-21,1.1174127272660492
2020-02-24,1.0898405695768847
2020-02-25,1.0684262403174478
2020-02-26,1.0644911120272225
2020-02-27,1.0336680672854301
2020-02-28,1.0281393901027753
2020-03-02,1.0505042547278542
2020-03-03,1.0383159774667592
2020-03-04,1.0637045408672772
2020-03-05,1.0398077132671504
2020-03-06,1.0265775791842948
2020-03-09,0.9610179043004419
2020-03-10,0.9898706594779428
2020-03-11,0.9493787188473355
2020-03-12,0.8638292051310005
2020-03-13,0.9162795331092153
2020-03-16,0.833309963771652
2020-03-17,0.8585021471421046
2020-03-18,0.80297276487727
2020-03-19,0.8098388739060777
2020-03-20,0.7969631386735216
2020-03-23,0.7813045777100306
2020-03-24,0.8314047368920284
2020-03-25,0.858143478567891
2020-03-26,0.8966877379431607
2020-03-27,0.8766446889300127
2020-03-30,0.8873366166438433
2020-03-31,0.879078051987658
2020-04-01,0.8441219027209638
2020-04-02,0.8546213324762711
2020-04-03,0.8405411798348786
2020-04-06,0.8822994095499358
2020-04-07,0.8883157129607417
2020-04-08,0.912648669143157
2020-04-09,0.9326204814259967
2020-04-13,0.9242021020854844
2020-04-14,0.9375236294405398
2020-04-15,0.9169776398109483
2020-04-16,0.9166478238937005
2020-04-17,0.9374428595397005
2020-04-20,0.9231078186391982
2020-04-21,0.9060334691456852
2020-04-22,0.9181263442812941
2020-04-23,0.9182799197554475
2020-04-24,0.9250082979120213
2020-04-27,0.9373614499781175
2020-04-28,0.9429120978216714
2020-04-29,0.9646915341609511
2020-04-30,0.9522119927163919
2020-05-01,0.9320815200096343
2020-05-04,0.9337873972532666
2020-05-05,0.9391296472834202
2020-05-06,0.9322911805913039
2020-05-07,0.9428439225765429
2020-05-08,0.9574125935652547
2020-05-11,0.9533130044984328
2020-05-12,0.9390265729099718
2020-05-13,0.9264565330579536
2020-05-14,0.9314401521470459
2020-05-15,0.9315533504758317
2020-05-18,0.9612859017504746
2020-05-19,0.9548547726313558
2020-05-20,0.9690498260372397
2020-05-21,0.9640897163326525
2020-05-22,0.9646249138083623
2020-05-26,0.981993979760845
2020-05-27,0.9934514012551338
2020-05-28,0.9921087196428552
2020-05-29,0.9931499967461849
2020-06-01,1.0038538352115889
2020-06-02,1.012843709568243
2020-06-03,1.0284439267664514
2020-06-04,1.0279712372200822
2020-06-05,1.047213727052649
2020-06-08,1.0618705815988725
2020-06-09,1.0503150181303031
2020-06-10,1.0438205195354586
2020-06-11,0.996354132088748
2020-06-12,1.0113841292257297
2020-06-15,1.017998771544988
2020-06-16,1.0303090295455675
2020-06-17,1.0281084260539601
2020-06-18,1.0271836313513973
2020-06-19,1.022595363334531
2020-06-22,1.027725320490996
2020-06-23,1.0307320114506044
2020-06-24,1.0103181803795807
2020-06-25,1.0190165141042
2020-06-26,1.004102594926591
2020-06-29,1.0157804182060892
2020-06-30,1.0214621042446985
2020-07-01,1.024878298543722
2020-07-02,1.0303366502408182
2020-07-06,1.0429565729769406
2020-07-07,1.03265081863618
2020-07-08,1.0400185161849858
2020-07-09,1.032638192235975
2020-07-10,1.041018550805464
2020-07-13,1.0338961676958347
2020-07-14,1.0443431105737677
2020-07-15,1.056342404722969
2020-07-16,1.0522142034123865
2020-07-17,1.0558969806044824
2020-07-20,1.059448300115013
2020-07-21,1.0637460228474993
2020-07-22,1.0680007448021973
2020-07-23,1.0613760320011185
2020-07-24,1.0567389831775518
2020-07-27,1.0651283562541847
2020-07-28,1.0617812696510402
2020-07-29,1.0723009583362353
2020-07-30,1.0668764852351191
2020-07-31,1.0631783124243799
2020-08-03,1.0711338223213456
2020-08-04,1.076472077125473
2020-08-05,1.0823614654262879
2020-08-06,1.0856949327762548
2020-08-07,1.0847887988058755
2020-08-10,1.0895302869493284
2020-08-11,1.0855683664005442
2020-08-12,1.0961351924337013
2020-08-13,1.0924725980091288
2020-08-14,1.0918830770028134
2020-08-17,1.09674063359398
2020-08-18,1.0968377644569165
2020-08-19,1.0926899632972271
2020-08-20,1.093159316548999
2020-08-21,1.0932301054136524
2020-08-24,1.1031068487385185
2020-08-25,1.10421969954137
2020-08-26,1.1078951490740656
2020-08-27,1.1074393295894667
2020-08-28,1.1139357676026393
2020-08-31,1.1079113576742146
2020-09-01,1.1141321309040049
2020-09-02,1.123471481251732
2020-09-03,1.1011684110974604
2020-09-04,1.0978137097765177
2020-09-08,1.0805166046930503
2020-09-09,1.094296836785973
2020-09-10,1.0832416450981937
2020-09-11,1.0858746962739863
2020-09-14,1.0976228642848915
2020-09-15,1.102448994037585
2020-09-16,1.103631676211812
2020-09-17,1.1004457084160257
2020-09-18,1.0920668607250492
2020-09-21,1.0755073701185167
2020-09-22,1.078947443126586
2020-09-23,1.0619103284035423
2020-09-24,1.0627007199899545
2020-09-25,1.0723746482643102
2020-09-28,1.0863532959816107
2020-09-29,1.0821766637126262
2020-09-30,1.0847381993916856
2020-10-01,1.0918602065052059
2020-10-02,1.0899557245234381
2020-10-05,1.1026070737971048
2020-10-06,1.0947873616252013
2020-10-07,1.1054367676548194
2020-10-08,1.1140082323826292
2020-10-09,1.1185314643280504
2020-10-12,1.1255123403853708
2020-10-13,1.1193887868738128
2020-10-14,1.1170944716289284
2020-10-15,1.1143278178645444
2020-10-16,1.1137286299412743
2020-10-19,1.1058449942622561
2020-10-20,1.1114507213469769
2020-10-21,1.107789531627311
2020-10-22,1.1119426205493237
2020-10-23,1.1160421908744778
2020-10-26,1.1002427159279353
2020-10-27,1.0957814283666503
2020-10-28,1.0700058119024018
2020-10-29,1.077058510061623
2020-10-30,1.0694837251687208
2020-11-02,1.0814773655686616
2020-11-03,1.097130006975181
2020-11-04,1.1101278942968218
2020-11-05,1.127448009020718
2020-11-06,1.1262451844870771
2020-11-09,1.1444583614875916
2020-11-10,1.149814226653464
2020-11-11,1.1531136801582715
2020-11-12,1.1424585264829434
2020-11-13,1.1571847919393352
2020-11-16,1.1703439562015312
2020-11-17,1.1702094571338841
2020-11-18,1.164059906542317
2020-11-19,1.168515635349147
2020-11-20,1.1673436655287879
2020-11-23,1.1731252582838043
2020-11-24,1.1883091631727658
2020-11-25,1.186853219918858
2020-11-27,1.18956350726102
2020-11-30,1.1781561411250383
2020-12-01,1.1907857627966667
2020-12-02,1.1916662561022144
2020-12-03,1.1958306071373166
2020-12-04,1.2048127648709355
2020-12-07,1.2017291926325704
2020-12-08,1.2051960243252537
2020-12-09,1.200791129606675
2020-12-10,1.2041678908457103
2020-12-11,1.2017589738793129
2020-12-14,1.1994520600360616
2020-12-15,1.2126810996738673
2020-12-16,1.2143279970145773
2020-12-17,1.2217374938071646
2020-12-18,1.2171108812537237
2020-12-21,1.2099892087751083
2020-12-22,1.2092580798839607
2020-12-23,1.2144691279045072
2020-12-24,1.2167372937731882
2020-12-28,1.2205145621986344
2020-12-29,1.2214129737204225
2020-12-30,1.225443750635894
2020-12-31,1.2266039112761031
2021-01-04,1.2179457821885575
2021-01-05,1.227709930403101
2021-01-06,1.2359476036240447
2021-01-07,1.2432569318818159
2021-01-08,1.2503749054092963
2021-01-11,1.2407335234927799
2021-01-12,1.2458616299091783
2021-01-13,1.2468476472620789
2021-01-14,1.250248078159779
2021-01-15,1.2409820861796341
2021-01-19,1.247835287097076
2021-01-20,1.2592599023261597
2021-01-21,1.25929193960082
2021-01-22,1.2545011040113663
2021-01-25,1.2566057171678804
2021-01-26,1.2553958275059642
2021-01-27,1.2318302792588702
2021-01-28,1.239791291814231
2021-01-29,1.2220409077773429
2021-02-01,1.2393574160880168
2021-02-02,1.2522098147841378
2021-02-03,1.2537877339356027
2021-02-04,1.26082984181428
2021-02-05,1.26737178751778
2021-02-08,1.2750624671472952
2021-02-09,1.2773876134736155
2021-02-10,1.2786513913283957
2021-02-11,1.282382212786048
2021-02-12,1.2869398489472452
2021-02-16,1.2878729685753185
2021-02-17,1.2842086965760522
2021-02-18,1.2779418575955128
2021-02-19,1.2827203807382266
2021-02-22,1.2774061770368685
2021-02-23,1.2790810124577239
2021-02-24,1.2875603552055062
2021-02-25,1.2628794310855436
2021-02-26,1.2562456865741478
2021-03-01,1.276884003419924
2021-03-02,1.2716993377158132
2021-03-03,1.2647421232824225
2021-03-04,1.2508847415134834
2021-03-05,1.2632843961623599
2021-03-08,1.259494416046418
2021-03-09,1.2729147115072617
2021-03-10,1.278596343844796
2021-03-11,1.2910936702473708
2021-03-12,1.2921365262226383
2021-03-15,1.2969274118473098
2021-03-16,1.2944602927083566
2021-03-17,1.2987419386063361
2021-03-18,1.2814356033007124
2021-03-19,1.2831155916279164
2021-03-22,1.2864557895929214
2021-03-23,1.27307570533223
2021-03-24,1.2683312047212314
2021-03-25,1.2745604153063539
2021-03-26,1.2900506959340619
2021-03-29,1.2848789692425433
2021-03-30,1.2862675206452003
2021-03-31,1.2869589753470776
2021-04-01,1.3011513792622282
2021-04-05,1.310114691907169
2021-04-06,1.3097947745870961
2021-04-07,1.3083970692679407
2021-04-08,1.3149847998511737
2021-04-09,1.3174124739239386
2021-04-12,1.3157865756285478
2021-04-13,1.3207939900081378
2021-04-14,1.3211305369178363
2021-04-15,1.3315014469066755
2021-04-16,1.3352426272114808
2021-04-19,1.3306181642876187
2021-04-20,1.3206802573529515
2021-04-21,1.329179014641958
2021-04-22,1.3238223181370583
2021-04-23,1.3355535185815768
2021-04-26,1.338660672912923
2021-04-27,1.3385659819283913
2021-04-28,1.3403228912353178
2021-04-29,1.343002509784865
2021-04-30,1.3339751459191014
2021-05-03,1.3400306720133148
2021-05-04,1.3319928275622817
2021-05-05,1.3364808471961933
2021-05-06,1.3418855319197482
2021-05-07,1.352023860383778
2021-05-10,1.343149125924277
2021-05-11,1.3335517406903663
2021-05-12,1.309646219919957
2021-05-13,1.3192666410276936
2021-05-14,1.335583054164313
2021-05-17,1.3343490994469451
2021-05-18,1.3319272177966193
2021-05-19,1.325271790262772
2021-05-20,1.335206138869117
2021-05-21,1.3347713703470736
2021-05-24,1.34318725409361
2021-05-25,1.3418947735378963
2021-05-26,1.345335631856208
2021-05-27,1.3476694121278838
2021-05-28,1.3502363661158259
2021-06-01,1.3568492961694727
2021-06-02,1.3578334368896072
2021-06-03,1.3507554028254165
2021-06-04,1.3595082827910028
2021-06-07,1.3613070705772692
2021-06-08,1.3632760173180223
2021-06-09,1.3618387822515337
2021-06-10,1.364915096036139
2021-06-11,1.3671994627980608
2021-06-14,1.366805131832026
2021-06-15,1.3636132343869893
2021-06-16,1.3573692082544544
2021-06-17,1.351154707099312
2021-06-18,1.3366781543105986
2021-06-21,1.3520477592796
2021-06-22,1.3537618968341025
2021-06-23,1.3521474266737896
2021-06-24,1.3594315171083429
2021-06-25,1.3617841183005441
2021-06-28,1.359783578952317
2021-06-29,1.358960455657521
2021-06-30,1.3576148285274523
2021-07-01,1.3623543713993207
2021-07-02,1.3668071208576427
2021-07-06,1.361467394711057
2021-07-07,1.3641128579242603
2021-07-08,1.3532062512338845
2021-07-09,1.3691432134432913
2021-07-12,1.372257508552778
2021-07-13,1.3640935318358356
2021-07-14,1.3644275577083584
2021-07-15,1.3607890372172857
2021-07-16,1.3532225515349041
2021-07-19,1.3350026420819596
2021-07-20,1.3496513225491678
2021-07-21,1.3611146093114033
2021-07-22,1.3620453829845705
2021-07-23,1.3688060722284203
2021-07-26,1.36957081059952
2021-07-27,1.364244270373045
2021-07-28,1.368772592732748
2021-07-29,1.3761255236964152
2021-07-30,1.3695255607950834
2021-08-02,1.3697606098987507
2021-08-03,1.3763045625852577
2021-08-04,1.3713482856606307
2021-08-05,1.3781229762963492
2021-08-06,1.3760302089104939
2021-08-09,1.372834257818859
2021-08-10,1.3758018934814211
2021-08-11,1.3818423351898268
2021-08-12,1.3810079474868748
2021-08-13,1.3840192998288763
2021-08-16,1.38124387986465
2021-08-17,1.371298865684311
2021-08-18,1.3642980780059482
2021-08-19,1.3566922621949775
2021-08-20,1.3623443280419463
2021-08-23,1.3741871797529466
2021-08-24,1.3806453897433688
2021-08-25,1.3831692064392134
2021-08-26,1.3758072980039342
2021-08-27,1.38906847434659
2021-08-30,1.3910780691251263
2021-08-31,1.3903244348068955
2021-09-01,1.3963038241021573
2021-09-02,1.4013658584116027
2021-09-03,1.402275739045071
2021-09-07,1.396181210975016
2021-09-08,1.391862739534246
2021-09-09,1.3891591985337017
2021-09-10,1.3832375912895372
2021-09-13,1.3875478581919807
2021-09-14,1.3815002720779235
2021-09-15,1.388250189484193
2021-09-16,1.385898699147447
2021-09-17,1.375483824503276
2021-09-20,1.356999954666867
2021-09-21,1.3609423912877396
2021-09-22,1.3718617520764824
2021-09-23,1.3822248097625216
2021-09-24,1.3779154030837535
2021-09-27,1.3783243822273799
2021-09-28,1.3575198897374536
2021-09-29,1.3563447887107383
2021-09-30,1.349672744479397
2021-10-01,1.3598588178180127
2021-10-04,1.3512867558478259
2021-10-05,1.357841803842019
2021-10-06,1.356960218043337
2021-10-07,1.3650446466407156
2021-10-08,1.3638401028277811
2021-10-11,1.3593472063394243
2021-10-12,1.3617797338564848
2021-10-13,1.3697303443515383
2021-10-14,1.383364794120547
2021-10-15,1.3885019297598604
2021-10-18,1.38779249656053
2021-10-19,1.3935214726090779
2021-10-20,1.3997061014982333
2021-10-21,1.397846319164295
2021-10-22,1.4005823068692467
2021-10-25,1.4044223027516924
2021-10-26,1.4040271939860502
2021-10-27,1.3962673627205944
2021-10-28,1.4061416970575258
2021-10-29,1.4014189023422148
2021-11-01,1.4095853455010428
2021-11-02,1.4112210385471917
2021-11-03,1.4173760562103639
2021-11-04,1.4183813535627272
2021-11-05,1.4253244317250815
2021-11-08,1.4258864008039682
2021-11-09,1.4246324533152166
2021-11-10,1.41214147969661
2021-11-11,1.4161492548252996
2021-11-12,1.4216342123824381
2021-11-15,1.4208679225495917
2021-11-16,1.420668121765011
2021-11-17,1.4172314364501768
2021-11-18,1.4169174403963918
2021-11-19,1.4115763988228331
2021-11-22,1.4062312087321398
2021-11-23,1.4061300383666158
2021-11-24,1.4077308306525105
2021-11-26,1.3803176860720199
2021-11-29,1.3879472221335691
2021-11-30,1.370651719299641
2021-12-01,1.358867271972047
2021-12-02,1.377350041532497
2021-12-03,1.3697737339720106
2021-12-06,1.383415827881602
2021-12-07,1.402390646221675
2021-12-08,1.4062105130866955
2021-12-09,1.396691701261747
2021-12-10,1.4003356918081047
2021-12-13,1.3913057810888128
2021-12-14,1.381966865158596
2021-12-15,1.3941893206710814
2021-12-16,1.3890967455449283
2021-12-17,1.3808068374164533
2021-12-20,1.3700995001073009
2021-12-21,1.3885680960720912
2021-12-22,1.399479616333065
2021-12-23,1.4062076359608915
2021-12-27,1.4178120837935475
2021-12-28,1.4173488418674445
2021-12-29,1.4173293795917516
2021-12-30,1.4173055442535543
2021-12-31,1.4157601650833684
2022-01-03,1.4197028624633927
2022-01-04,1.4215793087721578
2022-01-05,1.4016296376960036
2022-01-06,1.4008240488511046
2022-01-07,1.399733068032442
2022-01-10,1.3940487037426657
2022-01-11,1.4072102573211303
2022-01-12,1.413802351286718
2022-01-13,1.403628931362821
2022-01-14,1.4007458421839647
2022-01-18,1.3817426946494802
2022-01-19,1.3767870709020662
2022-01-20,1.3676725312749045
2022-01-21,1.3516031789261786
2022-01-24,1.348747389390437
2022-01-25,1.341659229858623
2022-01-26,1.3346998584181702
2022-01-27,1.3279157912585995
2022-01-28,1.3435918396566247
2022-01-31,1.3646341192464781
2022-02-01,1.3723050579855731
2022-02-02,1.3779565979980994
2022-02-03,1.3589409625867108
2022-02-04,1.3592509343967296
2022-02-07,1.3593009197290908
2022-02-08,1.3658006511433198
2022-02-09,1.3841921736179783
2022-02-10,1.3663080672592953
2022-02-11,1.3522073154739753
2022-02-14,1.3450575470156014
2022-02-15,1.3617900940436807
2022-02-16,1.3650400988243938
2022-02-17,1.3477655936652684
2022-02-18,1.3424547017384578
2022-02-22,1.3296000343030643
2022-02-23,1.315054213932243
2022-02-24,1.3199291777460505
2022-02-25,1.3419041365311113
2022-02-28,1.3384849564545402
2022-03-01,1.3262195037578437
2022-03-02,1.3410562659293366
2022-03-03,1.3308606546141761
2022-03-04,1.3207301019286575
2022-03-07,1.290454299642017
2022-03-08,1.2908329014631477
2022-03-09,1.3137262221806694
2022-03-10,1.3070948854380928
2022-03-11,1.2977959045617218
2022-03-14,1.2879917686043234
2022-03-15,1.3003772465725643
2022-03-16,1.329405246689061
2022-03-17,1.342425543135071
2022-03-18,1.352940784876538
2022-03-21,1.347656392242677
2022-03-22,1.3569703237872193
2022-03-23,1.3472488151610058
2022-03-24,1.3559337664428035
2022-03-25,1.357747959101956
2022-03-28,1.3584432718979245
2022-03-29,1.3775965521495768
2022-03-30,1.3721974639869563
2022-03-31,1.358933208746259
2022-04-01,1.3637722639877559
2022-04-04,1.3706237032850883
2022-04-05,1.3534155717880199
2022-04-06,1.3413635465698195
2022-04-07,1.3407126834423542
2022-04-08,1.3391118172011156
2022-04-11,1.3258002740590922
2022-04-12,1.3252265705697244
2022-04-13,1.3399498936201222
2022-04-14,1.3320374750114086
2022-04-18,1.3281958284570217
2022-04-19,1.336665061536019
2022-04-20,1.3425892426994612
2022-04-21,1.3274276773081664
2022-04-22,1.3045422015472625
2022-04-25,1.3053879478057975
2022-04-26,1.280425194846552
2022-04-27,1.2830140612329113
2022-04-28,1.3024382233972693
2022-04-29,1.2761206019009046
2022-05-02,1.2766130545952272
2022-05-03,1.284537269448986
2022-05-04,1.3081152023749956
2022-05-05,1.274974655366588
2022-05-06,1.2642286687817779
2022-05-09,1.2305778410929282
2022-05-10,1.2328401180006074
2022-05-11,1.2240939575203562
2022-05-12,1.2231576201984933
2022-05-13,1.2480619697605315
2022-05-16,1.2470690528951704
2022-05-17,1.2649681719769084
2022-05-18,1.2336673318128495
2022-05-19,1.236064113252582
2022-05-20,1.2385792240249824
2022-05-23,1.252525900209095
2022-05-24,1.2466017009853236
2022-05-25,1.254869311614689
2022-05-26,1.2704797566528043
2022-05-27,1.2898647718770515
2022-05-31,1.282426066651921
2022-06-01,1.274343580700558
2022-06-02,1.2932273969906922
2022-06-03,1.279768493224205
2022-06-06,1.281994716026513
2022-06-07,1.289243924430578
2022-06-08,1.2772360920363701
2022-06-09,1.2548151452964333
2022-06-10,1.2291374340241061
2022-06-13,1.185572734192525
2022-06-14,1.1791285792538275
2022-06-15,1.1958656990509995
2022-06-16,1.1656906241831912
2022-06-17,1.16815390897016
2022-06-21,1.1835244222026107
2022-06-22,1.1803083360677578
2022-06-23,1.1868328859394206
2022-06-24,1.2125274835191753
2022-06-27,1.2094306431368689
2022-06-28,1.1982150809811605
2022-06-29,1.1943097423159368
2022-06-30,1.188938637443156
2022-07-01,1.1982996137574633
2022-07-05,1.1895683381139195
2022-07-06,1.1871095255237254
2022-07-07,1.2018148753673334
2022-07-08,1.2015462990632542
2022-07-11,1.1899232999908917
2022-07-12,1.1851973221417207
2022-07-13,1.1830275976017453
2022-07-14,1.1745441824751537
2022-07-15,1.189736222816512
2022-07-18,1.1896540409673848
2022-07-19,1.2136863985142419
2022-07-20,1.2168673066044031
2022-07-21,1.2255641596863516
2022-07-22,1.220173305960951
2022-07-25,1.224193983241199
2022-07-26,1.214303984802466
2022-07-27,1.2367658355482354
2022-07-28,1.2517396534424345
2022-07-29,1.2626823492277834
2022-08-01,1.2608944652021508
2022-08-02,1.2486464309890686
2022-08-03,1.2596839091627012
2022-08-04,1.261459418833042
2022-08-05,1.2564481741896631
2022-08-08,1.261311799394117
2022-08-09,1.2561779592466267
2022-08-10,1.2776736099533277
2022-08-11,1.2781524903450407
2022-08-12,1.2911493283445776
2022-08-15,1.2907253160977692
2022-08-16,1.2904629860762828
2022-08-17,1.279754366711722
2022-08-18,1.2804780019814939
2022-08-19,1.2649999024918657
2022-08-22,1.2463920994928492
2022-08-23,1.2474515703488018
2022-08-24,1.2503999231797724
2022-08-25,1.2643315639692256
2022-08-26,1.237144336570293
2022-08-29,1.2312909476913976
2022-08-30,1.2204495478498982
2022-08-31,1.2127050275227742
2022-09-01,1.205822798520529
2022-09-02,1.1996075239082058
2022-09-06,1.194098947327316
2022-09-07,1.2076286558417177
2022-09-08,1.2088889494241535
2022-09-09,1.2267916116345041
2022-09-12,1.2388337918507586
2022-09-13,1.2032100612318348
2022-09-14,1.2058240811097003
2022-09-15,1.1931977740196982
2022-09-16,1.1843749971914528
2022-09-19,1.1901165133381446
2022-09-20,1.1744725002239835
2022-09-21,1.1612521621578569
2022-09-22,1.1502593743592464
2022-09-23,1.1267984479059745
2022-09-26,1.1086269171084093
2022-09-27,1.1047660172148697
2022-09-28,1.1270722363465706
2022-09-29,1.1063710162474243
2022-09-30,1.0995510930144108
2022-10-03,1.1224280028232867
2022-10-04,1.1541540847017764
2022-10-05,1.1455970852091957
2022-10-06,1.1341840093513953
2022-10-07,1.112801006614338
2022-10-10,1.1048030327791365
2022-10-11,1.1005402933253738
2022-10-12,1.098171400590524
2022-10-13,1.115813338383752
2022-10-14,1.096988567133523
2022-10-17,1.1192258762701355
2022-10-18,1.128024283866993
2022-10-19,1.1155958140849533
2022-10-20,1.109302612654279
2022-10-21,1.1255472504649904
2022-10-24,1.12764450231074
2022-10-25,1.1490010827598367
2022-10-26,1.1528076571761803
2022-10-27,1.1512782874137057
2022-10-28,1.1635631824135109
2022-10-31,1.1562701612231696
2022-11-01,1.1602839859101057
2022-11-02,1.141586242204042
2022-11-03,1.1345658930202756
2022-11-04,1.1566514101185161
2022-11-07,1.1620576550615331
2022-11-08,1.167393278719828
2022-11-09,1.1518553529844637
2022-11-10,1.205189056466139
2022-11-11,1.219068255568461
2022-11-14,1.2072319684052517
2022-11-15,1.2177026902890007
2022-11-16,1.2092499255520375
2022-11-17,1.2030890078587007
2022-11-18,1.2054995550987395
2022-11-21,1.2021147287846201
2022-11-22,1.2135863897689205
2022-11-23,1.2209805346607907
2022-11-25,1.2229920158457972
2022-11-28,1.2070015445314513
2022-11-29,1.2106404227590377
2022-11-30,1.23505768885452
2022-12-01,1.2392131439646394
2022-12-02,1.2374042447112186
2022-12-05,1.218562481162237
2022-12-06,1.2091148158469935
2022-12-07,1.209558790999868
2022-12-08,1.214826708562848
2022-12-09,1.210519988613229
2022-12-12,1.2194104212422339
2022-12-13,1.2294477453852393
2022-12-14,1.2265759436443682
2022-12-15,1.203158693575972
2022-12-16,1.1909954346470628
2022-12-19,1.1835452205690464
2022-12-20,1.1831645693132637
2022-12-21,1.195675830605812
2022-12-22,1.18495190055704
2022-12-23,1.1901004823031474
2022-12-27,1.1884776658782994
2022-12-28,1.175690021532399
2022-12-29,1.191875090113269
2022-12-30,1.185286561846771
2023-01-03,1.187441109759343
2023-01-04,1.2011225991159993
2023-01-05,1.1910573939758458
2023-01-06,1.2138668523364113
2023-01-09,1.2180853576680566
2023-01-10,1.2220164303457028
2023-01-11,1.235706319734711
2023-01-12,1.2459973505753095
2023-01-13,1.2493054085880617
2023-01-17,1.25019090839246
2023-01-18,1.2424665873095242
2023-01-19,1.2373321671735815
2023-01-20,1.2502498008493699
2023-01-23,1.25785039453762
2023-01-24,1.2575840661945696
2023-01-25,1.2589476647955389
2023-01-26,1.267236321365791
2023-01-27,1.2683813770994283
2023-01-30,1.2546153011873775
2023-01-31,1.2687679871226407
2023-02-01,1.2805030975749607
2023-02-02,1.2920075084073648
2023-02-03,1.2774240683852531
2023-02-06,1.265876711344793
2023-02-07,1.2750331879186392
2023-02-08,1.2675446898270513
2023-02-09,1.2593162831043951
2023-02-10,1.256453122471836
2023-02-13,1.2679358183842815
2023-02-14,1.2673208947440857
2023-02-15,1.2667760018612881
2023-02-16,1.2575820792890695
2023-02-17,1.25589819106852
2023-02-21,1.235686052377193
2023-02-22,1.2333044426850917
2023-02-23,1.2402866853258065
2023-02-24,1.226861880795228
2023-02-27,1.2320012215623268
2023-02-28,1.2287974870281717
2023-03-01,1.228614254982315
2023-03-02,1.232591994449499
2023-03-03,1.2476934210273578
2023-03-06,1.2445597579095802
2023-03-07,1.2288543338447593
2023-03-08,1.2323670713430124
2023-03-09,1.2152054231476652
2023-03-10,1.2021077380077385
2023-03-13,1.2005987395874982
2023-03-14,1.2091838913146453
2023-03-15,1.1958882125820682
2023-03-16,1.206964411921945
2023-03-17,1.1954101662331107
2023-03-20,1.2036025634877743
2023-03-21,1.215112089116691
2023-03-22,1.2039211284887639
2023-03-23,1.2042626999655117
2023-03-24,1.2086753983666962
2023-03-27,1.2118030726552234
2023-03-28,1.212422327208934
2023-03-29,1.223902745154382
2023-03-30,1.2314425561144113
2023-03-31,1.2434219433212703
2023-04-03,1.2472441431531773
2023-04-04,1.2439764219367246
2023-04-05,1.2406819694476778
2023-04-06,1.243552008339503
2023-04-10,1.2440346358902594
2023-04-11,1.248622563093704
2023-04-12,1.2471388855896168
2023-04-13,1.2566776062798828
2023-04-14,1.2515734361280155
2023-04-17,1.2541225927539355
2023-04-18,1.2552662933923822
2023-04-19,1.2542781454039067
2023-04-20,1.2510726871960036
2023-04-21,1.2505920579657666
2023-04-24,1.2525650808321398
2023-04-25,1.2374649750078417
2023-04-26,1.2322680131194832
2023-04-27,1.2468818268521222
2023-04-28,1.2570301143257303
2023-05-01,1.2524864313411135
2023-05-02,1.2415887057482524
2023-05-03,1.2402022147942804
2023-05-04,1.2354388153174563
2023-05-05,1.2519270809835836
2023-05-08,1.2514212518084609
2023-05-09,1.2468984821894533
2023-05-10,1.2503106239252613
2023-05-11,1.2478257419704248
2023-05-12,1.2435268199887313
2023-05-15,1.2499778844479479
2023-05-16,1.238694012409971
2023-05-17,1.2492206793807648
2023-05-18,1.2512187043087497
2023-05-19,1.250493504613326
2023-05-22,1.2525670514532783
2023-05-23,1.2433933436535802
2023-05-24,1.2324804156964297
2023-05-25,1.2306154282999189
2023-05-26,1.2433321209816552
2023-05-30,1.242696458692999
2023-05-31,1.2367766398774735
2023-06-01,1.2481772367623873
2023-06-02,1.26416502859647
2023-06-05,1.2603748282033649
2023-06-06,1.2683166302686013
2023-06-07,1.2669041281563342
2023-06-08,1.273245839823473
2023-06-09,1.272341151214232
2023-06-12,1.2778901968985488
2023-06-13,1.2855305952882152
2023-06-14,1.2874526084254336
2023-06-15,1.2995240799877916
2023-06-16,1.2967420989353062
2023-06-20,1.2871910938753914
2023-06-21,1.2854884539117135
2023-06-22,1.280606327684273
2023-06-23,1.2696972404031575
2023-06-26,1.2728736417872601
2023-06-27,1.2821338192104454
2023-06-28,1.2845918598372685
2023-06-29,1.28589756711882
2023-06-30,1.2964231966873734
2023-07-03,1.2990250932256167
2023-07-05,1.2923426285693274
2023-07-06,1.2788582119534002
2023-07-07,1.2842709277387472
2023-07-10,1.2888168990524762
2023-07-11,1.2988337669314387
2023-07-12,1.3111498381039444
2023-07-13,1.32419182671338
2023-07-14,1.3185720280679103
2023-07-17,1.3201819966475143
2023-07-18,1.3280740726471132
2023-07-19,1.3320140447545257
2023-07-20,1.3248466828523606
2023-07-21,1.325036540063086
2023-07-24,1.3293390900035804
2023-07-25,1.331626880317878
2023-07-26,1.336149524289316
2023-07-27,1.3250772305193383
2023-07-28,1.3354524457534345
2023-07-31,1.3378803585156076
2023-08-01,1.329239184769761
2023-08-02,1.312620098020959
2023-08-03,1.308576210494003
2023-08-04,1.310216405801584
2023-08-07,1.3162359171614106
2023-08-08,1.3115961743767452
2023-08-09,1.3082646739463966
2023-08-10,1.3073893084233752
2023-08-11,1.3030584508074603
2023-08-14,1.301482958608496
2023-08-15,1.2888882102855224
2023-08-16,1.2809202918467586
2023-08-17,1.2735678975248501
2023-08-18,1.2749046893177285
2023-08-21,1.2756191961291303
2023-08-22,1.2743475226309997
2023-08-23,1.2877918774534953
2023-08-24,1.276923288725946
2023-08-25,1.2821789673034327
2023-08-28,1.2910714093752096
2023-08-29,1.3057638359461965
2023-08-30,1.3078248056390493
2023-08-31,1.3054336836308313
2023-09-01,1.3083537046332456
2023-09-05,1.2989823330707637
2023-09-06,1.2934200011101908
2023-09-07,1.291258038589306
2023-09-08,1.291376966478064
2023-09-11,1.2988622138862858
2023-09-12,1.2956781420974266
2023-09-13,1.2943671368491392
2023-09-14,1.3056125107529177
2023-09-15,1.2997708331878606
2023-09-18,1.2969870053914176
2023-09-19,1.2950118530630088
2023-09-20,1.2889160310305423
2023-09-21,1.271167435727045
2023-09-22,1.27057378816965
2023-09-25,1.26994054948647
2023-09-26,1.2558829859618916
2023-09-27,1.254280446420683
2023-09-28,1.261301372490374
2023-09-29,1.259265578634782
2023-10-02,1.2478258437012462
2023-10-03,1.232432339561178
2023-10-04,1.236079446860099
2023-10-05,1.2383748589779167
2023-10-06,1.2471275042238288
2023-10-09,1.2537324600698252
2023-10-10,1.2622323704883363
2023-10-11,1.2686957098364373
2023-10-12,1.2567252629951158
2023-10-13,1.252718766091722
2023-10-16,1.2617472216073224
2023-10-17,1.2602655309538644
2023-10-18,1.243009805786746
2023-10-19,1.2328560577121497
2023-10-20,1.2231942819056043
2023-10-23,1.220145313938762
2023-10-24,1.2268874453468348
2023-10-25,1.2124740742624025
2023-10-26,1.2093833406306542
2023-10-27,1.2048657532643328
2023-10-30,1.2143021653595631
2023-10-31,1.219116440073379
2023-11-01,1.2300363690561296
2023-11-02,1.2531160069241944
2023-11-03,1.2681923925682315
2023-11-06,1.2649441087873492
2023-11-07,1.263640356481169
2023-11-08,1.2639454212226577
2023-11-09,1.2547991186413752
2023-11-10,1.2652154303290226
2023-11-13,1.265069657173642
2023-11-14,1.294631803151328
2023-11-15,1.2967797743976073
2023-11-16,1.2927956441018222
2023-11-17,1.300427319973792
2023-11-20,1.3069942627131665
2023-11-21,1.3041554994692066
2023-11-22,1.3067890320245328
2023-11-24,1.3081115710678586
2023-11-27,1.3071454301733898
2023-11-28,1.3115572879452828
2023-11-29,1.315860983298794
2023-11-30,1.317199493181734
2023-12-01,1.331250379972594
2023-12-04,1.327067146833594
2023-12-05,1.3240260140784335
2023-12-06,1.321543295110905
2023-12-07,1.328275902958632
2023-12-08,1.3293912007039228
2023-12-11,1.3324587316063445
2023-12-12,1.3337136934872336
2023-12-13,1.3553901038932923
2023-12-14,1.3713176588790548
2023-12-15,1.3656044560947351
2023-12-18,1.368375532855459
2023-12-19,1.3791150329311523
2023-12-20,1.365552834823874
2023-12-21,1.3788410066229955
2023-12-22,1.3807481881860335
2023-12-26,1.387063354148385
2023-12-27,1.3911631466349934
2023-12-28,1.390117743249489
2023-12-29,1.3844368890929157
2024-01-02,1.3747839541233013
2024-01-03,1.363704372694023
2024-01-04,1.3622295203092805
2024-01-05,1.3634416678019654
2024-01-08,1.3757148045566197
2024-01-09,1.3697501547686277
2024-01-10,1.373442757568245
2024-01-11,1.372692772487922
2024-01-12,1.3743444770344697
2024-01-16,1.3607683087212634
2024-01-17,1.3503374878741305
2024-01-18,1.3575246762339237
2024-01-19,1.366032383498592
2024-01-22,1.3696432900707383
2024-01-23,1.3701091019805987
2024-01-24,1.3704893041710702
2024-01-25,1.3789017795409642
2024-01-26,1.3799913095840657
2024-01-29,1.3868548753087349
2024-01-30,1.383249711961772
2024-01-31,1.3704092427990666
2024-02-01,1.3820136110447236
2024-02-02,1.3796980010669033
2024-02-05,1.3707378943632011
2024-02-06,1.379338006035086
2024-02-07,1.3820395206278242
2024-02-08,1.3829116274827586
2024-02-09,1.3879809995876373
2024-02-12,1.3916190193653524
2024-02-13,1.3701818570762831
2024-02-14,1.3820440099424762
2024-02-15,1.3950492658228348
2024-02-16,1.3908679586784278
2024-02-20,1.388198795655789
2024-02-21,1.3889692856058313
2024-02-22,1.4021511296697196
2024-02-23,1.4030157273673378
2024-02-26,1.3992014951111769
2024-02-27,1.4028548678516104
2024-02-28,1.4002941497230332
2024-02-29,1.406359718412133
2024-03-01,1.4153875065359514
2024-03-04,1.412922842748163
2024-03-05,1.4068836974120442
2024-03-06,1.4160646297298458
2024-03-07,1.4265145742423366
2024-03-08,1.4233115199410757
2024-03-11,1.4223121132716388
2024-03-12,1.4289406475820337
2024-03-13,1.4284695010744504
2024-03-14,1.4190984885172593
2024-03-15,1.416982136069116
2024-03-18,1.4183950397371181
2024-03-19,1.4226024284352257
2024-03-20,1.4352278535737302
2024-03-21,1.4406081823827452
2024-03-22,1.4364008160234658
2024-03-25,1.435674791415296
2024-03-26,1.4332924739666757
2024-03-27,1.4448042606353644
2024-03-28,1.4470675256797505
2024-04-01,1.4406514502665815
2024-04-02,1.4336808279347841
2024-04-03,1.4376518615208442
2024-04-04,1.42874946214149
2024-04-05,1.4350412460589297
2024-04-08,1.4384067307711847
2024-04-09,1.4425644772106732
2024-04-10,1.4224421502178886
2024-04-11,1.4280747568226755
2024-04-12,1.411735100697705
2024-04-15,1.399792077861126
2024-04-16,1.3916505328881696
2024-04-17,1.3880112308646972
2024-04-18,1.3863965989275513
2024-04-19,1.3861166312797932
2024-04-22,1.3956695980213143
2024-04-23,1.4073579570188959
2024-04-24,1.404212459977597
2024-04-25,1.4008863680331713
2024-04-26,1.4086621360242608
2024-04-29,1.414444882695808
2024-04-30,1.3964033678823615
2024-05-01,1.3961170724080123
2024-05-02,1.4112052667439279
2024-05-03,1.422234437062325
2024-05-06,1.4321586279322889
2024-05-07,1.433002108007237
2024-05-08,1.4315142854546903
2024-05-09,1.4395373531027453
2024-05-10,1.4401564662414414
2024-05-13,1.4412196213587443
2024-05-14,1.4488778911752
2024-05-15,1.4618636603490491
2024-05-16,1.458356760717661
2024-05-17,1.459912966164338
2024-05-20,1.4598446102260825
2024-05-21,1.4589561171515373
2024-05-22,1.4511046405443588
2024-05-23,1.439780728757995
2024-05-24,1.448243675764249
2024-05-28,1.4458914922511585
2024-05-29,1.431380747721342
2024-05-30,1.4351863347117237
2024-05-31,1.4450461204003202
2024-06-03,1.446324968316947
2024-06-04,1.4440374756649852
2024-06-05,1.4543181308163935
2024-06-06,1.4542306334751236
2024-06-07,1.4444629232112927
2024-06-10,1.447885627854028
2024-06-11,1.444415188705038
2024-06-12,1.4560365510909288
2024-06-13,1.4539174495021483
2024-06-14,1.4497053895293706
2024-06-17,1.4544873195108878
2024-06-18,1.4590783097000575
2024-06-20,1.458463076180087
2024-06-21,1.4555494685143024
2024-06-24,1.4594926755090836
2024-06-25,1.4578003904516952
2024-06-26,1.4542321215681295
2024-06-27,1.4569912630929833
2024-06-28,1.4563012501059855
2024-07-01,1.4550837311193805
2024-07-02,1.4604937992462859
2024-07-03,1.4695796269728216
2024-07-05,1.473630380684679
2024-07-08,1.472371826286053
2024-07-09,1.4703822876784816
2024-07-10,1.4826220717098653
2024-07-11,1.489131054794457
2024-07-12,1.497712489132645
2024-07-15,1.4973310501251158
2024-07-16,1.510457748434338
2024-07-17,1.500093543499187
2024-07-18,1.4894041962222817
2024-07-19,1.4821390765111588
2024-07-22,1.4931617120830487
2024-07-23,1.4888092113697995
2024-07-24,1.4678374726743717
2024-07-25,1.4674686192854889
2024-07-26,1.4799775845077892
2024-07-29,1.4791180144823295
2024-07-30,1.4796948701360855
2024-07-31,1.4947922941721195
2024-08-01,1.4760884133347407
2024-08-02,1.45780956316822
2024-08-05,1.427856026559256
2024-08-06,1.4358051207912883
2024-08-07,1.4330162383708365
2024-08-08,1.4535198905514557
2024-08-09,1.4581473154720672
2024-08-12,1.4572041825139663
2024-08-13,1.4729463323660823
2024-08-14,1.4756957779703412
2024-08-15,1.489440950322021
2024-08-16,1.4941852769982318
2024-08-19,1.5052844462090473
2024-08-20,1.5017652462596927
2024-08-21,1.5087130217025058
2024-08-22,1.4998098265320585
2024-08-23,1.5200333753409663
2024-08-26,1.516675480940577
2024-08-27,1.517695397512743
2024-08-28,1.5109587159564704
2024-08-29,1.5131969464841686
2024-08-30,1.5198772020485265
2024-09-03,1.5000820809523296
2024-09-04,1.498812480163832
2024-09-05,1.4982729420001029
2024-09-06,1.4819229578673243
2024-09-09,1.493148243339756
2024-09-10,1.495166707945078
2024-09-11,1.5021882684617576
2024-09-12,1.5133437717313678
2024-09-13,1.5223321240454262
2024-09-16,1.5294513199801614
2024-09-17,1.530197396684975
2024-09-18,1.5266029708205167
2024-09-19,1.545189719188584
2024-09-20,1.5390166208147866
2024-09-23,1.5428761397060387
2024-09-24,1.552122818032431
2024-09-25,1.5433718984643743
2024-09-26,1.5556590789879297
2024-09-27,1.5552456262243257
2024-09-30,1.5559387306372978
2024-10-01,1.5495527944076648
2024-10-02,1.5496093852042885
2024-10-03,1.542835007526213
2024-10-04,1.5509611145498328
2024-10-07,1.5432110370150092
2024-10-08,1.5431434964612092
2024-10-09,1.5451445749445818
2024-10-10,1.543857380639597
2024-10-11,1.553467087586822
2024-10-14,1.557500586030104
2024-10-15,1.5489975291648717
2024-10-16,1.557392531021197
2024-10-17,1.554711723924255
2024-10-18,1.5602054455093612
2024-10-21,1.549637954053988
2024-10-22,1.547909666444303
2024-10-23,1.5391877926101194
2024-10-24,1.5426964449834824
2024-10-25,1.5396986978340592
2024-10-28,1.5446830852444986
2024-10-29,1.540770604319413
2024-10-30,1.5396702661373796
2024-10-31,1.5248553274763985
2024-11-01,1.5252636787358818
2024-11-04,1.5275961057506287
2024-11-05,1.5422289321141112
2024-11-06,1.5543647975561405
2024-11-07,1.5669176571705925
2024-11-08,1.565708574216013
2024-11-11,1.5675287214126858
2024-11-12,1.5537864763763973
2024-11-13,1.5504943029153768
2024-11-14,1.5463559342456827
2024-11-15,1.5384720790234827
2024-11-18,1.545852891807977
2024-11-19,1.5494992054970111
2024-11-20,1.5488841432172276
2024-11-21,1.556248279083015
2024-11-22,1.562549019468495
2024-11-25,1.5719648010310683
2024-11-26,1.5704482286482908
2024-11-27,1.57064650601658
2024-11-29,1.5793749654393132
2024-12-02,1.5782891386131224
2024-12-03,1.577930236153989
2024-12-04,1.5815004593817632
2024-12-05,1.581947226376303
2024-12-06,1.582403216354794
2024-12-09,1.5807955895306312
2024-12-10,1.573616263785718
2024-12-11,1.5807116431188153
2024-12-12,1.5717505683023762
2024-12-13,1.5678180808241546
2024-12-16,1.5678832436804904
2024-12-17,1.5609725995925854
2024-12-18,1.5230723664352146
2024-12-19,1.5205808381067039
2024-12-20,1.531962045099984
2024-12-23,1.53622681183192
2024-12-24,1.54596930851694
2024-12-26,1.5476908558634221
2024-12-27,1.5387265301185675
2024-12-30,1.5306278089699643
2024-12-31,1.5305609528572321
2025-01-02,1.52993977350759
2025-01-03,1.5412775592509083
2025-01-06,1.5460776604615636
2025-01-07,1.5350223949147885
2025-01-08,1.5341698881657209
2025-01-10,1.5161476207849949
2025-01-13,1.5176141340168323
2025-01-14,1.5239888145498448
2025-01-15,1.543454582082374
2025-01-16,1.5481691495641439
2025-01-17,1.5564328332408552
2025-01-21,1.5718612095804168
2025-01-22,1.5697724114823368
2025-01-23,1.5758777775738941
2025-01-24,1.577290919855695
2025-01-27,1.568952199868665
2025-01-28,1.5722507337314704
2025-01-29,1.5679080402446377
2025-01-30,1.5787516529346939
2025-01-31,1.571353800904544
2025-02-03,1.5633057083310695
2025-02-04,1.5726733765283003
2025-02-05,1.5795707429781545
2025-02-06,1.584030288212075
2025-02-07,1.574029450047931
2025-02-10,1.5814235865549044
2025-02-11,1.5814033894496518
2025-02-12,1.5766266085637126
2025-02-13,1.5902434166166635
2025-02-14,1.5933111278586365
2025-02-18,1.5982596452735693
2025-02-19,1.5955283560988252
2025-02-20,1.5947864555293905
2025-02-21,1.578592070051854
2025-02-24,1.5732955102571977
2025-02-25,1.5740946498677455
2025-02-26,1.5751576372830969
2025-02-27,1.5599444289342714
2025-02-28,1.5702707811131311
2025-03-03,1.5587883995317435
2025-03-04,1.5471374672140195
2025-03-05,1.5624694716617742
2025-03-06,1.5445006641699062
2025-03-07,1.5534198186938555
2025-03-10,1.5263629152716263
2025-03-11,1.5190547510941843
2025-03-12,1.523494915961416
2025-03-13,1.5108246246376682
2025-03-14,1.5340447467511669
2025-03-17,1.5472755499720217
2025-03-18,1.5395047560409851
2025-03-19,1.549402719406441
2025-03-20,1.5450458388603894
2025-03-21,1.5397011530627251
2025-03-24,1.5526498130900417
2025-03-25,1.5532382393811592
2025-03-26,1.5423189779611448
2025-03-27,1.541410917090727
2025-03-28,1.5246646872679919
2025-03-31,1.526903863612182
2025-04-01,1.5311806774257888
2025-04-02,1.539264171115291
2025-04-03,1.4916259006972705
2025-04-04,1.4271521774681233
2025-04-07,1.407165726365087
2025-04-08,1.3899596775314844
2025-04-09,1.4770317133143005
2025-04-10,1.4421699470016383
2025-04-11,1.4621498726761428
2025-04-14,1.4752374952607918
2025-04-15,1.4766820256523019
2025-04-16,1.4646281200060463
2025-04-17,1.4745504306064923
2025-04-21,1.4558022089326765
2025-04-22,1.480817508494326
2025-04-23,1.4924157758695307
2025-04-24,1.512423526421637
2025-04-25,1.5151729419467928
2025-04-28,1.5208439013896833
2025-04-29,1.524418263523686
2025-04-30,1.522327971848132
2025-05-01,1.5242572746033358
2025-05-02,1.542542151484932
2025-05-05,1.5389028468473973
2025-05-06,1.533178713303914
2025-05-07,1.5352514552299728
2025-05-08,1.5403523039248208
2025-05-09,1.5424427383657564
2025-05-12,1.5687822909554388
2025-05-13,1.5754096105580517
2025-05-14,1.5729257181948597
2025-05-15,1.580973707996679
2025-05-16,1.5875601820078187
2025-05-19,1.5895076286879648
2025-05-20,1.587957998866206
2025-05-21,1.5672006462456223
2025-05-22,1.5664380047059352
2025-05-23,1.5657671714308916
2025-05-27,1.5855661474516345
2025-05-28,1.577139348696762
2025-05-29,1.5827682533774703
2025-05-30,1.5800258135106113
2025-06-02,1.5854324343118855
2025-06-03,1.5894722208068786
2025-06-04,1.5926423471055826
2025-06-05,1.5904283220698126
2025-06-06,1.5992679537090493
2025-06-09,1.6028187857994942
2025-06-10,1.609526748619943
2025-06-11,1.6075324671328677
2025-06-12,1.612700478732205
2025-06-13,1.5969935915577305
2025-06-16,1.605983243646918
2025-06-17,1.5952607295118677
2025-06-18,1.5980931235450146
2025-06-20,1.5945842902707608
2025-06-23,1.6042446451447
2025-06-24,1.6176884832449803
2025-06-25,1.6119850251262076
2025-06-26,1.6252702069385303
2025-06-27,1.6293867269699158
2025-06-30,1.6344865489115428
2025-07-01,1.6386119881456462
2025-07-02,1.6462013686744503
2025-07-03,1.6514609629136945
2025-07-07,1.6379087429812387
2025-07-08,1.6413893217656876
2025-07-09,1.6487812015600998
2025-07-10,1.6546835202704506
2025-07-11,1.647749318817378
2025-07-14,1.6489034502711535
2025-07-15,1.6390501832572528
2025-07-16,1.6468273520928676
2025-07-17,1.6526288104186686
2025-07-18,1.650339449440961
2025-07-21,1.6538955525745227
2025-07-22,1.6612219965604376
2025-07-23,1.6737856214600721
2025-07-24,1.6688860384110311
2025-07-25,1.6729142372427905
2025-07-28,1.6646561799460016
2025-07-29,1.6646800347979147
2025-07-30,1.655899175426331
2025-07-31,1.6466688001207526
2025-08-01,1.6360624288213297
2025-08-04,1.6521407088104525
2025-08-05,1.6516835822126745
2025-08-06,1.657241637288961
2025-08-07,1.6604561593137417
2025-08-08,1.6637396891813838
2025-08-11,1.659313448529205
2025-08-12,1.6754812130462695
2025-08-13,1.6849939693456792
2025-08-14,1.6799155986129028
2025-08-15,1.6785351060053941
2025-08-18,1.6773800502968825
2025-08-19,1.6754329250066207
2025-08-20,1.6745880034817489
2025-08-21,1.66936835057291
2025-08-22,1.6957849505534297
2025-08-25,1.6859689025685225
2025-08-26,1.6886158277726138
2025-08-27,1.6891068293456497
2025-08-28,1.6933218359031643
2025-08-29,1.689085164732338
2025-09-02,1.6783590240430555
2025-09-03,1.6820569902265108
2025-09-04,1.691315534757937
2025-09-05,1.6954974147163788
2025-09-08,1.7014949051696258
2025-09-09,1.6999508572303128
2025-09-10,1.703044393662545
2025-09-11,1.7166172300631064
2025-09-12,1.712236819749803
2025-09-15,1.7182579486467522
2025-09-16,1.7176283659420495
2025-09-17,1.7149272755329317
2025-09-18,1.7186483281574978
2025-09-19,1.7168566310437903
2025-09-22,1.7192749433871928
2025-09-23,1.7181257194970219
2025-09-24,1.7103319844428524
2025-09-25,1.7034573601727676
2025-09-26,1.7108791616303778
2025-09-29,1.7144880426922455
2025-09-30,1.716749079605712
2025-10-01,1.7222786718962497
2025-10-02,1.7243946855193302
2025-10-03,1.7291236211323384
2025-10-06,1.7295751284847691
2025-10-07,1.7220341857892247
2025-10-08,1.7288812815653143
2025-10-09,1.7194055227909792
2025-10-10,1.6892386357995381
2025-10-13,1.70874048488579
2025-10-14,1.7116610391394622
2025-10-15,1.7187913042260423
2025-10-16,1.7147579884498407
2025-10-17,1.717908551470908
2025-10-20,1.7311480918354856
2025-10-21,1.727886905126996
2025-10-22,1.7255744566245055
2025-10-23,1.7311431905575596
2025-10-24,1.7393658109466783
2025-10-27,1.749988221050683
2025-10-28,1.7460477627567152
2025-10-29,1.7389614479245001
2025-10-30,1.7291728215169724
2025-10-31,1.7321090651905364
2025-11-03,1.7324163413783384
2025-11-04,1.7196687857501276
2025-11-05,1.726574821398628
2025-11-06,1.7167250056959964
2025-11-07,1.722567840484212
2025-11-10,1.7358648004037478
2025-11-11,1.7422847507315156
2025-11-12,1.743566503278412
2025-11-13,1.7233274434875208
2025-11-14,1.7213517527650193
2025-11-17,1.7059731082958822
2025-11-18,1.6995945361590812
2025-11-19,1.6981037746242893
2025-11-20,1.6807626084109981
2025-11-21,1.697494089251315
2025-11-24,1.7100725127758725
2025-11-25,1.7250236806757187
2025-11-26,1.7368565923807198
2025-11-28,1.743832104391515
2025-12-01,1.7357462345602814
2025-12-02,1.7374870781605627
2025-12-03,1.7461572234714002
2025-12-04,1.7476481328742637
2025-12-05,1.7505346246091622
2025-12-08,1.7443485495599502
2025-12-09,1.7422599957211538
2025-12-10,1.755808711835417
2025-12-11,1.7595699683611594
2025-12-12,1.748102287658198
2025-12-15,1.7487664910224028
2025-12-16,1.7438917420336346
2025-12-17,1.7365625442162045
2025-12-18,1.7448269876251539
2025-12-19,1.743950791080565
