Price,VXX_open,VXX_close
Ticker,VXX,VXX
Date,,
2018-01-25,1770.239990234375,1770.239990234375
2018-01-26,1770.239990234375,1770.239990234375
2018-01-29,1868.800048828125,1893.1199951171875
2018-01-30,1970.56005859375,1955.199951171875
2018-01-31,1917.43994140625,1961.5999755859375
2018-02-01,1929.5999755859375,1862.8480224609375
2018-02-02,1922.56005859375,2102.39990234375
2018-02-05,2172.159912109375,2807.0400390625
2018-02-06,2944.0,2759.424072265625
2018-02-07,2799.360107421875,2850.56005859375
2018-02-08,2907.52001953125,3531.52001953125
2018-02-09,3182.080078125,3217.919921875
2018-02-12,3089.919921875,3107.199951171875
2018-02-13,3123.840087890625,3070.080078125
2018-02-14,3028.47998046875,2718.719970703125
2018-02-15,2625.919921875,2656.0
2018-02-16,2700.800048828125,2695.679931640625
2018-02-20,2764.800048828125,2805.760009765625
2018-02-21,2778.239990234375,2848.0
2018-02-22,2767.360107421875,2810.8798828125
2018-02-23,2721.280029296875,2591.360107421875
2018-02-26,2516.47998046875,2513.919921875
2018-02-27,2506.944091796875,2714.239990234375
2018-02-28,2644.47998046875,2826.239990234375
2018-03-01,2804.47998046875,3020.800048828125
2018-03-02,3179.52001953125,2887.679931640625
2018-03-05,2942.080078125,2781.43994140625
2018-03-06,2759.679931640625,2796.159912109375
2018-03-07,2848.0,2754.56005859375
2018-03-08,2725.1201171875,2725.760009765625
2018-03-09,2580.47998046875,2448.0
2018-03-12,2490.8798828125,2544.639892578125
2018-03-13,2565.1201171875,2605.43994140625
2018-03-14,2591.360107421875,2662.39990234375
2018-03-15,2576.639892578125,2588.159912109375
2018-03-16,2515.199951171875,2515.199951171875
2018-03-19,2580.47998046875,2775.679931640625
2018-03-20,2757.1201171875,2722.56005859375
2018-03-21,2685.43994140625,2623.360107421875
2018-03-22,2890.239990234375,3020.800048828125
2018-03-23,3010.56005859375,3200.0
2018-03-26,3016.9599609375,2963.199951171875
2018-03-27,2963.199951171875,3185.919921875
2018-03-28,3278.719970703125,3206.080078125
2018-03-29,3136.0,3136.0
2018-04-02,3114.239990234375,3317.760009765625
2018-04-03,3235.840087890625,3175.679931640625
2018-04-04,3367.679931640625,3115.52001953125
2018-04-05,3031.679931640625,3031.679931640625
2018-04-06,3066.239990234375,3187.199951171875
2018-04-09,3187.199951171875,3187.199951171875
2018-04-10,3187.199951171875,3187.199951171875
2018-04-11,3187.199951171875,3187.199951171875
2018-04-12,3077.760009765625,3077.760009765625
2018-04-13,2942.719970703125,2942.719970703125
2018-04-16,2793.60009765625,2793.60009765625
2018-04-17,2579.199951171875,2579.199951171875
2018-04-18,2640.639892578125,2595.840087890625
2018-04-19,2667.52001953125,2622.080078125
2018-04-20,2723.199951171875,2695.0400390625
2018-04-23,2681.60009765625,2662.39990234375
2018-04-24,2661.760009765625,2661.760009765625
2018-04-25,2928.0,2851.199951171875
2018-04-26,2800.639892578125,2717.43994140625
2018-04-27,2671.360107421875,2651.199951171875
2018-04-30,2625.280029296875,2625.280029296875
2018-05-01,2707.199951171875,2711.0400390625
2018-05-02,2596.47998046875,2544.639892578125
2018-05-03,2686.719970703125,2752.0
2018-05-04,2579.199951171875,2579.199951171875
2018-05-07,2552.9599609375,2544.0
2018-05-08,2544.0,2544.0
2018-05-09,2511.360107421875,2482.56005859375
2018-05-10,2343.0400390625,2349.43994140625
2018-05-11,2330.8798828125,2293.1201171875
2018-05-14,2225.919921875,2225.919921875
2018-05-15,2340.47998046875,2387.199951171875
2018-05-16,2336.0,2308.159912109375
2018-05-17,2295.679931640625,2250.8798828125
2018-05-18,2269.43994140625,2266.8798828125
2018-05-21,2154.239990234375,2176.0
2018-05-22,2191.488037109375,2191.488037109375
2018-05-23,2300.159912109375,2174.719970703125
2018-05-24,2216.9599609375,2187.52001953125
2018-05-25,2187.52001953125,2164.47998046875
2018-05-29,2307.840087890625,2458.8798828125
2018-05-30,2362.8798828125,2339.840087890625
2018-05-31,2364.800048828125,2364.159912109375
2018-06-01,2261.1201171875,2248.320068359375
2018-06-04,2248.320068359375,2248.320068359375
2018-06-05,2177.280029296875,2177.280029296875
2018-06-06,2118.39990234375,2076.159912109375
2018-06-07,2062.719970703125,2100.47998046875
2018-06-08,2075.52001953125,2075.52001953125
2018-06-11,2092.800048828125,2053.1201171875
2018-06-12,2033.9200439453125,2046.719970703125
2018-06-13,2026.239990234375,2056.9599609375
2018-06-14,2022.4000244140625,2001.407958984375
2018-06-15,2048.0,2023.6800537109375
2018-06-18,2085.760009765625,1999.93603515625
2018-06-19,2125.43994140625,2101.696044921875
2018-06-20,2058.239990234375,2053.760009765625
2018-06-21,2065.919921875,2189.43994140625
2018-06-22,2113.280029296875,2132.47998046875
2018-06-25,2256.639892578125,2438.39990234375
2018-06-26,2383.360107421875,2338.56005859375
2018-06-27,2314.239990234375,2464.0
2018-06-28,2543.360107421875,2508.800048828125
2018-06-29,2351.360107421875,2362.8798828125
2018-07-02,2502.39990234375,2415.360107421875
2018-07-03,2415.360107421875,2415.360107421875
2018-07-05,2314.239990234375,2314.239990234375
2018-07-06,2245.1201171875,2199.360107421875
2018-07-09,2112.0,2078.719970703125
2018-07-10,2059.52001953125,2034.56005859375
2018-07-11,2106.8798828125,2101.760009765625
2018-07-12,2076.159912109375,2048.0
2018-07-13,2042.8800048828125,2030.656005859375
2018-07-16,1998.0799560546875,1999.3599853515625
2018-07-17,1966.719970703125,1966.0799560546875
2018-07-18,1955.8399658203125,1955.8399658203125
2018-07-19,1996.800048828125,1996.800048828125
2018-07-20,2024.3199462890625,2001.0880126953125
2018-07-23,1992.9599609375,2019.8399658203125
2018-07-24,1941.760009765625,1967.3599853515625
2018-07-25,1975.0400390625,1949.43994140625
2018-07-26,1948.1600341796875,1954.56005859375
2018-07-27,1958.4000244140625,2018.56005859375
2018-07-30,1994.239990234375,2056.320068359375
2018-07-31,2008.3199462890625,2008.3199462890625
2018-08-01,1987.8399658203125,1984.0
2018-08-02,2051.072021484375,1963.52001953125
2018-08-03,1931.52001953125,1928.9599609375
2018-08-06,1928.9599609375,1873.1519775390625
2018-08-07,1845.760009765625,1827.8399658203125
2018-08-08,1794.56005859375,1794.0479736328125
2018-08-09,1788.800048828125,1825.9200439453125
2018-08-10,1908.6080322265625,1917.43994140625
2018-08-13,1937.9200439453125,2028.800048828125
2018-08-14,1982.719970703125,1926.4000244140625
2018-08-15,2045.43994140625,2046.719970703125
2018-08-16,1969.9200439453125,1934.719970703125
2018-08-17,1968.6400146484375,1887.3599853515625
2018-08-20,1848.3199462890625,1848.3199462890625
2018-08-21,1835.52001953125,1885.43994140625
2018-08-22,1885.43994140625,1852.800048828125
2018-08-23,1854.719970703125,1857.9200439453125
2018-08-24,1824.0,1847.0400390625
2018-08-27,1834.0479736328125,1849.5999755859375
2018-08-28,1843.199951171875,1851.52001953125
2018-08-29,1853.43994140625,1833.5999755859375
2018-08-30,1853.43994140625,1888.6400146484375
2018-08-31,1872.0,1900.1600341796875
2018-09-04,1889.280029296875,1873.9200439453125
2018-09-05,1920.0,1885.43994140625
2018-09-06,1934.0799560546875,1943.0400390625
2018-09-07,1987.8399658203125,1971.8399658203125
2018-09-10,1939.8399658203125,1918.719970703125
2018-09-11,1941.760009765625,1862.4000244140625
2018-09-12,1855.3599853515625,1838.0799560546875
2018-09-13,1800.9599609375,1788.1600341796875
2018-09-14,1768.3199462890625,1750.4000244140625
2018-09-17,1749.760009765625,1804.800048828125
2018-09-18,1790.719970703125,1795.199951171875
2018-09-19,1744.0,1733.1199951171875
2018-09-20,1707.52001953125,1704.9599609375
2018-09-21,1706.239990234375,1700.2239990234375
2018-09-24,1715.199951171875,1706.8800048828125
2018-09-25,1685.760009765625,1722.8800048828125
2018-09-26,1699.8399658203125,1728.0
2018-09-27,1719.0400390625,1711.3599853515625
2018-09-28,1722.8800048828125,1708.800048828125
2018-10-01,1664.0,1689.5999755859375
2018-10-02,1696.0,1689.5999755859375
2018-10-03,1667.8399658203125,1676.800048828125
2018-10-04,1719.0400390625,1779.199951171875
2018-10-05,1747.199951171875,1807.3599853515625
2018-10-08,1868.1600341796875,1832.9599609375
2018-10-09,1880.3199462890625,1861.1199951171875
2018-10-10,1913.5999755859375,2172.800048828125
2018-10-11,2149.1201171875,2359.0400390625
2018-10-12,2152.9599609375,2180.47998046875
2018-10-15,2227.327880859375,2193.280029296875
2018-10-16,2140.159912109375,2053.1201171875
2018-10-17,2043.52001953125,2077.43994140625
2018-10-18,2126.719970703125,2230.39990234375
2018-10-19,2179.840087890625,2193.280029296875
2018-10-22,2179.199951171875,2213.1201171875
2018-10-23,2404.47998046875,2296.9599609375
2018-10-24,2281.60009765625,2474.239990234375
2018-10-25,2451.199951171875,2423.0400390625
2018-10-26,2586.239990234375,2559.360107421875
2018-10-29,2462.719970703125,2581.760009765625
2018-10-30,2602.239990234375,2483.840087890625
2018-10-31,2434.56005859375,2405.1201171875
2018-11-01,2421.1201171875,2327.679931640625
2018-11-02,2291.840087890625,2346.239990234375
2018-11-05,2352.639892578125,2323.840087890625
2018-11-06,2321.280029296875,2245.1201171875
2018-11-07,2164.47998046875,2089.60009765625
2018-11-08,2072.320068359375,2080.0
2018-11-09,2101.1201171875,2126.912109375
2018-11-12,2154.8798828125,2307.840087890625
2018-11-13,2304.639892578125,2325.1201171875
2018-11-14,2280.320068359375,2385.280029296875
2018-11-15,2427.52001953125,2360.320068359375
2018-11-16,2400.639892578125,2252.159912109375
2018-11-19,2254.080078125,2384.0
2018-11-20,2526.719970703125,2517.1201171875
2018-11-21,2441.087890625,2458.239990234375
2018-11-23,2508.800048828125,2479.360107421875
2018-11-26,2424.320068359375,2339.199951171875
2018-11-27,2380.159912109375,2297.60009765625
2018-11-28,2262.719970703125,2229.760009765625
2018-11-29,2263.679931640625,2270.080078125
2018-11-30,2272.7041015625,2206.080078125
2018-12-03,2048.0,2086.39990234375
2018-12-04,2066.56005859375,2357.760009765625
2018-12-06,2545.280029296875,2418.56005859375
2018-12-07,2410.8798828125,2580.47998046875
2018-12-10,2584.320068359375,2555.52001953125
2018-12-11,2475.52001953125,2555.968017578125
2018-12-12,2490.239990234375,2535.679931640625
2018-12-13,2502.39990234375,2496.639892578125
2018-12-14,2554.239990234375,2598.39990234375
2018-12-17,2622.719970703125,2725.760009765625
2018-12-18,2681.60009765625,2738.56005859375
2018-12-19,2720.0,2728.9599609375
2018-12-20,2800.0,2867.840087890625
2018-12-21,2871.0400390625,3012.47998046875
2018-12-24,3053.43994140625,3163.52001953125
2018-12-26,3145.60009765625,2995.840087890625
2018-12-27,3180.159912109375,3122.56005859375
2018-12-28,3127.0400390625,3117.43994140625
2018-12-31,3038.719970703125,3007.360107421875
2019-01-02,3102.080078125,2927.360107421875
2019-01-03,2982.39990234375,3048.9599609375
2019-01-04,2931.840087890625,2807.0400390625
2019-01-07,2785.919921875,2744.320068359375
2019-01-08,2696.9599609375,2688.639892578125
2019-01-09,2666.8798828125,2625.280029296875
2019-01-10,2672.0,2597.760009765625
2019-01-11,2636.800048828125,2513.280029296875
2019-01-14,2585.60009765625,2520.320068359375
2019-01-15,2499.199951171875,2410.8798828125
2019-01-16,2385.919921875,2459.52001953125
2019-01-17,2476.800048828125,2432.0
2019-01-18,2364.159912109375,2371.840087890625
2019-01-22,2400.0,2580.47998046875
2019-01-23,2541.43994140625,2566.39990234375
2019-01-24,2569.60009765625,2475.52001953125
2019-01-25,2421.1201171875,2382.719970703125
2019-01-28,2469.760009765625,2481.280029296875
2019-01-29,2451.840087890625,2474.239990234375
2019-01-30,2433.919921875,2365.43994140625
2019-01-31,2361.60009765625,2267.52001953125
2019-02-01,2261.1201171875,2245.760009765625
2019-02-04,2235.52001953125,2176.0
2019-02-05,2156.800048828125,2157.43994140625
2019-02-06,2140.159912109375,2145.919921875
2019-02-07,2211.199951171875,2217.60009765625
2019-02-08,2268.159912109375,2190.719970703125
2019-02-11,2161.280029296875,2167.0400390625
2019-02-12,2116.47998046875,2128.0
2019-02-13,2110.719970703125,2122.8798828125
2019-02-14,2171.52001953125,2161.280029296875
2019-02-15,2117.760009765625,2085.760009765625
2019-02-19,2122.8798828125,2092.159912109375
2019-02-20,2077.43994140625,2008.3199462890625
2019-02-21,2017.280029296875,2034.56005859375
2019-02-22,2000.0,1957.760009765625
2019-02-25,1913.5999755859375,1992.9599609375
2019-02-26,2023.0400390625,2009.5999755859375
2019-02-27,2032.6400146484375,2011.52001953125
2019-02-28,2012.800048828125,2010.239990234375
2019-03-01,1957.1199951171875,1918.719970703125
2019-03-04,1896.9599609375,1965.43994140625
2019-03-05,1960.3199462890625,1976.9599609375
2019-03-06,1976.9599609375,2035.199951171875
2019-03-07,2059.52001953125,2112.639892578125
2019-03-08,2177.280029296875,2126.719970703125
2019-03-11,2087.0400390625,1971.8399658203125
2019-03-12,1952.0,1916.1600341796875
2019-03-13,1903.3599853515625,1895.6800537109375
2019-03-14,1897.5999755859375,1864.3199462890625
2019-03-15,1856.0,1829.760009765625
2019-03-18,1843.8399658203125,1834.239990234375
2019-03-19,1802.239990234375,1846.4000244140625
2019-03-20,1851.52001953125,1866.239990234375
2019-03-21,1893.760009765625,1841.9200439453125
2019-03-22,1879.6800537109375,2053.1201171875
2019-03-25,2056.9599609375,2063.360107421875
2019-03-26,1971.199951171875,1946.8800048828125
2019-03-27,1941.760009765625,1976.3199462890625
2019-03-28,1963.52001953125,1932.1600341796875
2019-03-29,1896.9599609375,1872.6400146484375
2019-04-01,1854.0799560546875,1839.3599853515625
2019-04-02,1845.760009765625,1834.239990234375
2019-04-03,1804.800048828125,1847.0400390625
2019-04-04,1836.800048828125,1828.47998046875
2019-04-05,1806.0799560546875,1792.0
2019-04-08,1796.47998046875,1783.6800537109375
2019-04-09,1807.3599853515625,1847.0400390625
2019-04-10,1829.760009765625,1795.199951171875
2019-04-11,1770.8800048828125,1760.0
2019-04-12,1724.800048828125,1680.6400146484375
2019-04-15,1655.6800537109375,1658.8800048828125
2019-04-16,1648.0,1645.43994140625
2019-04-17,1617.9200439453125,1656.9599609375
2019-04-18,1651.199951171875,1630.719970703125
2019-04-22,1648.0,1616.0
2019-04-23,1606.4000244140625,1603.199951171875
2019-04-24,1605.760009765625,1644.800048828125
2019-04-25,1658.8800048828125,1676.800048828125
2019-04-26,1658.239990234375,1618.56005859375
2019-04-29,1628.800048828125,1643.52001953125
2019-04-30,1637.1199951171875,1643.52001953125
2019-05-01,1624.9599609375,1705.5999755859375
2019-05-02,1705.5999755859375,1708.1600341796875
2019-05-03,1663.3599853515625,1626.8800048828125
2019-05-06,1789.43994140625,1719.0400390625
2019-05-07,1818.239990234375,2005.1199951171875
2019-05-08,1983.3599853515625,1965.43994140625
2019-05-09,2073.60009765625,1955.199951171875
2019-05-10,1976.3199462890625,1804.1600341796875
2019-05-13,2026.8800048828125,2076.800048828125
2019-05-14,1999.3599853515625,1961.5999755859375
2019-05-15,2016.0,1879.0400390625
2019-05-16,1864.3199462890625,1798.4000244140625
2019-05-17,1871.3599853515625,1825.280029296875
2019-05-20,1875.8399658203125,1852.1600341796875
2019-05-21,1792.0,1758.719970703125
2019-05-22,1766.4000244140625,1742.0799560546875
2019-05-23,1808.0,1857.280029296875
2019-05-24,1802.8800048828125,1818.8800048828125
2019-05-28,1806.0799560546875,1873.280029296875
2019-05-29,1912.9599609375,1909.760009765625
2019-05-30,1863.0400390625,1875.8399658203125
2019-05-31,1966.719970703125,1946.8800048828125
2019-06-03,1945.5999755859375,1966.719970703125
2019-06-04,1907.8399658203125,1857.280029296875
2019-06-05,1833.5999755859375,1821.43994140625
2019-06-06,1807.3599853515625,1782.4000244140625
2019-06-07,1777.280029296875,1795.8399658203125
2019-06-10,1773.43994140625,1783.0400390625
2019-06-11,1753.5999755859375,1786.239990234375
2019-06-12,1799.0400390625,1777.9200439453125
2019-06-13,1756.800048828125,1767.0400390625
2019-06-14,1779.199951171875,1748.47998046875
2019-06-17,1746.56005859375,1729.9200439453125
2019-06-18,1698.56005859375,1716.47998046875
2019-06-19,1705.5999755859375,1659.52001953125
2019-06-20,1629.43994140625,1664.6400146484375
2019-06-21,1676.800048828125,1703.6800537109375
2019-06-24,1692.800048828125,1688.3199462890625
2019-06-25,1689.5999755859375,1731.199951171875
2019-06-26,1697.280029296875,1717.760009765625
2019-06-27,1705.5999755859375,1690.8800048828125
2019-06-28,1672.3199462890625,1664.0
2019-07-01,1571.199951171875,1571.8399658203125
2019-07-02,1574.4000244140625,1513.5999755859375
2019-07-03,1514.8800048828125,1504.6400146484375
2019-07-05,1536.6400146484375,1509.1199951171875
2019-07-08,1543.6800537109375,1550.719970703125
2019-07-09,1597.43994140625,1555.199951171875
2019-07-10,1534.719970703125,1507.8399658203125
2019-07-11,1486.719970703125,1482.8800048828125
2019-07-12,1472.6400146484375,1459.199951171875
2019-07-15,1452.1600341796875,1453.43994140625
2019-07-16,1446.4000244140625,1457.9200439453125
2019-07-17,1445.1199951171875,1495.0400390625
2019-07-18,1493.760009765625,1479.3599853515625
2019-07-19,1450.8800048828125,1496.3199462890625
2019-07-22,1494.4000244140625,1466.239990234375
2019-07-23,1440.6400146484375,1414.4000244140625
2019-07-24,1429.760009765625,1378.56005859375
2019-07-25,1386.239990234375,1420.800048828125
2019-07-26,1394.56005859375,1384.9599609375
2019-07-29,1388.1600341796875,1397.1199951171875
2019-07-30,1424.6400146484375,1429.760009765625
2019-07-31,1427.8399658203125,1509.760009765625
2019-08-01,1512.9599609375,1628.800048828125
2019-08-02,1632.0,1642.239990234375
2019-08-05,1758.0799560546875,1875.199951171875
2019-08-06,1806.0799560546875,1758.719970703125
2019-08-07,1884.1600341796875,1767.6800537109375
2019-08-08,1731.8399658203125,1662.719970703125
2019-08-09,1691.52001953125,1723.52001953125
2019-08-12,1750.4000244140625,1848.9599609375
2019-08-13,1878.4000244140625,1712.6400146484375
2019-08-14,1829.760009765625,1949.760009765625
2019-08-15,1902.0799560546875,1898.8800048828125
2019-08-16,1861.760009765625,1793.9200439453125
2019-08-19,1718.4000244140625,1662.719970703125
2019-08-20,1680.6400146484375,1702.4000244140625
2019-08-21,1633.9200439453125,1619.199951171875
2019-08-22,1605.760009765625,1648.0
2019-08-23,1704.3199462890625,1853.43994140625
2019-08-26,1761.9200439453125,1798.4000244140625
2019-08-27,1768.3199462890625,1834.8800048828125
2019-08-28,1877.1199951171875,1793.280029296875
2019-08-29,1739.52001953125,1718.4000244140625
2019-08-30,1683.199951171875,1728.0
2019-09-03,1792.0,1804.1600341796875
2019-09-04,1733.760009765625,1692.800048828125
2019-09-05,1650.56005859375,1630.0799560546875
2019-09-06,1608.9599609375,1582.0799560546875
2019-09-09,1553.280029296875,1566.719970703125
2019-09-10,1588.47998046875,1561.5999755859375
2019-09-11,1559.6800537109375,1537.280029296875
2019-09-12,1508.47998046875,1500.800048828125
2019-09-13,1482.239990234375,1477.1199951171875
2019-09-16,1510.4000244140625,1498.8800048828125
2019-09-17,1503.3599853515625,1491.8399658203125
2019-09-18,1478.4000244140625,1443.8399658203125
2019-09-19,1424.0,1417.5999755859375
2019-09-20,1402.8800048828125,1490.56005859375
2019-09-23,1496.3199462890625,1477.760009765625
2019-09-24,1441.280029296875,1546.239990234375
2019-09-25,1542.4000244140625,1511.0400390625
2019-09-26,1507.199951171875,1523.8399658203125
2019-09-27,1504.6400146484375,1565.43994140625
2019-09-30,1547.52001953125,1519.3599853515625
2019-10-01,1480.3199462890625,1586.56005859375
2019-10-02,1630.719970703125,1692.800048828125
2019-10-03,1687.0400390625,1628.1600341796875
2019-10-04,1616.0,1541.760009765625
2019-10-07,1562.8800048828125,1553.280029296875
2019-10-08,1612.800048828125,1679.3599853515625
2019-10-09,1628.800048828125,1623.0400390625
2019-10-10,1620.47998046875,1563.52001953125
2019-10-11,1516.800048828125,1473.280029296875
2019-10-14,1478.4000244140625,1425.280029296875
2019-10-15,1397.760009765625,1388.1600341796875
2019-10-16,1386.239990234375,1370.8800048828125
2019-10-17,1357.43994140625,1362.56005859375
2019-10-18,1368.3199462890625,1359.3599853515625
2019-10-21,1344.0,1323.52001953125
2019-10-22,1317.1199951171875,1344.6400146484375
2019-10-23,1353.5999755859375,1328.0
2019-10-24,1316.47998046875,1309.43994140625
2019-10-25,1316.47998046875,1266.56005859375
2019-10-28,1261.43994140625,1278.719970703125
2019-10-29,1290.8800048828125,1277.43994140625
2019-10-30,1278.0799560546875,1246.0799560546875
2019-10-31,1259.52001953125,1264.0
2019-11-01,1226.239990234375,1207.6800537109375
2019-11-04,1191.0400390625,1209.5999755859375
2019-11-05,1216.0,1234.56005859375
2019-11-06,1236.47998046875,1230.0799560546875
2019-11-07,1205.1199951171875,1218.56005859375
2019-11-08,1221.760009765625,1192.9599609375
2019-11-11,1216.0,1188.47998046875
2019-11-12,1179.52001953125,1174.4000244140625
2019-11-13,1187.199951171875,1182.719970703125
2019-11-14,1185.9200439453125,1163.52001953125
2019-11-15,1145.5999755859375,1113.5999755859375
2019-11-18,1114.239990234375,1112.3199462890625
2019-11-19,1106.56005859375,1124.47998046875
2019-11-20,1128.3199462890625,1136.0
2019-11-21,1128.9599609375,1138.56005859375
2019-11-22,1120.6400146484375,1105.9200439453125
2019-11-25,1081.5999755859375,1057.9200439453125
2019-11-26,1049.5999755859375,1042.56005859375
2019-11-27,1033.9200439453125,1037.43994140625
2019-11-29,1046.4000244140625,1058.56005859375
2019-12-02,1057.280029296875,1113.5999755859375
2019-12-03,1199.3599853515625,1178.239990234375
2019-12-04,1141.760009765625,1123.8399658203125
2019-12-05,1106.56005859375,1109.1199951171875
2019-12-06,1066.8800048828125,1070.719970703125
2019-12-09,1075.199951171875,1126.4000244140625
2019-12-10,1120.0,1128.3199462890625
2019-12-11,1116.1600341796875,1102.0799560546875
2019-12-12,1099.52001953125,1036.800048828125
2019-12-13,1032.3199462890625,993.9199829101562
2019-12-16,964.47998046875,972.7999877929688
2019-12-17,963.2000122070312,965.760009765625
2019-12-18,954.239990234375,975.3599853515625
2019-12-19,971.52001953125,951.0399780273438
2019-12-20,947.8400268554688,962.5599975585938
2019-12-23,960.0,965.760009765625
2019-12-24,961.9199829101562,956.1599731445312
2019-12-26,948.47998046875,954.8800048828125
2019-12-27,951.0399780273438,974.719970703125
2019-12-30,983.0399780273438,1008.6400146484375
2019-12-31,1022.0800170898438,967.6799926757812
2020-01-02,941.4400024414062,928.6400146484375
2020-01-03,1002.8800048828125,978.5599975585938
2020-01-06,1007.3599853515625,965.1199951171875
2020-01-07,970.239990234375,960.6400146484375
2020-01-08,954.239990234375,947.2000122070312
2020-01-09,920.3200073242188,907.52001953125
2020-01-10,906.239990234375,903.6799926757812
2020-01-13,893.4400024414062,880.6400146484375
2020-01-14,882.5599975585938,874.239990234375
2020-01-15,874.239990234375,871.6799926757812
2020-01-16,858.8800048828125,850.5599975585938
2020-01-17,850.5599975585938,852.47998046875
2020-01-21,864.0,859.52001953125
2020-01-22,842.8800048828125,866.5599975585938
2020-01-23,880.0,863.3599853515625
2020-01-24,849.280029296875,911.3599853515625
2020-01-27,990.0800170898438,1005.4400024414062
2020-01-28,981.1199951171875,949.1199951171875
2020-01-29,932.47998046875,950.4000244140625
2020-01-30,986.8800048828125,934.4000244140625
2020-01-31,954.239990234375,1036.800048828125
2020-02-03,1010.5599975585938,997.1199951171875
2020-02-04,954.239990234375,949.1199951171875
2020-02-05,914.5599975585938,908.7999877929688
2020-02-06,901.1199951171875,901.760009765625
2020-02-07,928.0,920.3200073242188
2020-02-10,928.6400146484375,902.4000244140625
2020-02-11,888.3200073242188,903.6799926757812
2020-02-12,887.0399780273438,857.5999755859375
2020-02-13,885.760009765625,876.1599731445312
2020-02-14,867.8400268554688,865.280029296875
2020-02-18,881.9199829101562,880.6400146484375
2020-02-19,864.6400146484375,867.8400268554688
2020-02-20,871.0399780273438,898.5599975585938
2020-02-21,926.719970703125,953.5999755859375
2020-02-24,1098.239990234375,1130.8800048828125
2020-02-25,1091.8399658203125,1237.760009765625
2020-02-26,1198.0799560546875,1211.52001953125
2020-02-27,1321.5999755859375,1408.0
2020-02-28,1581.43994140625,1459.8399658203125
2020-03-02,1420.800048828125,1409.9200439453125
2020-03-03,1404.800048828125,1564.800048828125
2020-03-04,1497.5999755859375,1472.0
2020-03-05,1611.52001953125,1707.52001953125
2020-03-06,2026.239990234375,1908.47998046875
2020-03-09,2601.60009765625,2365.43994140625
2020-03-10,2112.0,2183.0400390625
2020-03-11,2357.760009765625,2474.239990234375
2020-03-12,2886.39990234375,3031.0400390625
2020-03-13,2695.679931640625,2764.800048828125
2020-03-16,3520.0,3789.43994140625
2020-03-17,3685.1201171875,3744.639892578125
2020-03-18,4220.7998046875,4416.0
2020-03-19,4723.2001953125,3968.0
2020-03-20,3800.320068359375,3875.199951171875
2020-03-23,3671.679931640625,3272.320068359375
2020-03-24,2679.0400390625,3017.60009765625
2020-03-25,3083.52001953125,3257.60009765625
2020-03-26,3145.60009765625,2919.679931640625
2020-03-27,3221.760009765625,3238.39990234375
2020-03-30,3233.280029296875,3112.320068359375
2020-03-31,3136.0,2960.0
2020-04-01,3162.8798828125,3214.080078125
2020-04-02,3173.1201171875,3031.0400390625
2020-04-03,3008.0,2908.800048828125
2020-04-06,2695.0400390625,2701.43994140625
2020-04-07,2618.239990234375,2778.239990234375
2020-04-08,2741.760009765625,2713.60009765625
2020-04-09,2696.320068359375,2660.47998046875
2020-04-13,2643.199951171875,2605.43994140625
2020-04-14,2457.60009765625,2394.239990234375
2020-04-15,2560.0,2586.239990234375
2020-04-16,2613.760009765625,2607.360107421875
2020-04-17,2499.840087890625,2499.199951171875
2020-04-20,2634.8798828125,2741.760009765625
2020-04-21,2946.56005859375,2970.8798828125
2020-04-22,2862.080078125,2828.159912109375
2020-04-23,2782.719970703125,2819.840087890625
2020-04-24,2762.8798828125,2657.280029296875
2020-04-27,2589.43994140625,2461.43994140625
2020-04-28,2374.39990234375,2500.47998046875
2020-04-29,2359.0400390625,2349.1201171875
2020-04-30,2399.360107421875,2423.679931640625
2020-05-01,2630.39990234375,2636.159912109375
2020-05-04,2725.1201171875,2576.639892578125
2020-05-05,2476.800048828125,2474.8798828125
2020-05-06,2430.719970703125,2509.43994140625
2020-05-07,2424.320068359375,2398.080078125
2020-05-08,2333.43994140625,2236.800048828125
2020-05-11,2296.9599609375,2087.679931640625
2020-05-12,2024.1920166015625,2297.60009765625
2020-05-13,2325.760009765625,2537.60009765625
2020-05-14,2660.47998046875,2398.080078125
2020-05-15,2512.0,2342.39990234375
2020-05-18,2182.39990234375,2191.360107421875
2020-05-19,2203.52001953125,2305.919921875
2020-05-20,2199.0400390625,2156.800048828125
2020-05-21,2164.47998046875,2219.52001953125
2020-05-22,2233.60009765625,2198.39990234375
2020-05-26,2094.719970703125,2165.1201171875
2020-05-27,2109.43994140625,2121.60009765625
2020-05-28,2147.840087890625,2206.719970703125
2020-05-29,2218.239990234375,2120.320068359375
2020-06-01,2179.840087890625,2138.8798828125
2020-06-02,2126.080078125,2079.360107421875
2020-06-03,2040.3199462890625,1989.760009765625
2020-06-04,2002.56005859375,1973.760009765625
2020-06-05,1853.43994140625,1866.8800048828125
2020-06-08,1857.280029296875,1908.47998046875
2020-06-09,1964.1600341796875,2001.280029296875
2020-06-10,2016.0,1992.3199462890625
2020-06-11,2212.47998046875,2663.0400390625
2020-06-12,2457.60009765625,2477.43994140625
2020-06-15,2702.080078125,2414.080078125
2020-06-16,2257.919921875,2359.679931640625
2020-06-17,2341.1201171875,2366.719970703125
2020-06-18,2402.56005859375,2323.840087890625
2020-06-19,2268.159912109375,2360.9599609375
2020-06-22,2377.60009765625,2245.760009765625
2020-06-23,2145.280029296875,2204.800048828125
2020-06-24,2284.800048828125,2350.080078125
2020-06-25,2389.1201171875,2264.9599609375
2020-06-26,2268.800048828125,2400.0
2020-06-29,2360.320068359375,2283.52001953125
2020-06-30,2303.743896484375,2172.800048828125
2020-07-01,2135.679931640625,2104.9599609375
2020-07-02,2019.199951171875,2068.47998046875
2020-07-06,2001.280029296875,2065.919921875
2020-07-07,2083.199951171875,2136.9599609375
2020-07-08,2104.9599609375,2083.199951171875
2020-07-09,2085.760009765625,2115.840087890625
2020-07-10,2129.919921875,2057.60009765625
2020-07-13,2035.8399658203125,2255.360107421875
2020-07-14,2257.280029296875,2125.43994140625
2020-07-15,2062.080078125,2064.639892578125
2020-07-16,2116.47998046875,2032.6400146484375
2020-07-17,2011.52001953125,1959.6800537109375
2020-07-20,1934.0799560546875,1870.719970703125
2020-07-21,1824.0,1887.3599853515625
2020-07-22,1897.5999755859375,1866.239990234375
2020-07-23,1849.5999755859375,1924.47998046875
2020-07-24,1985.280029296875,1930.8800048828125
2020-07-27,1906.56005859375,1877.760009765625
2020-07-28,1877.1199951171875,1866.8800048828125
2020-07-29,1841.280029296875,1828.47998046875
2020-07-30,1911.0400390625,1868.800048828125
2020-07-31,1818.8800048828125,1825.280029296875
2020-08-03,1811.8399658203125,1821.43994140625
2020-08-04,1815.0400390625,1767.6800537109375
2020-08-05,1739.52001953125,1730.56005859375
2020-08-06,1735.0400390625,1711.3599853515625
2020-08-07,1731.8399658203125,1697.9200439453125
2020-08-10,1672.9599609375,1648.0
2020-08-11,1609.5999755859375,1724.800048828125
2020-08-12,1659.52001953125,1633.9200439453125
2020-08-13,1642.8800048828125,1632.6400146484375
2020-08-14,1646.719970703125,1628.1600341796875
2020-08-17,1592.9599609375,1573.760009765625
2020-08-18,1560.3199462890625,1557.1199951171875
2020-08-19,1544.3199462890625,1585.280029296875
2020-08-20,1647.3599853515625,1568.0
2020-08-21,1596.1600341796875,1576.3199462890625
2020-08-24,1532.800048828125,1569.280029296875
2020-08-25,1574.4000244140625,1560.9599609375
2020-08-26,1551.3599853515625,1595.52001953125
2020-08-27,1580.1600341796875,1646.0799560546875
2020-08-28,1665.280029296875,1637.1199951171875
2020-08-31,1683.199951171875,1718.4000244140625
2020-09-01,1718.4000244140625,1745.280029296875
2020-09-02,1743.3599853515625,1788.1600341796875
2020-09-03,1812.47998046875,2029.43994140625
2020-09-04,1978.239990234375,1850.8800048828125
2020-09-08,1999.3599853515625,1809.9200439453125
2020-09-09,1763.904052734375,1717.1199951171875
2020-09-10,1701.760009765625,1736.3199462890625
2020-09-11,1688.9599609375,1633.280029296875
2020-09-14,1610.8800048828125,1604.47998046875
2020-09-15,1588.47998046875,1601.9200439453125
2020-09-16,1591.6800537109375,1597.43994140625
2020-09-17,1646.719970703125,1560.9599609375
2020-09-18,1549.43994140625,1559.6800537109375
2020-09-21,1625.5999755859375,1610.239990234375
2020-09-22,1607.6800537109375,1623.0400390625
2020-09-23,1617.280029296875,1708.800048828125
2020-09-24,1710.719970703125,1676.1600341796875
2020-09-25,1678.0799560546875,1634.56005859375
2020-09-28,1621.1199951171875,1623.0400390625
2020-09-29,1630.0799560546875,1596.1600341796875
2020-09-30,1575.0400390625,1593.5999755859375
2020-10-01,1575.0400390625,1600.6400146484375
2020-10-02,1683.8399658203125,1649.9200439453125
2020-10-05,1633.9200439453125,1598.0799560546875
2020-10-06,1584.6400146484375,1620.47998046875
2020-10-07,1589.1199951171875,1567.3599853515625
2020-10-08,1549.43994140625,1504.6400146484375
2020-10-09,1459.8399658203125,1426.56005859375
2020-10-12,1401.5999755859375,1398.4000244140625
2020-10-13,1414.4000244140625,1417.5999755859375
2020-10-14,1404.800048828125,1402.8800048828125
2020-10-15,1466.239990234375,1415.0400390625
2020-10-16,1413.1199951171875,1425.280029296875
2020-10-19,1417.5999755859375,1487.3599853515625
2020-10-20,1477.1199951171875,1486.719970703125
2020-10-21,1478.4000244140625,1451.52001953125
2020-10-22,1448.9599609375,1417.5999755859375
2020-10-23,1411.8399658203125,1418.8800048828125
2020-10-26,1452.800048828125,1546.8800048828125
2020-10-27,1546.751953125,1553.280029296875
2020-10-28,1670.4000244140625,1774.719970703125
2020-10-29,1738.8800048828125,1648.0
2020-10-30,1675.52001953125,1697.9200439453125
2020-11-02,1621.1199951171875,1660.1600341796875
2020-11-03,1609.5999755859375,1568.6400146484375
2020-11-04,1504.0,1430.4000244140625
2020-11-05,1384.9599609375,1406.719970703125
2020-11-06,1395.199951171875,1313.280029296875
2020-11-09,1221.1199951171875,1284.47998046875
2020-11-10,1252.47998046875,1246.0799560546875
2020-11-11,1225.5999755859375,1215.3599853515625
2020-11-12,1233.7919921875,1301.1199951171875
2020-11-13,1257.5999755859375,1221.1199951171875
2020-11-16,1191.0400390625,1186.56005859375
2020-11-17,1215.3599853515625,1171.199951171875
2020-11-18,1159.0400390625,1205.760009765625
2020-11-19,1202.56005859375,1192.9599609375
2020-11-20,1191.6800537109375,1190.4000244140625
2020-11-23,1174.4000244140625,1175.0400390625
2020-11-24,1150.719970703125,1155.199951171875
2020-11-25,1156.47998046875,1112.9599609375
2020-11-27,1104.0,1120.6400146484375
2020-11-30,1124.47998046875,1099.52001953125
2020-12-01,1088.6400146484375,1110.4000244140625
2020-12-02,1112.3199462890625,1104.6400146484375
2020-12-03,1091.199951171875,1114.8800048828125
2020-12-04,1101.43994140625,1095.0400390625
2020-12-07,1106.56005859375,1101.43994140625
2020-12-08,1108.47998046875,1061.760009765625
2020-12-09,1050.239990234375,1100.800048828125
2020-12-10,1109.760009765625,1111.0400390625
2020-12-11,1138.56005859375,1152.0
2020-12-14,1114.8800048828125,1178.239990234375
2020-12-15,1151.3599853515625,1123.8399658203125
2020-12-16,1121.280029296875,1087.3599853515625
2020-12-17,1089.280029296875,1072.0
2020-12-18,1080.3199462890625,1093.1199951171875
2020-12-21,1201.9200439453125,1180.1600341796875
2020-12-22,1166.719970703125,1159.0400390625
2020-12-23,1134.0799560546875,1112.3199462890625
2020-12-24,1096.3199462890625,1080.3199462890625
2020-12-28,1064.3199462890625,1076.47998046875
2020-12-29,1061.1199951171875,1115.52001953125
2020-12-30,1110.4000244140625,1075.199951171875
2020-12-31,1073.9200439453125,1074.56005859375
2021-01-04,1073.280029296875,1168.0
2021-01-05,1196.1600341796875,1128.9599609375
2021-01-06,1118.0799560546875,1123.199951171875
2021-01-07,1075.199951171875,1056.0
2021-01-08,1049.5999755859375,1046.4000244140625
2021-01-11,1084.800048828125,1109.760009765625
2021-01-12,1084.800048828125,1072.0
2021-01-13,1071.3599853515625,1055.3599853515625
2021-01-14,1046.4000244140625,1067.52001953125
2021-01-15,1083.52001953125,1095.0400390625
2021-01-19,1068.1600341796875,1064.3199462890625
2021-01-20,1050.239990234375,1043.8399658203125
2021-01-21,1044.47998046875,1035.52001953125
2021-01-22,1061.1199951171875,1049.5999755859375
2021-01-25,1059.199951171875,1091.8399658203125
2021-01-26,1072.6400146484375,1100.800048828125
2021-01-27,1130.8800048828125,1296.0
2021-01-28,1240.3199462890625,1266.56005859375
2021-01-29,1298.56005859375,1349.1199951171875
2021-02-01,1285.760009765625,1272.3199462890625
2021-02-02,1210.239990234375,1164.1600341796875
2021-02-03,1138.56005859375,1104.0
2021-02-04,1080.3199462890625,1056.0
2021-02-05,1050.8800048828125,1054.0799560546875
2021-02-08,1048.3199462890625,1045.1199951171875
2021-02-09,1059.8399658203125,1049.5999755859375
2021-02-10,1042.56005859375,1066.8800048828125
2021-02-11,1053.43994140625,1041.9200439453125
2021-02-12,1051.52001953125,1007.3599853515625
2021-02-16,1011.8400268554688,1018.239990234375
2021-02-17,1034.239990234375,997.1199951171875
2021-02-18,1025.280029296875,1002.239990234375
2021-02-19,993.280029296875,966.4000244140625
2021-02-22,998.4000244140625,1006.719970703125
2021-02-23,1012.47998046875,965.1199951171875
2021-02-24,990.719970703125,926.719970703125
2021-02-25,947.2000122070312,1074.56005859375
2021-02-26,1029.1839599609375,1025.9200439453125
2021-03-01,965.1199951171875,949.760009765625
2021-03-02,951.6799926757812,958.0800170898438
2021-03-03,951.0399780273438,999.0399780273438
2021-03-04,987.52001953125,1041.280029296875
2021-03-05,1001.5999755859375,967.6799926757812
2021-03-08,969.5999755859375,984.9600219726562
2021-03-09,957.4400024414062,945.280029296875
2021-03-10,919.6799926757812,933.1199951171875
2021-03-11,918.4000244140625,910.0800170898438
2021-03-12,926.719970703125,892.7999877929688
2021-03-15,890.239990234375,842.239990234375
2021-03-16,840.9600219726562,842.239990234375
2021-03-17,851.2000122070312,805.760009765625
2021-03-18,823.0399780273438,850.5599975585938
2021-03-19,845.4400024414062,817.280029296875
2021-03-22,807.6799926757812,764.1599731445312
2021-03-23,769.9199829101562,800.0
2021-03-24,783.3599853515625,807.0399780273438
2021-03-25,812.1599731445312,782.719970703125
2021-03-26,768.6400146484375,751.3599853515625
2021-03-29,768.6400146484375,768.6400146484375
2021-03-30,768.6400146484375,735.3599853515625
2021-03-31,728.3200073242188,729.5999755859375
2021-04-01,720.0,707.2000122070312
2021-04-05,685.4400024414062,689.280029296875
2021-04-06,688.6400146484375,689.280029296875
2021-04-07,689.280029296875,671.3599853515625
2021-04-08,661.760009765625,661.1199951171875
2021-04-09,666.8800048828125,659.8400268554688
2021-04-12,664.9600219726562,650.239990234375
2021-04-13,650.8800048828125,645.760009765625
2021-04-14,648.3200073242188,659.8400268554688
2021-04-15,643.8400268554688,638.0800170898438
2021-04-16,637.4400024414062,627.8400268554688
2021-04-19,632.9600219726562,650.8800048828125
2021-04-20,659.2000122070312,665.5999755859375
2021-04-21,668.7999877929688,629.760009765625
2021-04-22,629.1199951171875,668.7999877929688
2021-04-23,661.9199829101562,642.719970703125
2021-04-26,636.3200073242188,637.1199951171875
2021-04-27,633.4400024414062,624.1599731445312
2021-04-28,621.4400024414062,621.9199829101562
2021-04-29,610.4000244140625,617.1199951171875
2021-04-30,630.5599975585938,642.5599975585938
2021-05-03,627.2000122070312,620.0
2021-05-04,636.0,643.3599853515625
2021-05-05,632.0,627.0399780273438
2021-05-06,628.7999877929688,623.2000122070312
2021-05-07,622.719970703125,587.8400268554688
2021-05-10,586.8800048828125,613.5999755859375
2021-05-11,648.47998046875,659.3599853515625
2021-05-12,684.47998046875,774.3200073242188
2021-05-13,730.8800048828125,700.0
2021-05-14,663.52001953125,617.6799926757812
2021-05-17,629.9199829101562,637.9199829101562
2021-05-18,630.0800170898438,647.2000122070312
2021-05-19,689.760009765625,677.5999755859375
2021-05-20,658.8800048828125,639.8400268554688
2021-05-21,629.280029296875,631.6799926757812
2021-05-24,618.719970703125,603.6799926757812
2021-05-25,599.52001953125,603.2000122070312
2021-05-26,594.239990234375,574.4000244140625
2021-05-27,568.0,546.5599975585938
2021-05-28,541.1199951171875,555.2000122070312
2021-06-01,541.5999755859375,568.47998046875
2021-06-02,561.9199829101562,553.760009765625
2021-06-03,570.8159790039062,564.0
2021-06-04,546.0800170898438,534.239990234375
2021-06-07,533.760009765625,524.6400146484375
2021-06-08,521.5999755859375,530.239990234375
2021-06-09,524.9600219726562,538.8800048828125
2021-06-10,524.6400146484375,507.67999267578125
2021-06-11,496.9599914550781,493.1199951171875
2021-06-14,491.67999267578125,497.760009765625
2021-06-15,500.0,508.6400146484375
2021-06-16,501.9200134277344,513.1199951171875
2021-06-17,514.5599975585938,510.239990234375
2021-06-18,534.239990234375,555.0399780273438
2021-06-21,535.2000122070312,520.6400146484375
2021-06-22,523.8400268554688,493.9200134277344
2021-06-23,487.5199890136719,484.6400146484375
2021-06-24,472.32000732421875,475.20001220703125
2021-06-25,472.9599914550781,466.3999938964844
2021-06-28,463.67999267578125,466.3999938964844
2021-06-29,463.8399963378906,476.32000732421875
2021-06-30,479.8399963378906,471.3599853515625
2021-07-01,466.3999938964844,463.67999267578125
2021-07-02,452.32000732421875,462.55999755859375
2021-07-06,458.55999755859375,473.1199951171875
2021-07-07,468.0,474.0799865722656
2021-07-08,515.8400268554688,504.79998779296875
2021-07-09,489.44000244140625,470.8800048828125
2021-07-12,472.1600036621094,467.8399963378906
2021-07-13,468.0,473.44000244140625
2021-07-14,462.239990234375,462.55999755859375
2021-07-15,474.8800048828125,469.2799987792969
2021-07-16,459.0400085449219,488.79998779296875
2021-07-19,516.9600219726562,558.5599975585938
2021-07-20,554.239990234375,511.5199890136719
2021-07-21,499.8399963378906,479.0400085449219
2021-07-22,481.9200134277344,487.5199890136719
2021-07-23,477.1199951171875,485.2799987792969
2021-07-26,491.0400085449219,477.6000061035156
2021-07-27,488.1600036621094,493.760009765625
2021-07-28,488.6400146484375,479.8399963378906
2021-07-29,477.6000061035156,471.8399963378906
2021-07-30,488.79998779296875,483.3599853515625
2021-08-02,478.0799865722656,502.0799865722656
2021-08-03,494.0799865722656,476.9599914550781
2021-08-04,485.9200134277344,476.32000732421875
2021-08-05,472.0,464.79998779296875
2021-08-06,460.1600036621094,452.79998779296875
2021-08-09,451.67999267578125,448.1600036621094
2021-08-10,442.0799865722656,440.4800109863281
2021-08-11,436.9599914550781,428.4800109863281
2021-08-12,431.3599853515625,419.8399963378906
2021-08-13,413.9200134277344,420.4800109863281
2021-08-16,430.8800048828125,421.1199951171875
2021-08-17,434.7200012207031,435.20001220703125
2021-08-18,441.2799987792969,465.1199951171875
2021-08-19,486.55999755859375,480.239990234375
2021-08-20,472.9599914550781,444.1600036621094
2021-08-23,431.8399963378906,428.9599914550781
2021-08-24,426.8800048828125,427.3599853515625
2021-08-25,425.9200134277344,418.0799865722656
2021-08-26,424.0,436.0
2021-08-27,429.44000244140625,413.6000061035156
2021-08-30,408.6400146484375,409.44000244140625
2021-08-31,412.0,407.8399963378906
2021-09-01,405.2799987792969,397.1199951171875
2021-09-02,393.1199951171875,396.32000732421875
2021-09-03,403.20001220703125,399.0400085449219
2021-09-07,401.9200134277344,408.79998779296875
2021-09-08,416.6400146484375,408.1600036621094
2021-09-09,411.5199890136719,416.79998779296875
2021-09-10,402.3999938964844,432.9599914550781
2021-09-13,414.239990234375,417.44000244140625
2021-09-14,411.20001220703125,423.3599853515625
2021-09-15,415.5199890136719,406.8800048828125
2021-09-16,409.2799987792969,402.8800048828125
2021-09-17,404.79998779296875,428.9599914550781
2021-09-20,462.7200012207031,475.8399963378906
2021-09-21,462.3999938964844,461.760009765625
2021-09-22,446.7200012207031,433.1199951171875
2021-09-23,419.20001220703125,405.760009765625
2021-09-24,415.67999267578125,393.2799987792969
2021-09-27,395.8399963378906,397.1199951171875
2021-09-28,413.9200134277344,438.55999755859375
2021-09-29,435.8399963378906,444.9599914550781
2021-09-30,433.1199951171875,445.2799987792969
2021-10-01,435.67999267578125,429.1199951171875
2021-10-04,429.6000061035156,441.1199951171875
2021-10-05,437.44000244140625,424.79998779296875
2021-10-06,435.0400085449219,419.3599853515625
2021-10-07,412.32000732421875,404.1600036621094
2021-10-08,399.20001220703125,396.6400146484375
2021-10-11,400.0,401.9200134277344
2021-10-12,395.5199890136719,393.760009765625
2021-10-13,391.67999267578125,386.239990234375
2021-10-14,373.760009765625,364.9599914550781
2021-10-15,361.760009765625,364.6400146484375
2021-10-18,370.3999938964844,357.9200134277344
2021-10-19,355.5199890136719,354.3999938964844
2021-10-20,355.20001220703125,351.20001220703125
2021-10-21,353.44000244140625,339.5199890136719
2021-10-22,340.79998779296875,347.20001220703125
2021-10-25,344.0,336.9599914550781
2021-10-26,333.2799987792969,343.5199890136719
2021-10-27,342.0799865722656,351.20001220703125
2021-10-28,345.1199951171875,340.32000732421875
2021-10-29,348.79998779296875,343.0400085449219
2021-11-01,339.8399963378906,337.6000061035156
2021-11-02,336.6400146484375,328.4800109863281
2021-11-03,329.44000244140625,317.1199951171875
2021-11-04,313.6000061035156,320.79998779296875
2021-11-05,318.3999938964844,333.2799987792969
2021-11-08,328.1600036621094,333.760009765625
2021-11-09,336.4800109863281,339.3599853515625
2021-11-10,346.3999938964844,345.6000061035156
2021-11-11,337.6000061035156,338.239990234375
2021-11-12,332.1600036621094,325.760009765625
2021-11-15,321.760009765625,321.9200134277344
2021-11-16,324.32000732421875,323.0400085449219
2021-11-17,322.0799865722656,328.32000732421875
2021-11-18,324.79998779296875,331.3599853515625
2021-11-19,332.9599914550781,335.3599853515625
2021-11-22,328.1600036621094,341.2799987792969
2021-11-23,341.44000244140625,333.6000061035156
2021-11-24,341.6000061035156,328.79998779296875
2021-11-26,367.5199890136719,418.55999755859375
2021-11-29,370.55999755859375,352.79998779296875
2021-11-30,375.8399963378906,407.3599853515625
2021-12-01,378.0799865722656,436.79998779296875
2021-12-02,423.5199890136719,411.5199890136719
2021-12-03,408.0,447.3599853515625
2021-12-06,431.5199890136719,412.4800109863281
2021-12-07,388.4800109863281,366.3999938964844
2021-12-08,363.20001220703125,344.32000732421875
2021-12-09,345.44000244140625,355.20001220703125
2021-12-10,338.239990234375,332.4800109863281
2021-12-13,335.67999267578125,346.239990234375
2021-12-14,357.6000061035156,350.8800048828125
2021-12-15,354.0799865722656,326.8800048828125
2021-12-16,320.9599914550781,340.6400146484375
2021-12-17,353.760009765625,351.5199890136719
2021-12-20,384.0,364.4800109863281
2021-12-21,352.4800109863281,346.55999755859375
2021-12-22,345.760009765625,326.55999755859375
2021-12-23,323.20001220703125,322.8800048828125
2021-12-27,320.32000732421875,315.20001220703125
2021-12-28,313.44000244140625,307.3599853515625
2021-12-29,306.8800048828125,299.3599853515625
2021-12-30,297.760009765625,299.3599853515625
2021-12-31,298.3999938964844,296.4800109863281
2022-01-03,292.4800109863281,286.3999938964844
2022-01-04,284.1600036621094,286.0799865722656
2022-01-05,288.32000732421875,308.6400146484375
2022-01-06,309.9200134277344,310.0799865722656
2022-01-07,309.1199951171875,301.1199951171875
2022-01-10,312.6400146484375,295.5199890136719
2022-01-11,299.5199890136719,285.1199951171875
2022-01-12,281.44000244140625,282.0799865722656
2022-01-13,281.2799987792969,299.8399963378906
2022-01-14,309.9200134277344,295.20001220703125
2022-01-18,308.0,318.239990234375
2022-01-19,311.5199890136719,325.760009765625
2022-01-20,317.760009765625,339.8399963378906
2022-01-21,345.6000061035156,371.20001220703125
2022-01-24,400.1600036621094,379.5199890136719
2022-01-25,405.2799987792969,381.760009765625
2022-01-26,364.79998779296875,389.1199951171875
2022-01-27,369.6000061035156,391.8399963378906
2022-01-28,383.8399963378906,367.20001220703125
2022-01-31,371.3599853515625,342.55999755859375
2022-02-01,336.1600036621094,317.44000244140625
2022-02-02,315.3599853515625,310.7200012207031
2022-02-03,330.239990234375,348.4800109863281
2022-02-04,344.32000732421875,336.0
2022-02-07,328.0,326.7200012207031
2022-02-08,323.5199890136719,312.0
2022-02-09,303.0400085449219,299.3599853515625
2022-02-10,315.67999267578125,327.3599853515625
2022-02-11,327.5199890136719,371.8399963378906
2022-02-14,372.9599914550781,372.9599914550781
2022-02-15,346.8800048828125,342.239990234375
2022-02-16,347.20001220703125,328.4800109863281
2022-02-17,347.3599853515625,367.3599853515625
2022-02-18,370.8800048828125,375.20001220703125
2022-02-22,380.6400146484375,373.760009765625
2022-02-23,363.67999267578125,395.20001220703125
2022-02-24,438.3999938964844,382.79998779296875
2022-02-25,379.5199890136719,367.20001220703125
2022-02-28,395.20001220703125,384.0
2022-03-01,394.3999938964844,426.7200012207031
2022-03-02,420.9599914550781,399.3599853515625
2022-03-03,394.8800048828125,401.760009765625
2022-03-04,423.8399963378906,419.20001220703125
2022-03-07,420.79998779296875,455.8399963378906
2022-03-08,452.1600036621094,450.3999938964844
2022-03-09,427.1199951171875,432.4800109863281
2022-03-10,438.3999938964844,413.2799987792969
2022-03-11,400.4800109863281,421.44000244140625
2022-03-14,419.3599853515625,460.9599914550781
2022-03-15,494.239990234375,459.20001220703125
2022-03-16,472.6400146484375,415.20001220703125
2022-03-17,422.3999938964844,418.3999938964844
2022-03-18,438.0799865722656,400.0
2022-03-21,396.6400146484375,416.1600036621094
2022-03-22,408.6400146484375,407.1199951171875
2022-03-23,414.3999938964844,407.8399963378906
2022-03-24,400.32000732421875,403.20001220703125
2022-03-25,400.79998779296875,403.20001220703125
2022-03-28,411.5199890136719,411.67999267578125
2022-03-29,401.6000061035156,397.6000061035156
2022-03-30,404.4800109863281,400.0
2022-03-31,405.2799987792969,411.20001220703125
2022-04-01,409.1199951171875,400.4800109863281
2022-04-04,400.1600036621094,390.8800048828125
2022-04-05,393.6000061035156,396.9599914550781
2022-04-06,416.1600036621094,390.0799865722656
2022-04-07,394.8800048828125,384.79998779296875
2022-04-08,389.6000061035156,394.7200012207031
2022-04-11,406.0799865722656,417.6000061035156
2022-04-12,402.8800048828125,411.8399963378906
2022-04-13,412.0,393.44000244140625
2022-04-14,392.32000732421875,399.8399963378906
2022-04-18,402.3999938964844,404.9599914550781
2022-04-19,401.2799987792969,395.67999267578125
2022-04-20,389.760009765625,390.239990234375
2022-04-21,387.20001220703125,397.760009765625
2022-04-22,397.9200134277344,418.3999938964844
2022-04-25,425.6000061035156,396.79998779296875
2022-04-26,403.67999267578125,421.6000061035156
2022-04-27,416.1600036621094,435.20001220703125
2022-04-28,414.3999938964844,416.6400146484375
2022-04-29,424.1600036621094,443.3599853515625
2022-05-02,462.239990234375,440.0
2022-05-03,434.239990234375,432.79998779296875
2022-05-04,425.2799987792969,397.6000061035156
2022-05-05,400.9599914550781,432.0
2022-05-06,438.3999938964844,433.1199951171875
2022-05-09,453.2799987792969,448.1600036621094
2022-05-10,428.79998779296875,432.8800048828125
2022-05-11,434.3999938964844,436.4800109863281
2022-05-12,439.3599853515625,430.8800048828125
2022-05-13,420.32000732421875,415.5199890136719
2022-05-16,416.0,395.0400085449219
2022-05-17,385.1199951171875,396.6400146484375
2022-05-18,404.79998779296875,417.44000244140625
2022-05-19,420.6400146484375,405.67999267578125
2022-05-20,398.3999938964844,400.79998779296875
2022-05-23,396.9599914550781,384.9599914550781
2022-05-24,390.3999938964844,384.4800109863281
2022-05-25,390.3999938964844,378.3999938964844
2022-05-26,374.239990234375,372.1600036621094
2022-05-27,363.5199890136719,359.3599853515625
2022-05-31,364.79998779296875,360.9599914550781
2022-06-01,354.3999938964844,356.1600036621094
2022-06-02,358.239990234375,347.20001220703125
2022-06-03,354.55999755859375,350.239990234375
2022-06-06,345.760009765625,352.4800109863281
2022-06-07,352.1600036621094,346.7200012207031
2022-06-08,348.0,348.79998779296875
2022-06-09,348.0,370.0799865722656
2022-06-10,372.79998779296875,373.2799987792969
2022-06-13,394.0799865722656,413.44000244140625
2022-06-14,409.2799987792969,405.2799987792969
2022-06-15,396.79998779296875,383.5199890136719
2022-06-16,399.3599853515625,406.3999938964844
2022-06-17,402.3999938964844,394.55999755859375
2022-06-21,381.6000061035156,392.0
2022-06-22,397.6000061035156,381.44000244140625
2022-06-23,374.7200012207031,374.3999938964844
2022-06-24,369.44000244140625,369.9200134277344
2022-06-27,366.239990234375,361.6000061035156
2022-06-28,356.0,364.4800109863281
2022-06-29,368.0,365.44000244140625
2022-06-30,372.0,369.2799987792969
2022-07-01,370.8800048828125,360.6400146484375
2022-07-05,370.239990234375,360.79998779296875
2022-07-06,361.2799987792969,354.55999755859375
2022-07-07,353.9200134277344,357.2799987792969
2022-07-08,356.79998779296875,351.8399963378906
2022-07-11,355.67999267578125,355.3599853515625
2022-07-12,356.79998779296875,359.67999267578125
2022-07-13,365.760009765625,358.55999755859375
2022-07-14,367.8399963378906,357.1199951171875
2022-07-15,351.67999267578125,344.6400146484375
2022-07-18,339.8399963378906,350.55999755859375
2022-07-19,343.67999267578125,349.6000061035156
2022-07-20,347.8399963378906,345.1199951171875
2022-07-21,345.2799987792969,339.20001220703125
2022-07-22,337.760009765625,342.3999938964844
2022-07-25,320.9599914550781,338.3999938964844
2022-07-26,343.0400085449219,346.7200012207031
2022-07-27,339.20001220703125,340.9599914550781
2022-07-28,338.55999755859375,333.1199951171875
2022-07-29,335.0400085449219,335.0400085449219
2022-08-01,343.67999267578125,348.79998779296875
2022-08-02,350.8800048828125,346.3999938964844
2022-08-03,340.32000732421875,351.20001220703125
2022-08-04,354.3999938964844,341.1199951171875
2022-08-05,349.1199951171875,344.0
2022-08-08,341.6000061035156,353.1199951171875
2022-08-09,357.1199951171875,351.0400085449219
2022-08-10,344.79998779296875,343.0400085449219
2022-08-11,343.0400085449219,347.0400085449219
2022-08-12,345.1199951171875,352.79998779296875
2022-08-15,356.4800109863281,343.8399963378906
2022-08-16,341.9200134277344,340.6400146484375
2022-08-17,344.0,337.6000061035156
2022-08-18,338.3999938964844,338.239990234375
2022-08-19,341.6000061035156,338.55999755859375
2022-08-22,345.9200134277344,339.5199890136719
2022-08-23,337.9200134277344,322.239990234375
2022-08-24,322.3999938964844,316.79998779296875
2022-08-25,312.32000732421875,315.20001220703125
2022-08-26,312.0,322.3999938964844
2022-08-29,324.4800109863281,315.3599853515625
2022-08-30,315.20001220703125,311.67999267578125
2022-08-31,309.6000061035156,307.8399963378906
2022-09-01,305.9200134277344,311.0400085449219
2022-09-02,307.20001220703125,305.44000244140625
2022-09-06,301.1199951171875,308.0
2022-09-07,310.55999755859375,296.79998779296875
2022-09-08,298.3999938964844,291.5199890136719
2022-09-09,292.0,295.5199890136719
2022-09-12,292.0,290.3999938964844
2022-09-13,298.3999938964844,304.1600036621094
2022-09-14,303.67999267578125,305.44000244140625
2022-09-15,304.4800109863281,306.3999938964844
2022-09-16,316.4800109863281,316.9599914550781
2022-09-19,303.0400085449219,287.8399963378906
2022-09-20,290.0799865722656,294.55999755859375
2022-09-21,291.0400085449219,301.760009765625
2022-09-22,299.20001220703125,302.55999755859375
2022-09-23,308.1600036621094,317.1199951171875
2022-09-26,325.44000244140625,328.9599914550781
2022-09-27,320.9599914550781,335.20001220703125
2022-09-28,332.79998779296875,321.1199951171875
2022-09-29,329.6000061035156,329.9200134277344
2022-09-30,331.20001220703125,339.3599853515625
2022-10-03,327.67999267578125,322.3999938964844
2022-10-04,309.760009765625,310.239990234375
2022-10-05,315.8399963378906,312.32000732421875
2022-10-06,310.8800048828125,321.44000244140625
2022-10-07,325.6000061035156,334.55999755859375
2022-10-10,336.9599914550781,342.8800048828125
2022-10-11,345.44000244140625,348.1600036621094
2022-10-12,346.239990234375,344.6400146484375
2022-10-13,351.8399963378906,335.67999267578125
2022-10-14,328.9599914550781,343.20001220703125
2022-10-17,332.9599914550781,333.44000244140625
2022-10-18,326.8800048828125,327.0400085449219
2022-10-19,329.2799987792969,329.6000061035156
2022-10-20,327.67999267578125,325.2799987792969
2022-10-21,323.67999267578125,324.0
2022-10-24,320.4800109863281,319.0400085449219
2022-10-25,319.3599853515625,306.7200012207031
2022-10-26,308.9599914550781,299.67999267578125
2022-10-27,298.239990234375,293.760009765625
2022-10-28,293.9200134277344,286.8800048828125
2022-10-31,289.1199951171875,282.55999755859375
2022-11-01,279.8399963378906,279.8399963378906
2022-11-02,281.760009765625,287.0400085449219
2022-11-03,290.55999755859375,281.1199951171875
2022-11-04,274.8800048828125,277.6000061035156
2022-11-07,276.0,274.55999755859375
2022-11-08,272.32000732421875,282.55999755859375
2022-11-09,283.20001220703125,291.3599853515625
2022-11-10,274.8800048828125,275.3599853515625
2022-11-11,277.2799987792969,271.67999267578125
2022-11-14,272.0,271.67999267578125
2022-11-15,265.2799987792969,275.20001220703125
2022-11-16,271.5199890136719,267.8399963378906
2022-11-17,274.239990234375,265.2799987792969
2022-11-18,263.20001220703125,262.55999755859375
2022-11-21,263.0400085449219,255.52000427246094
2022-11-22,253.27999877929688,246.72000122070312
2022-11-23,247.36000061035156,241.27999877929688
2022-11-25,243.0399932861328,242.55999755859375
2022-11-28,247.52000427246094,251.52000427246094
2022-11-29,250.39999389648438,247.83999633789062
2022-11-30,248.0,238.72000122070312
2022-12-01,238.0800018310547,234.24000549316406
2022-12-02,239.0399932861328,230.0800018310547
2022-12-05,233.1199951171875,234.0800018310547
2022-12-06,233.44000244140625,241.1199951171875
2022-12-07,242.8800048828125,244.63999938964844
2022-12-08,244.32000732421875,239.67999267578125
2022-12-09,240.9600067138672,244.8000030517578
2022-12-12,244.32000732421875,243.36000061035156
2022-12-13,229.75999450683594,233.27999877929688
2022-12-14,232.8000030517578,225.27999877929688
2022-12-15,229.60000610351562,239.36000061035156
2022-12-16,244.63999938964844,240.16000366210938
2022-12-19,239.0399932861328,234.39999389648438
2022-12-20,235.1999969482422,232.63999938964844
2022-12-21,227.52000427246094,223.83999633789062
2022-12-22,225.27999877929688,236.0
2022-12-23,236.0,229.60000610351562
2022-12-27,229.75999450683594,229.44000244140625
2022-12-28,227.36000061035156,228.9600067138672
2022-12-29,225.60000610351562,226.0800018310547
2022-12-30,228.8000030517578,225.9199981689453
2023-01-03,224.0,223.83999633789062
2023-01-04,222.0800018310547,217.75999450683594
2023-01-05,220.0,219.52000427246094
2023-01-06,215.36000061035156,214.39999389648438
2023-01-09,213.1199951171875,215.52000427246094
2023-01-10,216.72000122070312,206.55999755859375
2023-01-11,205.1199951171875,207.52000427246094
2023-01-12,203.52000427246094,197.27999877929688
2023-01-13,198.72000122070312,192.32000732421875
2023-01-17,195.36000061035156,193.9199981689453
2023-01-18,192.0,200.8000030517578
2023-01-19,206.0800018310547,201.9199981689453
2023-01-20,200.16000366210938,194.72000122070312
2023-01-23,194.72000122070312,193.27999877929688
2023-01-24,194.24000549316406,185.75999450683594
2023-01-25,191.83999633789062,186.0800018310547
2023-01-26,183.83999633789062,183.1999969482422
2023-01-27,184.0,180.8000030517578
2023-01-30,185.1199951171875,185.27999877929688
2023-01-31,185.44000244140625,181.1199951171875
2023-02-01,180.63999938964844,175.67999267578125
2023-02-02,171.52000427246094,179.36000061035156
2023-02-03,184.63999938964844,181.1199951171875
2023-02-06,183.52000427246094,185.60000610351562
2023-02-07,187.0399932861328,179.83999633789062
2023-02-08,181.9199981689453,186.55999755859375
2023-02-09,183.1999969482422,192.47999572753906
2023-02-10,195.8560028076172,194.72000122070312
2023-02-13,191.83999633789062,187.0399932861328
2023-02-14,184.8000030517578,180.8000030517578
2023-02-15,181.27999877929688,177.1199951171875
2023-02-16,182.24000549316406,186.8800048828125
2023-02-17,189.9199981689453,186.72000122070312
2023-02-21,195.83999633789062,201.27999877929688
2023-02-22,202.0800018310547,195.52000427246094
2023-02-23,191.36000061035156,188.63999938964844
2023-02-24,195.52000427246094,196.0
2023-02-27,191.1999969482422,188.47999572753906
2023-02-28,188.47999572753906,184.63999938964844
2023-03-01,185.75999450683594,186.39999389648438
2023-03-02,189.75999450683594,179.52000427246094
2023-03-03,177.60000610351562,174.39999389648438
2023-03-06,172.63999938964844,171.36000061035156
2023-03-07,171.60000610351562,175.0800018310547
2023-03-08,176.44000244140625,172.1999969482422
2023-03-09,170.8800048828125,190.0399932861328
2023-03-10,190.8000030517578,211.72000122070312
2023-03-13,236.75999450683594,218.16000366210938
2023-03-14,202.75999450683594,206.63999938964844
2023-03-15,223.9199981689453,219.83999633789062
2023-03-16,228.72000122070312,201.83999633789062
2023-03-17,208.0,223.83999633789062
2023-03-20,224.0399932861328,212.39999389648438
2023-03-21,202.9600067138672,193.83999633789062
2023-03-22,193.8800048828125,202.16000366210938
2023-03-23,195.72000122070312,207.55999755859375
2023-03-24,213.0399932861328,198.9600067138672
2023-03-27,194.60000610351562,191.8800048828125
2023-03-28,190.75999450683594,186.55999755859375
2023-03-29,182.16000366210938,180.44000244140625
2023-03-30,179.32000732421875,180.44000244140625
2023-03-31,179.55999755859375,179.63999938964844
2023-04-03,179.60000610351562,175.63999938964844
2023-04-04,176.67999267578125,178.67999267578125
2023-04-05,179.75999450683594,177.0399932861328
2023-04-06,178.55999755859375,173.9199981689453
2023-04-10,174.8000030517578,172.24000549316406
2023-04-11,170.52000427246094,170.55999755859375
2023-04-12,167.1999969482422,171.60000610351562
2023-04-13,168.47999572753906,165.36000061035156
2023-04-14,166.32000732421875,162.44000244140625
2023-04-17,162.0,158.0
2023-04-18,157.32000732421875,156.9600067138672
2023-04-19,157.9600067138672,156.36000061035156
2023-04-20,159.8000030517578,159.8000030517578
2023-04-21,158.63999938964844,156.8000030517578
2023-04-24,157.1999969482422,155.9600067138672
2023-04-25,158.39999389648438,169.16000366210938
2023-04-26,166.60000610351562,164.8800048828125
2023-04-27,159.47999572753906,157.72000122070312
2023-04-28,156.8800048828125,151.44000244140625
2023-05-01,150.17999267578125,148.9600067138672
2023-05-02,151.52000427246094,155.55999755859375
2023-05-03,157.0,160.39999389648438
2023-05-04,163.83999633789062,168.24000549316406
2023-05-05,161.1999969482422,155.0
2023-05-08,154.16000366210938,152.44000244140625
2023-05-09,155.0800018310547,156.1199951171875
2023-05-10,151.0,151.36000061035156
2023-05-11,153.16000366210938,149.8800048828125
2023-05-12,148.16000366210938,150.0399932861328
2023-05-15,148.55999755859375,146.0
2023-05-16,147.32000732421875,150.44000244140625
2023-05-17,146.60000610351562,145.44000244140625
2023-05-18,144.9199981689453,139.60000610351562
2023-05-19,138.52000427246094,143.0800018310547
2023-05-22,143.39999389648438,143.24000549316406
2023-05-23,145.1999969482422,145.9600067138672
2023-05-24,149.75999450683594,151.83999633789062
2023-05-25,147.63999938964844,148.27999877929688
2023-05-26,144.9199981689453,142.60000610351562
2023-05-30,137.47999572753906,138.9199981689453
2023-05-31,139.75999450683594,137.83999633789062
2023-06-01,135.67999267578125,129.9600067138672
2023-06-02,126.72000122070312,124.72000122070312
2023-06-05,124.87999725341797,122.44000244140625
2023-06-06,121.76000213623047,115.12000274658203
2023-06-07,115.80000305175781,115.63999938964844
2023-06-08,116.0,112.83999633789062
2023-06-09,112.5199966430664,113.44000244140625
2023-06-12,113.87999725341797,113.95999908447266
2023-06-13,112.4000015258789,113.68000030517578
2023-06-14,113.23999786376953,110.27999877929688
2023-06-15,109.27999877929688,113.19999694824219
2023-06-16,113.36000061035156,109.19999694824219
2023-06-20,110.08000183105469,109.4000015258789
2023-06-21,108.16000366210938,107.16000366210938
2023-06-22,108.31999969482422,104.5999984741211
2023-06-23,107.12000274658203,105.91999816894531
2023-06-26,106.04000091552734,105.72000122070312
2023-06-27,104.80000305175781,103.08000183105469
2023-06-28,102.23999786376953,99.31999969482422
2023-06-29,99.80000305175781,101.4800033569336
2023-06-30,99.91999816894531,100.0
2023-07-03,99.63999938964844,98.95999908447266
2023-07-05,101.04000091552734,100.27999877929688
2023-07-06,105.04000091552734,106.04000091552734
2023-07-07,107.16000366210938,103.31999969482422
2023-07-10,103.76000213623047,102.63999938964844
2023-07-11,100.83999633789062,101.87999725341797
2023-07-12,98.5199966430664,96.27999877929688
2023-07-13,94.5199966430664,96.83999633789062
2023-07-14,96.87999725341797,95.68000030517578
2023-07-17,96.0,95.4800033569336
2023-07-18,95.31999969482422,93.91999816894531
2023-07-19,93.16000366210938,95.5999984741211
2023-07-20,96.5999984741211,95.95999908447266
2023-07-21,94.80000305175781,94.80000305175781
2023-07-24,94.72000122070312,93.19999694824219
2023-07-25,93.12000274658203,93.16000366210938
2023-07-26,94.27999877929688,90.68000030517578
2023-07-27,89.0,95.19999694824219
2023-07-28,91.68000030517578,91.5999984741211
2023-07-31,91.12000274658203,90.4000015258789
2023-08-01,92.87999725341797,91.80000305175781
2023-08-02,97.55999755859375,100.08000183105469
2023-08-03,103.5999984741211,99.76000213623047
2023-08-04,96.23999786376953,103.31999969482422
2023-08-07,101.04000091552734,97.91999816894531
2023-08-08,102.09600067138672,99.63999938964844
2023-08-09,98.80000305175781,98.76000213623047
2023-08-10,95.68000030517578,99.19999694824219
2023-08-11,101.04000091552734,95.31999969482422
2023-08-14,96.87999725341797,93.68000030517578
2023-08-15,95.44000244140625,99.08000183105469
2023-08-16,99.16000366210938,100.68000030517578
2023-08-17,99.5999984741211,105.5199966430664
2023-08-18,108.83999633789062,102.83999633789062
2023-08-21,101.80000305175781,100.12000274658203
2023-08-22,98.16000366210938,100.55999755859375
2023-08-23,99.4800033569336,97.22000122070312
2023-08-24,95.87999725341797,101.19999694824219
2023-08-25,99.95999908447266,96.80000305175781
2023-08-28,94.91999816894531,93.0
2023-08-29,92.76000213623047,90.68000030517578
2023-08-30,89.68000030517578,87.95999908447266
2023-08-31,87.5999984741211,86.0
2023-09-01,84.68000030517578,84.83999633789062
2023-09-05,85.19999694824219,85.4000015258789
2023-09-06,85.68000030517578,86.95999908447266
2023-09-07,89.83999633789062,86.83999633789062
2023-09-08,86.55999755859375,85.12000274658203
2023-09-11,83.63999938964844,83.12000274658203
2023-09-12,84.0,83.72000122070312
2023-09-13,83.04000091552734,82.04000091552734
2023-09-14,80.95999908447266,79.63999938964844
2023-09-15,80.14800262451172,82.72000122070312
2023-09-18,83.76000213623047,82.04000091552734
2023-09-19,82.12000274658203,81.63999938964844
2023-09-20,80.31999969482422,84.72000122070312
2023-09-21,88.63999938964844,91.23999786376953
2023-09-22,90.87999725341797,91.4800033569336
2023-09-25,94.12000274658203,91.5999984741211
2023-09-26,93.68000030517578,100.16000366210938
2023-09-27,97.23999786376953,95.87999725341797
2023-09-28,95.95999908447266,91.4800033569336
2023-09-29,88.04000091552734,93.27999877929688
2023-10-02,93.76000213623047,93.44000244140625
2023-10-03,96.04000091552734,102.23999786376953
2023-10-04,100.5999984741211,97.12000274658203
2023-10-05,96.95999908447266,95.76000213623047
2023-10-06,98.83999633789062,94.55999755859375
2023-10-09,97.72000122070312,93.23999786376953
2023-10-10,92.31999969482422,90.12000274658203
2023-10-11,89.0,88.4800033569336
2023-10-12,87.5199966430664,90.4000015258789
2023-10-13,90.19999694824219,101.27999877929688
2023-10-16,97.4800033569336,91.63999938964844
2023-10-17,95.04000091552734,94.19999694824219
2023-10-18,96.36000061035156,100.23999786376953
2023-10-19,98.68000030517578,105.19999694824219
2023-10-20,105.31999969482422,105.83999633789062
2023-10-23,107.76000213623047,102.19999694824219
2023-10-24,99.68000030517578,97.55999755859375
2023-10-25,98.04000091552734,103.91999816894531
2023-10-26,104.16000366210938,104.83999633789062
2023-10-27,102.83999633789062,108.31999969482422
2023-10-30,104.16000366210938,100.23999786376953
2023-10-31,99.83999633789062,93.80000305175781
2023-11-01,93.12000274658203,89.83999633789062
2023-11-02,87.80000305175781,86.76000213623047
2023-11-03,85.30000305175781,84.72000122070312
2023-11-06,83.68000030517578,81.91999816894531
2023-11-07,81.76000213623047,81.5199966430664
2023-11-08,80.55999755859375,80.0
2023-11-09,79.12000274658203,83.08000183105469
2023-11-10,81.5999984741211,79.72000122070312
2023-11-13,80.27999877929688,78.83999633789062
2023-11-14,76.04000091552734,78.23999786376953
2023-11-15,77.0,76.5999984741211
2023-11-16,76.4800033569336,75.4000015258789
2023-11-17,75.04000091552734,74.23999786376953
2023-11-20,73.80000305175781,73.68000030517578
2023-11-21,73.95999908447266,72.23999786376953
2023-11-22,71.31999969482422,72.80000305175781
2023-11-24,72.04000091552734,69.68000030517578
2023-11-27,70.31999969482422,70.16000366210938
2023-11-28,69.80000305175781,69.23999786376953
2023-11-29,68.55999755859375,70.23999786376953
2023-11-30,69.83999633789062,69.16000366210938
2023-12-01,68.80000305175781,68.91999816894531
2023-12-04,70.08000183105469,69.12000274658203
2023-12-05,69.4000015258789,68.63999938964844
2023-12-06,67.91999816894531,68.95999908447266
2023-12-07,68.63999938964844,69.0
2023-12-08,68.4000015258789,67.0
2023-12-11,66.76000213623047,65.4800033569336
2023-12-12,64.55999755859375,63.599998474121094
2023-12-13,63.20000076293945,62.84000015258789
2023-12-14,62.08000183105469,62.47999954223633
2023-12-15,62.84000015258789,64.55999755859375
2023-12-18,64.4800033569336,64.72000122070312
2023-12-19,65.19999694824219,65.68000030517578
2023-12-20,65.4000015258789,69.68000030517578
2023-12-21,68.73200225830078,68.23999786376953
2023-12-22,67.87999725341797,66.44000244140625
2023-12-26,66.27999877929688,64.87999725341797
2023-12-27,64.23999786376953,62.08000183105469
2023-12-28,61.84000015258789,61.91999816894531
2023-12-29,61.959999084472656,62.08000183105469
2024-01-02,63.79999923706055,62.08000183105469
2024-01-03,63.2599983215332,64.4000015258789
2024-01-04,64.4800033569336,64.31999969482422
2024-01-05,63.720001220703125,62.20000076293945
2024-01-08,62.15999984741211,60.7599983215332
2024-01-09,61.31999969482422,59.36000061035156
2024-01-10,58.959999084472656,58.720001220703125
2024-01-11,57.880001068115234,58.400001525878906
2024-01-12,58.20000076293945,59.36000061035156
2024-01-16,60.79999923706055,61.439998626708984
2024-01-17,63.279998779296875,63.7599983215332
2024-01-18,62.15999984741211,61.560001373291016
2024-01-19,60.31999969482422,60.0
2024-01-22,59.2400016784668,58.0
2024-01-23,57.2400016784668,56.31999969482422
2024-01-24,55.880001068115234,57.79999923706055
2024-01-25,57.68000030517578,58.439998626708984
2024-01-26,58.439998626708984,58.119998931884766
2024-01-29,58.15999984741211,58.36000061035156
2024-01-30,58.15999984741211,57.599998474121094
2024-01-31,57.720001220703125,60.52000045776367
2024-02-01,59.79999923706055,60.040000915527344
2024-02-02,59.7599983215332,59.959999084472656
2024-02-05,59.439998626708984,57.599998474121094
2024-02-06,57.08000183105469,56.20000076293945
2024-02-07,55.68000030517578,56.0
2024-02-08,55.84000015258789,55.68000030517578
2024-02-09,55.439998626708984,56.08000183105469
2024-02-12,55.720001220703125,57.279998779296875
2024-02-13,59.15999984741211,61.31999969482422
2024-02-14,59.0,58.279998779296875
2024-02-15,57.599998474121094,57.68000030517578
2024-02-16,58.040000915527344,57.599998474121094
2024-02-20,58.47999954223633,59.47999954223633
2024-02-21,59.784000396728516,58.959999084472656
2024-02-22,56.720001220703125,57.84000015258789
2024-02-23,56.875999450683594,55.720001220703125
2024-02-26,55.2400016784668,55.15999984741211
2024-02-27,54.47999954223633,54.119998931884766
2024-02-28,54.47999954223633,55.0
2024-02-29,54.0,54.2400016784668
2024-03-01,53.720001220703125,54.400001525878906
2024-03-04,54.15999984741211,54.279998779296875
2024-03-05,54.79999923706055,56.52000045776367
2024-03-06,55.20000076293945,56.720001220703125
2024-03-07,55.52000045776367,56.439998626708984
2024-03-08,55.63999938964844,57.91999816894531
2024-03-11,58.439998626708984,57.31999969482422
2024-03-12,55.91999816894531,54.52000045776367
2024-03-13,54.279998779296875,54.2400016784668
2024-03-14,53.880001068115234,55.63999938964844
2024-03-15,56.487998962402344,56.7599983215332
2024-03-18,55.880001068115234,55.439998626708984
2024-03-19,55.560001373291016,53.880001068115234
2024-03-20,54.0,52.7599983215332
2024-03-21,52.040000915527344,52.279998779296875
2024-03-22,52.52000045776367,52.52000045776367
2024-03-25,52.560001373291016,52.31999969482422
2024-03-26,51.7599983215332,52.040000915527344
2024-03-27,51.36000061035156,51.08000183105469
2024-03-28,51.20000076293945,51.880001068115234
2024-04-01,51.959999084472656,52.560001373291016
2024-04-02,54.36000061035156,53.79999923706055
2024-04-03,54.63999938964844,53.439998626708984
2024-04-04,52.63999938964844,55.97999954223633
2024-04-05,56.720001220703125,57.040000915527344
2024-04-08,56.0,54.79999923706055
2024-04-09,54.560001373291016,54.400001525878906
2024-04-10,55.7599983215332,55.439998626708984
2024-04-11,55.599998474121094,54.36000061035156
2024-04-12,56.79999923706055,59.15999984741211
2024-04-15,57.400001525878906,62.439998626708984
2024-04-16,61.959999084472656,60.31999969482422
2024-04-17,60.0,59.720001220703125
2024-04-18,58.91999816894531,59.880001068115234
2024-04-19,60.119998931884766,61.84000015258789
2024-04-22,59.47999954223633,57.08000183105469
2024-04-23,55.880001068115234,54.84000015258789
2024-04-24,54.560001373291016,54.279998779296875
2024-04-25,57.36000061035156,55.52000045776367
2024-04-26,53.959999084472656,53.720001220703125
2024-04-29,53.15999984741211,52.79999923706055
2024-04-30,53.0,54.439998626708984
2024-05-01,55.0,54.7599983215332
2024-05-02,53.599998474121094,52.959999084472656
2024-05-03,51.08000183105469,51.15999984741211
2024-05-06,50.36000061035156,49.63999938964844
2024-05-07,49.560001373291016,49.63999938964844
2024-05-08,49.63999938964844,49.119998931884766
2024-05-09,49.119998931884766,48.91999816894531
2024-05-10,48.880001068115234,48.2400016784668
2024-05-13,48.15999984741211,48.7599983215332
2024-05-14,48.7599983215332,47.959999084472656
2024-05-15,47.0,46.08000183105469
2024-05-16,46.08000183105469,46.040000915527344
2024-05-17,46.0,45.439998626708984
2024-05-20,45.47999954223633,45.52000045776367
2024-05-21,45.57600021362305,44.7599983215332
2024-05-22,44.91999816894531,45.720001220703125
2024-05-23,44.79999923706055,46.36000061035156
2024-05-24,46.119998931884766,45.0
2024-05-28,44.84000015258789,45.959999084472656
2024-05-29,48.0,47.720001220703125
2024-05-30,47.7599983215332,47.560001373291016
2024-05-31,46.880001068115234,46.119998931884766
2024-06-03,45.63999938964844,45.84000015258789
2024-06-04,46.599998474121094,46.08000183105469
2024-06-05,45.47999954223633,45.2400016784668
2024-06-06,45.0,45.0
2024-06-07,44.91999816894531,44.52000045776367
2024-06-10,45.15999984741211,44.400001525878906
2024-06-11,45.0,44.439998626708984
2024-06-12,43.47999954223633,43.560001373291016
2024-06-13,43.439998626708984,43.439998626708984
2024-06-14,44.599998474121094,44.84000015258789
2024-06-17,44.91999816894531,44.7599983215332
2024-06-18,44.15999984741211,44.52000045776367
2024-06-20,44.439998626708984,46.20000076293945
2024-06-21,46.31999969482422,45.15999984741211
2024-06-24,45.439998626708984,44.79999923706055
2024-06-25,44.7599983215332,44.0
2024-06-26,44.040000915527344,43.52000045776367
2024-06-27,43.52000045776367,43.2400016784668
2024-06-28,43.15999984741211,43.68000030517578
2024-07-01,43.2400016784668,41.959999084472656
2024-07-02,42.20000076293945,41.47999954223633
2024-07-03,41.400001525878906,41.68000030517578
2024-07-05,41.52000045776367,41.84000015258789
2024-07-08,41.36000061035156,41.08000183105469
2024-07-09,41.040000915527344,41.20000076293945
2024-07-10,41.2400016784668,41.119998931884766
2024-07-11,40.63999938964844,41.36000061035156
2024-07-12,40.70000076293945,40.63999938964844
2024-07-15,40.31999969482422,41.2400016784668
2024-07-16,41.15999984741211,41.63999938964844
2024-07-17,42.63999938964844,43.0
2024-07-18,42.0,44.2400016784668
2024-07-19,44.959999084472656,46.119998931884766
2024-07-22,45.2400016784668,43.68000030517578
2024-07-23,43.68000030517578,43.31999969482422
2024-07-24,44.70000076293945,49.189998626708984
2024-07-25,48.56800079345703,49.59000015258789
2024-07-26,48.04999923706055,46.779998779296875
2024-07-29,46.369998931884766,45.90999984741211
2024-07-30,45.7599983215332,47.369998931884766
2024-07-31,46.117000579833984,46.25
2024-08-01,46.11000061035156,50.5099983215332
2024-08-02,54.459999084472656,62.68000030517578
2024-08-05,90.08000183105469,87.26000213623047
2024-08-06,77.4800033569336,70.47000122070312
2024-08-07,61.43000030517578,68.95500183105469
2024-08-08,67.73999786376953,63.470001220703125
2024-08-09,62.72999954223633,55.779998779296875
2024-08-12,54.724998474121094,54.7599983215332
2024-08-13,53.34000015258789,50.41999816894531
2024-08-14,49.47999954223633,47.13999938964844
2024-08-15,45.83000183105469,45.334999084472656
2024-08-16,46.119998931884766,45.22999954223633
2024-08-19,45.290000915527344,44.43000030517578
2024-08-20,44.7400016784668,46.16999816894531
2024-08-21,46.06999969482422,46.88999938964844
2024-08-22,46.349998474121094,48.8650016784668
2024-08-23,47.54999923706055,45.939998626708984
2024-08-26,45.65999984741211,45.900001525878906
2024-08-27,46.529998779296875,44.9900016784668
2024-08-28,45.04999923706055,47.58000183105469
2024-08-29,46.02000045776367,45.8849983215332
2024-08-30,45.040000915527344,44.5
2024-09-03,45.619998931884766,53.540000915527344
2024-09-04,55.029998779296875,54.970001220703125
2024-09-05,53.9900016784668,52.2400016784668
2024-09-06,51.34000015258789,56.11000061035156
2024-09-09,54.97999954223633,52.45000076293945
2024-09-10,51.95000076293945,51.52000045776367
2024-09-11,50.77000045776367,49.33000183105469
2024-09-12,49.849998474121094,48.939998626708984
2024-09-13,49.20000076293945,48.790000915527344
2024-09-16,49.06999969482422,49.2400016784668
2024-09-17,49.150001525878906,50.29999923706055
2024-09-18,50.099998474121094,49.880001068115234
2024-09-19,47.970001220703125,47.720001220703125
2024-09-20,48.060001373291016,47.43000030517578
2024-09-23,47.060001373291016,47.72999954223633
2024-09-24,47.45000076293945,47.7599983215332
2024-09-25,48.029998779296875,48.40999984741211
2024-09-26,48.150001525878906,48.47999954223633
2024-09-27,48.400001525878906,50.72999954223633
2024-09-30,51.0,49.599998474121094
2024-10-01,49.5,53.43000030517578
2024-10-02,53.529998779296875,52.709999084472656
2024-10-03,53.900001525878906,55.09000015258789
2024-10-04,53.88999938964844,53.0
2024-10-07,53.970001220703125,57.720001220703125
2024-10-08,55.68000030517578,55.38999938964844
2024-10-09,55.0,54.029998779296875
2024-10-10,54.279998779296875,54.709999084472656
2024-10-11,54.810001373291016,54.06999969482422
2024-10-14,53.310001373291016,52.150001525878906
2024-10-15,51.22999954223633,53.849998474121094
2024-10-16,53.720001220703125,53.33000183105469
2024-10-17,52.810001373291016,52.45000076293945
2024-10-18,52.09000015258789,51.209999084472656
2024-10-21,51.599998474121094,51.349998474121094
2024-10-22,52.040000915527344,51.150001525878906
2024-10-23,51.75,53.720001220703125
2024-10-24,52.529998779296875,52.810001373291016
2024-10-25,52.189998626708984,55.290000915527344
2024-10-28,53.060001373291016,52.709999084472656
2024-10-29,52.84000015258789,52.47999954223633
2024-10-30,52.95000076293945,53.7599983215332
2024-10-31,55.209999084472656,57.869998931884766
2024-11-01,56.310001373291016,56.849998474121094
2024-11-04,56.369998931884766,54.470001220703125
2024-11-05,53.689998626708984,51.54999923706055
2024-11-06,46.0,46.7400016784668
2024-11-07,45.7400016784668,45.09000015258789
2024-11-08,45.029998779296875,44.77000045776367
2024-11-11,44.369998931884766,44.650001525878906
2024-11-12,44.91999816894531,44.52000045776367
2024-11-13,44.2400016784668,43.53499984741211
2024-11-14,43.27000045776367,43.47999954223633
2024-11-15,44.15999984741211,46.59000015258789
2024-11-18,46.310001373291016,44.88999938964844
2024-11-19,47.52000045776367,46.380001068115234
2024-11-20,46.43000030517578,48.029998779296875
2024-11-21,46.58000183105469,47.650001525878906
2024-11-22,47.290000915527344,45.7599983215332
2024-11-25,44.38999938964844,43.880001068115234
2024-11-26,44.040000915527344,43.61000061035156
2024-11-27,43.689998626708984,43.45000076293945
2024-11-29,43.0,42.584999084472656
2024-12-02,42.619998931884766,42.29999923706055
2024-12-03,42.599998474121094,42.06999969482422
2024-12-04,41.68000030517578,42.33000183105469
2024-12-05,42.560001373291016,42.41999816894531
2024-12-06,41.68000030517578,41.7599983215332
2024-12-09,41.66999816894531,42.88999938964844
2024-12-10,42.45000076293945,42.459999084472656
2024-12-11,41.59000015258789,42.130001068115234
2024-12-12,42.2400016784668,42.470001220703125
2024-12-13,41.970001220703125,42.5
2024-12-16,42.29999923706055,43.220001220703125
2024-12-17,43.75,44.290000915527344
2024-12-18,44.0,51.720001220703125
2024-12-19,49.59000015258789,56.13999938964844
2024-12-20,55.81999969482422,48.08000183105469
2024-12-23,46.91999816894531,44.380001068115234
2024-12-24,43.970001220703125,42.279998779296875
2024-12-26,42.61000061035156,42.54999923706055
2024-12-27,43.18000030517578,44.43000030517578
2024-12-30,46.91999816894531,45.529998779296875
2024-12-31,44.68000030517578,45.79999923706055
2025-01-02,45.099998474121094,46.84000015258789
2025-01-03,46.0,44.099998474121094
2025-01-06,43.81999969482422,43.900001525878906
2025-01-07,43.4900016784668,46.40999984741211
2025-01-08,47.08000183105469,46.34000015258789
2025-01-10,47.93000030517578,49.45000076293945
2025-01-13,51.11000061035156,48.52000045776367
2025-01-14,47.630001068115234,47.41999816894531
2025-01-15,45.04999923706055,43.54999923706055
2025-01-16,43.43000030517578,43.619998931884766
2025-01-17,42.970001220703125,43.959999084472656
2025-01-21,43.029998779296875,42.11000061035156
2025-01-22,42.08000183105469,42.75
2025-01-23,42.54999923706055,41.93000030517578
2025-01-24,41.61000061035156,41.7400016784668
2025-01-27,46.70000076293945,44.4900016784668
2025-01-28,44.0,43.02000045776367
2025-01-29,42.900001525878906,42.90999984741211
2025-01-30,42.29999923706055,42.68000030517578
2025-01-31,42.13999938964844,44.119998931884766
2025-02-03,47.130001068115234,45.06999969482422
2025-02-04,44.52000045776367,43.689998626708984
2025-02-05,43.7400016784668,42.79999923706055
2025-02-06,42.38999938964844,42.529998779296875
2025-02-07,42.189998626708984,43.959999084472656
2025-02-10,43.16999816894531,42.849998474121094
2025-02-11,43.13999938964844,42.900001525878906
2025-02-12,43.970001220703125,42.869998931884766
2025-02-13,42.810001373291016,42.060001373291016
2025-02-14,42.08000183105469,42.0
2025-02-18,41.75,41.79999923706055
2025-02-19,42.20000076293945,41.27000045776367
2025-02-20,41.310001373291016,41.4900016784668
2025-02-21,41.5099983215332,44.33000183105469
2025-02-24,43.849998474121094,44.70000076293945
2025-02-25,45.0,45.13999938964844
2025-02-26,44.56999969482422,44.099998474121094
2025-02-27,43.47999954223633,46.56999969482422
2025-02-28,47.130001068115234,45.83000183105469
2025-03-03,44.5099983215332,49.290000915527344
2025-03-04,51.56999969482422,50.59000015258789
2025-03-05,50.22999954223633,48.45000076293945
2025-03-06,51.470001220703125,53.72999954223633
2025-03-07,53.38999938964844,51.22999954223633
2025-03-10,53.939998626708984,56.47999954223633
2025-03-11,57.31999969482422,56.939998626708984
2025-03-12,54.709999084472656,53.970001220703125
2025-03-13,54.15999984741211,56.279998779296875
2025-03-14,54.529998779296875,51.529998779296875
2025-03-17,50.94300079345703,49.5099983215332
2025-03-18,49.29999923706055,50.79999923706055
2025-03-19,50.40999984741211,49.18000030517578
2025-03-20,50.0099983215332,48.33000183105469
2025-03-21,49.2400016784668,48.099998474121094
2025-03-24,46.709999084472656,45.45000076293945
2025-03-25,44.939998626708984,45.79999923706055
2025-03-26,45.0,46.939998626708984
2025-03-27,47.68000030517578,47.18000030517578
2025-03-28,48.060001373291016,51.41999816894531
2025-03-31,54.349998474121094,51.470001220703125
2025-04-01,52.16999816894531,51.47999954223633
2025-04-02,53.650001525878906,50.09000015258789
2025-04-03,57.5099983215332,62.4900016784668
2025-04-04,69.93000030517578,74.8499984741211
2025-04-07,81.73999786376953,74.3499984741211
2025-04-08,67.87999725341797,85.41999816894531
2025-04-09,87.18000030517578,67.79000091552734
2025-04-10,72.08999633789062,79.19999694824219
2025-04-11,81.63999938964844,77.12000274658203
2025-04-14,70.5199966430664,68.02999877929688
2025-04-15,68.5,68.31999969482422
2025-04-16,70.66000366210938,73.36000061035156
2025-04-17,71.66999816894531,71.33999633789062
2025-04-21,72.25,76.5199966430664
2025-04-22,73.08000183105469,70.94000244140625
2025-04-23,67.61000061035156,68.37999725341797
2025-04-24,67.81999969482422,65.86000061035156
2025-04-25,65.77999877929688,63.34000015258789
2025-04-28,62.31999969482422,63.68000030517578
2025-04-29,64.27999877929688,63.02000045776367
2025-04-30,65.22000122070312,64.63999938964844
2025-05-01,62.75,63.41999816894531
2025-05-02,62.16999816894531,61.0099983215332
2025-05-05,62.0,62.130001068115234
2025-05-06,64.05000305175781,64.55000305175781
2025-05-07,63.72999954223633,62.83000183105469
2025-05-08,61.779998779296875,60.439998626708984
2025-05-09,60.16999816894531,59.95000076293945
2025-05-12,55.439998626708984,52.16999816894531
2025-05-13,51.36000061035156,51.81999969482422
2025-05-14,51.90999984741211,52.939998626708984
2025-05-15,53.43000030517578,52.06999969482422
2025-05-16,51.59000015258789,51.83000183105469
2025-05-19,53.880001068115234,52.470001220703125
2025-05-20,52.279998779296875,52.09000015258789
2025-05-21,53.13999938964844,55.65999984741211
2025-05-22,56.02000045776367,55.099998474121094
2025-05-23,59.0,58.790000915527344
2025-05-27,55.130001068115234,52.880001068115234
2025-05-28,52.76499938964844,53.4900016784668
2025-05-29,52.150001525878906,53.54999923706055
2025-05-30,54.25,53.83000183105469
2025-06-02,54.34000015258789,53.279998779296875
2025-06-03,53.029998779296875,52.11000061035156
2025-06-04,51.900001525878906,52.02000045776367
2025-06-05,51.42499923706055,53.02000045776367
2025-06-06,51.630001068115234,50.810001373291016
2025-06-09,50.5,50.31999969482422
2025-06-10,50.279998779296875,50.08000183105469
2025-06-11,49.18000030517578,50.5099983215332
2025-06-12,51.209999084472656,51.15999984741211
2025-06-13,53.584999084472656,55.150001525878906
2025-06-16,52.970001220703125,51.290000915527344
2025-06-17,52.279998779296875,54.220001220703125
2025-06-18,54.2400016784668,52.900001525878906
2025-06-20,52.38999938964844,53.459999084472656
2025-06-23,53.310001373291016,52.790000915527344
2025-06-24,50.029998779296875,49.150001525878906
2025-06-25,48.599998474121094,48.52000045776367
2025-06-26,48.5,48.40999984741211
2025-06-27,47.880001068115234,48.27000045776367
2025-06-30,47.7400016784668,48.04999923706055
2025-07-01,48.34000015258789,48.040000915527344
2025-07-02,48.06999969482422,47.90999984741211
2025-07-03,47.060001373291016,47.56999969482422
2025-07-07,48.07500076293945,48.13999938964844
2025-07-08,47.130001068115234,46.849998474121094
2025-07-09,45.7400016784668,45.2599983215332
2025-07-10,45.09000015258789,44.95000076293945
2025-07-11,45.88999938964844,45.20000076293945
2025-07-14,45.66999816894531,45.869998931884766
2025-07-15,44.90999984741211,45.61000061035156
2025-07-16,45.47999954223633,45.90999984741211
2025-07-17,45.650001525878906,45.849998474121094
2025-07-18,45.2400016784668,45.0099983215332
2025-07-21,44.63999938964844,44.86000061035156
2025-07-22,44.59000015258789,44.650001525878906
2025-07-23,43.97999954223633,42.810001373291016
2025-07-24,42.5099983215332,42.68000030517578
2025-07-25,42.810001373291016,42.33000183105469
2025-07-28,41.45000076293945,41.150001525878906
2025-07-29,40.689998626708984,42.099998474121094
2025-07-30,41.935001373291016,42.38999938964844
2025-07-31,41.38999938964844,42.459999084472656
2025-08-01,44.529998779296875,45.90999984741211
2025-08-04,44.630001068115234,42.91999816894531
2025-08-05,42.63999938964844,43.25
2025-08-06,43.150001525878906,41.93000030517578
2025-08-07,41.36000061035156,42.209999084472656
2025-08-08,41.560001373291016,40.810001373291016
2025-08-11,40.66999816894531,41.0
2025-08-12,40.220001220703125,39.29999923706055
2025-08-13,38.72999954223633,39.02000045776367
2025-08-14,39.790000915527344,39.18000030517578
2025-08-15,38.90999984741211,39.040000915527344
2025-08-18,38.970001220703125,38.099998474121094
2025-08-19,37.66999816894531,38.81999969482422
2025-08-20,38.88999938964844,38.66999816894531
2025-08-21,39.13999938964844,39.27000045776367
2025-08-22,39.03499984741211,35.97999954223633
2025-08-25,36.375,36.13999938964844
2025-08-26,36.369998931884766,35.86000061035156
2025-08-27,36.0,36.0099983215332
2025-08-28,35.52000045776367,35.45000076293945
2025-08-29,35.459999084472656,36.27000045776367
2025-09-02,38.209999084472656,37.38999938964844
2025-09-03,37.16999816894531,36.459999084472656
2025-09-04,36.2400016784668,35.380001068115234
2025-09-05,34.560001373291016,35.470001220703125
2025-09-08,35.099998474121094,34.810001373291016
2025-09-09,34.959999084472656,34.63999938964844
2025-09-10,34.220001220703125,34.439998626708984
2025-09-11,33.900001525878906,33.68000030517578
2025-09-12,33.65999984741211,33.68000030517578
2025-09-15,33.279998779296875,33.90999984741211
2025-09-16,34.02000045776367,34.529998779296875
2025-09-17,34.25,33.31999969482422
2025-09-18,32.68000030517578,33.16999816894531
2025-09-19,32.880001068115234,33.18000030517578
2025-09-22,33.5,33.79999923706055
2025-09-23,33.68000030517578,34.20000076293945
2025-09-24,33.9900016784668,33.86000061035156
2025-09-25,34.5099983215332,34.29999923706055
2025-09-26,33.91999816894531,32.84000015258789
2025-09-29,32.720001220703125,33.27000045776367
2025-09-30,33.5,33.15999984741211
2025-10-01,33.44499969482422,32.970001220703125
2025-10-02,32.79999923706055,33.439998626708984
2025-10-03,33.20000076293945,33.25
2025-10-06,33.09000015258789,33.04999923706055
2025-10-07,33.0,33.77000045776367
2025-10-08,33.61000061035156,33.2400016784668
2025-10-09,33.0,33.22999954223633
2025-10-10,33.25,37.470001220703125
2025-10-13,35.36000061035156,34.619998931884766
2025-10-14,36.59000015258789,36.150001525878906
2025-10-15,35.27000045776367,36.58000183105469
2025-10-16,36.220001220703125,39.970001220703125
2025-10-17,39.220001220703125,36.95000076293945
2025-10-20,35.810001373291016,33.9900016784668
2025-10-21,34.29999923706055,33.720001220703125
2025-10-22,33.900001525878906,34.25
2025-10-23,34.369998931884766,33.470001220703125
2025-10-24,32.66999816894531,33.08000183105469
2025-10-27,32.029998779296875,32.0
2025-10-28,31.969999313354492,32.93000030517578
2025-10-29,32.68000030517578,33.56999969482422
2025-10-30,33.119998931884766,33.83000183105469
2025-10-31,33.08000183105469,34.0
2025-11-03,33.56999969482422,33.68000030517578
2025-11-04,34.849998474121094,34.88999938964844
2025-11-05,34.88999938964844,33.65999984741211
2025-11-06,33.869998931884766,34.9900016784668
2025-11-07,35.9900016784668,34.810001373291016
2025-11-10,33.41999816894531,32.849998474121094
2025-11-11,32.904998779296875,32.779998779296875
2025-11-12,32.5,32.90999984741211
2025-11-13,33.36000061035156,35.220001220703125
2025-11-14,36.209999084472656,34.56999969482422
2025-11-17,35.20000076293945,36.349998474121094
2025-11-18,37.400001525878906,37.529998779296875
2025-11-19,37.55500030517578,36.83000183105469
2025-11-20,34.33000183105469,39.47999954223633
2025-11-21,38.36000061035156,37.31999969482422
2025-11-24,36.790000915527344,34.779998779296875
2025-11-25,34.689998626708984,33.68000030517578
2025-11-26,33.29999923706055,32.77000045776367
2025-11-28,32.65999984741211,32.099998474121094
