Ticker;MarketCap;ActualPrice;TargetMeanPrice;TargetMeanPricePct;FinancialCurrency;OperatingIncome_TTM;EnterpriseValue;OperatingIncome_EV_Ratio;Eight_Year_ROA;Eight_Year_ROC;FCF_Sum_to_Assets;Eight_Year_Gross_Margin_Growth;Margin_Stability;Years_Data_Available;Current_ROA;FS_ROA;Current_FCFTA;FS_FCFTA;ACCRUAL;FS_ACCRUAL;LEVER;FS_LEVER;LIQUID;FS_LIQUID;ROA_Change;FS_ROA_Change;FCFTA_Change;FS_FCFTA_Change;MARGIN;FS_MARGIN;TURN;FS_TURN;OperatingIncome_EV_Ratio_Percentile;Eight_Year_ROA_Percentile;Eight_Year_ROC_Percentile;FCF_Sum_to_Assets_Percentile;Eight_Year_Gross_Margin_Growth_Percentile;Margin_Stability_Percentile;Current_ROA_Percentile;Current_FCFTA_Percentile;ACCRUAL_Percentile;LEVER_Percentile;LIQUID_Percentile;ROA_Change_Percentile;FCFTA_Change_Percentile;MARGIN_Percentile;TURN_Percentile;Max_Margin_Metric_Percentile;Max_Margin_Source;Franchise_Power_Percentile;Financial_Strength_Score;P_FS;QUALITY
QCOM;1.59E+11;145.1507;173.78517;0.197274074;USD;11478000000;1.63E+11;7%;20%;69%;66%;-1%;55.5123371;5;18%;1;20%;1;2%;1;4%;1;7%;1;4%;1;1%;1;1%;1;0%;1;78%;96%;84%;91%;35%;82%;92%;92%;67%;87%;74%;85%;59%;50%;50%;82%;Stability;88%;9;100%;94%
NVDA;3.19E+12;130.9813;162.77278;0.242717701;USD;81453000000;3.21E+12;3%;34%;62%;89%;5%;8.220574399;4;65%;1;55%;1;-11%;0;5%;1;27%;1;20%;1;13%;1;2%;1;24%;1;26%;99%;80%;97%;85%;24%;100%;100%;6%;92%;89%;98%;97%;81%;98%;85%;Growth;90%;8;89%;90%
VRSN;26425430016;281.421;253.835;-0.098023957;USD;1070500000;27609853952;4%;45%;701%;230%;1%;89.52680577;5;56%;1;62%;1;6%;1;-4%;0;-40%;0;9%;1;16%;1;1%;1;25%;1;42%;100%;100%;100%;59%;92%;100%;100%;83%;12%;15%;93%;99%;59%;99%;92%;Stability;98%;7;78%;88%
PFE;1.32E+11;23.155;29.49957;0.274004319;USD;15160000000;1.76E+11;9%;8%;73%;33%;5%;10.92832884;5;4%;1;5%;1;1%;1;0%;1;26%;1;3%;1;2%;1;14%;1;4%;1;86%;65%;85%;65%;86%;33%;38%;39%;56%;47%;89%;76%;73%;97%;71%;86%;Growth;75%;9;100%;88%
ADBE;1.74E+11;409.18;489.2894;0.195780341;USD;7997000000;1.76E+11;5%;18%;179%;96%;0%;148.9114674;5;18%;1;26%;1;8%;1;-1%;0;-28%;0;0%;1;3%;1;1%;1;6%;1;50%;92%;96%;98%;48%;98%;92%;96%;85%;28%;19%;51%;76%;61%;83%;98%;Stability;96%;7;78%;87%
CL;74408714240;91.815;98.8181;0.076274029;USD;4359000000;80995188736;5%;14%;87%;70%;1%;38.76719425;5;18%;1;22%;1;4%;1;5%;1;-19%;0;4%;1;4%;1;2%;1;7%;1;60%;88%;88%;93%;55%;71%;91%;93%;77%;90%;28%;83%;81%;81%;85%;71%;Stability;85%;8;89%;87%
PG;3.88E+11;165.35;171.50917;0.037249289;USD;19982000000;4.13E+11;5%;12%;172%;49%;0%;23.2034655;4;12%;1;14%;1;1%;1;0%;0;10%;1;0%;1;2%;1;4%;1;1%;1;54%;82%;95%;79%;45%;56%;79%;79%;61%;35%;78%;48%;70%;87%;51%;56%;Stability;78%;8;89%;83%
MO;1.00E+11;59.515;58.37231;-0.019200034;USD;11617000000;1.21E+11;10%;18%;;97%;2%;39.07186791;5;32%;1;24%;1;-8%;0;-1%;0;2%;1;11%;1;1%;1;1%;1;5%;1;91%;94%;;99%;73%;71%;99%;95%;9%;29%;64%;95%;59%;52%;79%;73%;Growth;88%;7;78%;83%
ABNB;78176198656;126.66;138.73853;0.095361835;USD;2490000000;69575204864;4%;11%;23%;67%;1%;77.15384471;5;13%;1;22%;1;9%;1;0%;1;3%;1;-11%;0;3%;1;0%;1;5%;1;38%;76%;47%;92%;62%;90%;81%;92%;87%;46%;66%;6%;77%;44%;78%;90%;Stability;76%;8;89%;83%
MA;5.14E+11;565.59;616.93243;0.090776764;USD;16870000000;5.29E+11;3%;25%;322%;90%;0%;512.3664584;5;27%;1;28%;1;1%;1;-3%;0;-14%;0;0%;1;3%;1;0%;1;-1%;0;32%;98%;97%;98%;44%;100%;98%;97%;62%;19%;35%;54%;75%;45%;37%;100%;Stability;98%;6;67%;82%
PM;2.77E+11;178.07;174.68439;-0.019012804;USD;13901000000;3.20E+11;4%;15%;505%;64%;-2%;31.34285991;5;11%;1;17%;1;6%;1;-5%;0;13%;1;-1%;0;5%;1;1%;1;7%;1;47%;89%;99%;90%;29%;68%;77%;88%;82%;10%;81%;36%;89%;68%;89%;68%;Stability;87%;7;78%;82%
EFX;32596029440;262.45;286.467;0.091510764;USD;1053200000;37615468544;3%;6%;176%;20%;-2%;29.26976853;4;5%;1;7%;1;2%;1;2%;1;8%;1;1%;1;3%;1;0%;1;5%;1;28%;50%;95%;45%;25%;66%;47%;53%;64%;72%;75%;59%;76%;37%;80%;66%;Stability;64%;9;100%;82%
V;6.79E+11;354.54;377.12564;0.063704067;USD;25023000000;6.78E+11;4%;18%;156%;75%;0%;160.6855331;4;21%;1;20%;1;-1%;0;1%;1;-17%;0;2%;1;-2%;0;1%;1;2%;1;40%;93%;94%;95%;53%;99%;95%;91%;34%;56%;30%;70%;20%;49%;61%;99%;Stability;95%;6;67%;81%
MRK;1.94E+11;77.27;101.90826;0.318859324;USD;20398000000;2.21E+11;9%;10%;43%;44%;2%;30.12358222;5;15%;1;15%;1;1%;1;2%;1;11%;1;14%;1;7%;1;3%;1;-2%;0;88%;72%;71%;76%;73%;66%;85%;84%;55%;75%;80%;97%;92%;86%;33%;73%;Growth;73%;8;89%;81%
AAPL;2.93E+12;196.21;228.75928;0.165890016;USD;1.27E+11;3.06E+12;4%;27%;353%;113%;3%;23.77201556;5;26%;1;30%;1;4%;1;4%;1;-12%;0;-2%;0;2%;1;2%;1;-2%;0;45%;99%;99%;100%;82%;57%;97%;99%;78%;85%;37%;26%;64%;77%;32%;82%;Growth;95%;6;67%;81%
SLB;45236895744;33.485;47.49724;0.418463192;USD;6267000000;57341456384;11%;8%;40%;30%;9%;9.213724431;5;9%;1;9%;1;0%;1;0%;1;13%;1;0%;1;0%;0;1%;1;5%;1;94%;62%;69%;61%;92%;28%;69%;66%;48%;45%;81%;54%;42%;54%;79%;92%;Growth;71%;8;89%;80%
AVY;13880078336;177.55;190.83357;0.074815939;USD;1122900000;17319454720;6%;8%;63%;32%;2%;28.30240066;5;8%;1;8%;1;0%;0;1%;1;4%;1;2%;1;2%;1;2%;1;2%;1;73%;66%;81%;63%;72%;63%;67%;62%;48%;68%;69%;73%;66%;70%;63%;72%;Growth;70%;8;89%;80%
META;1.58E+12;629.485;711.7766;0.130728453;USD;73117000000;1.58E+12;5%;19%;31%;57%;0%;56.39115933;5;23%;1;20%;1;-3%;0;-2%;0;31%;1;6%;1;0%;1;1%;1;1%;1;51%;95%;59%;84%;50%;83%;96%;90%;17%;20%;92%;88%;50%;58%;52%;83%;Stability;80%;7;78%;79%
NFLX;5.06E+11;1188.11;1116.6874;-0.060114468;USD;11132079000;5.15E+11;2%;12%;325%;29%;3%;15.0205404;4;16%;1;13%;1;-3%;0;3%;1;10%;1;5%;1;-1%;0;5%;1;4%;1;23%;81%;98%;59%;82%;43%;89%;77%;16%;84%;77%;86%;26%;88%;71%;82%;Growth;80%;7;78%;79%
NOW;2.08E+11;1006.71;1082.9205;0.075702536;USD;1483000000;2.06E+11;1%;5%;25%;49%;1%;87.34765725;5;7%;1;17%;1;10%;1;1%;1;4%;1;-3%;0;1%;1;1%;1;2%;1;17%;48%;49%;80%;61%;91%;57%;86%;88%;65%;70%;19%;60%;51%;62%;91%;Stability;67%;8;89%;78%
GILD;1.33E+11;106.57;115.03769;0.079456601;USD;10756000000;1.49E+11;7%;7%;106%;63%;1%;45.83299726;4;1%;1;17%;1;17%;1;-5%;0;17%;1;-8%;0;6%;1;2%;1;5%;1;79%;56%;91%;88%;65%;76%;21%;89%;94%;11%;84%;7%;90%;80%;79%;76%;Stability;78%;7;78%;78%
SCCO;73803874304;91.7881;92.3992;0.006657726;USD;5900500000;76405456896;8%;17%;35%;60%;-4%;8.605254752;4;18%;1;18%;1;0%;1;7%;1;-44%;0;4%;1;3%;1;6%;1;2%;1;81%;90%;64%;87%;18%;25%;91%;90%;49%;94%;12%;79%;78%;90%;60%;25%;Stability;67%;8;89%;78%
SNA;16664619008;318.69;321.3889;0.008468731;USD;1041000000;16682939392;6%;13%;31%;47%;1%;61.5010182;5;13%;1;14%;1;1%;1;1%;1;27%;1;0%;0;0%;1;1%;1;-3%;0;70%;84%;58%;78%;56%;84%;82%;80%;60%;59%;90%;42%;48%;57%;26%;84%;Stability;76%;7;78%;77%
NKE;88323244032;59.84;73.36167;0.225963737;USD;4927000000;92029739008;5%;15%;27%;57%;0%;44.27054382;4;15%;1;17%;1;2%;1;3%;1;-33%;0;1%;1;4%;1;1%;1;-2%;0;59%;88%;54%;85%;41%;75%;86%;87%;70%;81%;17%;68%;84%;60%;31%;75%;Stability;76%;7;78%;77%
ABT;2.28E+11;131.09;140.5696;0.072313678;USD;7132000000;2.35E+11;3%;11%;38%;34%;-1%;69.40087099;5;16%;1;8%;1;-9%;0;3%;1;3%;1;9%;1;1%;1;0%;1;-3%;0;30%;76%;67%;66%;34%;87%;89%;59%;8%;82%;67%;92%;58%;41%;25%;87%;Stability;74%;7;78%;76%
HWM;66614284288;165.02;164.88455;-0.00082081;USD;1760000000;68804911104;3%;6%;28%;23%;4%;17.03294951;5;11%;1;9%;1;-2%;0;2%;1;31%;1;4%;1;3%;1;3%;1;7%;1;27%;55%;56%;51%;84%;46%;75%;67%;29%;74%;93%;80%;77%;85%;86%;84%;Growth;61%;8;89%;75%
CRM;2.68E+11;279.53;363.92978;0.301934605;USD;7666000000;2.70E+11;3%;3%;48%;33%;2%;40.85327866;4;6%;1;12%;1;6%;1;0%;1;-3%;0;2%;1;3%;1;2%;1;2%;1;29%;35%;73%;64%;71%;73%;51%;75%;82%;49%;54%;71%;74%;71%;60%;73%;Stability;61%;8;89%;75%
NVS;2.23E+11;112.73;112.37;-0.003193471;USD;15834000000;2.45E+11;6%;13%;62%;49%;1%;78.09618695;4;12%;1;14%;1;2%;1;-2%;0;-12%;0;-3%;0;2%;1;2%;1;4%;1;73%;83%;81%;80%;60%;90%;78%;79%;65%;20%;38%;18%;68%;73%;73%;90%;Stability;83%;6;67%;75%
AMD;1.78E+11;109.64;126.91907;0.157598231;USD;2856000000;1.77E+11;2%;7%;22%;14%;1%;23.52878919;5;2%;1;3%;1;1%;1;0%;1;11%;1;1%;1;2%;1;3%;1;4%;1;22%;60%;45%;36%;59%;57%;31%;32%;59%;44%;79%;63%;68%;86%;72%;59%;Growth;50%;9;100%;75%
HSY;31026776064;153.14;165.00958;0.077508032;USD;2254080000;35948183552;6%;15%;80%;53%;2%;26.42454285;5;17%;1;15%;1;-2%;0;7%;1;-1%;0;2%;1;2%;1;3%;1;-7%;0;71%;90%;87%;82%;70%;61%;89%;82%;24%;96%;60%;69%;68%;83%;15%;70%;Growth;82%;6;67%;74%
GOOGL;2.06E+12;168.9069;200.5638;0.187422183;USD;1.18E+11;2.01E+12;6%;20%;36%;60%;1%;49.00344832;5;22%;1;16%;1;-6%;0;1%;1;-26%;0;4%;1;-1%;0;2%;1;1%;1;66%;95%;65%;86%;58%;78%;96%;85%;11%;55%;20%;83%;29%;70%;57%;78%;Stability;81%;6;67%;74%
ETSY;4937752576;47.35;50.3375;0.063093981;USD;391494000;6520952832;6%;1%;38%;109%;0%;63.19411416;5;13%;1;29%;1;17%;1;-10%;0;-21%;0;1%;1;5%;1;3%;1;14%;1;68%;25%;66%;99%;46%;85%;80%;98%;94%;4%;24%;63%;85%;83%;97%;85%;Stability;69%;7;78%;73%
SPGI;1.57E+11;510.77;585.96564;0.147220158;USD;5666000000;1.72E+11;3%;9%;;25%;-2%;20.66307997;5;6%;1;9%;1;3%;1;0%;0;1%;1;2%;1;3%;1;2%;1;3%;1;35%;68%;;53%;27%;52%;52%;66%;72%;41%;63%;73%;79%;80%;67%;52%;Stability;58%;8;89%;73%
KMB;46615171072;140.485;142.95947;0.017613767;USD;3223000000;53215289344;6%;12%;45%;54%;5%;12.96730422;4;15%;1;15%;1;0%;0;1%;1;-3%;0;5%;1;-1%;0;1%;1;3%;1;68%;79%;72%;83%;86%;39%;87%;83%;45%;65%;56%;87%;32%;66%;70%;86%;Growth;80%;6;67%;73%
EBAY;33125466112;71.88;67.02179;-0.067587785;USD;2303000000;35645149184;6%;15%;44%;41%;-1%;59.63522129;4;10%;1;10%;1;0%;0;3%;1;-120%;0;-3%;0;1%;1;0%;1;6%;1;72%;89%;71%;74%;32%;83%;73%;70%;47%;79%;4%;21%;60%;36%;84%;83%;Stability;80%;6;67%;73%
LLY;6.38E+11;710.95;955.30853;0.343707054;USD;20174500000;6.78E+11;3%;11%;79%;9%;3%;25.23181448;5;13%;1;1%;1;-13%;0;-8%;0;21%;1;5%;1;5%;1;2%;1;4%;1;30%;78%;86%;28%;81%;60%;83%;21%;6%;6%;87%;87%;89%;77%;73%;81%;Growth;68%;7;78%;73%
AMAT;1.27E+11;156.27;198.04875;0.267349779;USD;8075000000;1.29E+11;6%;23%;57%;71%;0%;101.7150234;4;21%;1;22%;1;1%;1;2%;1;-9%;0;-1%;0;-3%;0;1%;1;-7%;0;71%;97%;77%;95%;45%;94%;94%;93%;57%;72%;43%;30%;14%;55%;14%;94%;Stability;91%;5;56%;73%
IBM;2.40E+11;257.9537;252.272;-0.022026046;USD;10276000000;2.90E+11;4%;4%;127%;31%;1%;49.83919515;5;4%;1;9%;1;4%;1;1%;1;8%;1;-1%;0;0%;0;1%;1;0%;1;38%;40%;92%;62%;64%;79%;42%;63%;78%;59%;75%;32%;40%;62%;42%;79%;Stability;68%;7;78%;73%
DECK;15348600832;101.128;133.4415;0.319530694;USD;1149429000;17153244160;7%;20%;36%;67%;1%;21.13326964;4;24%;1;30%;1;6%;1;;0;-45%;0;4%;1;12%;1;5%;1;-5%;0;76%;96%;65%;91%;64%;53%;97%;99%;81%;;12%;84%;95%;89%;18%;64%;Growth;79%;6;67%;73%
EA;37033119744;147.68;166.2376;0.125660888;USD;1577000000;36739813376;4%;8%;151%;57%;3%;30.62305804;5;9%;1;15%;1;6%;1;2%;1;-43%;0;0%;0;-1%;0;2%;1;4%;1;46%;61%;94%;84%;77%;67%;68%;82%;81%;73%;14%;37%;34%;74%;74%;77%;Growth;79%;6;67%;73%
HD;3.60E+11;362.38;418.98166;0.156194216;USD;21526000000;4.23E+11;5%;20%;59%;62%;0%;297.0825099;5;15%;1;17%;1;2%;1;5%;1;-25%;0;-4%;0;-6%;0;0%;1;-34%;0;56%;95%;78%;87%;41%;99%;88%;87%;63%;93%;20%;12%;6%;37%;0%;99%;Stability;90%;5;56%;73%
GPRK;352040128;6.86;11.4;0.66180758;USD;;720448704;;12%;49%;64%;0%;38.55557863;5;8%;1;23%;1;15%;1;7%;1;0%;0;-3%;0;13%;1;2%;1;-19%;0;;81%;74%;90%;39%;70%;66%;95%;93%;95%;62%;20%;96%;79%;1%;70%;Stability;79%;6;67%;73%
BKNG;1.73E+11;5316.745;5502.1514;0.034872163;USD;7826000000;1.75E+11;4%;14%;77%;85%;;;5;21%;1;28%;1;7%;1;-3%;0;3%;1;4%;1;0%;0;;0;-2%;0;49%;86%;85%;96%;;;95%;98%;84%;14%;67%;80%;42%;;29%;;Neither;89%;5;56%;72%
AZN;2.19E+11;70.375;84.59917;0.202119645;USD;10810000000;1.35E+11;8%;4%;78%;24%;7%;10.28851685;5;7%;1;7%;1;0%;1;-3%;0;11%;1;1%;1;0%;1;-1%;0;7%;1;82%;41%;86%;51%;89%;31%;55%;55%;50%;15%;78%;61%;52%;23%;85%;89%;Growth;67%;7;78%;72%
MSI;70029606912;419.55;493.6789;0.176686688;USD;2745000000;75370733568;4%;11%;96%;49%;1%;25.34331262;5;11%;1;15%;1;4%;1;-4%;0;28%;1;-2%;0;1%;1;1%;1;-1%;0;39%;78%;89%;79%;63%;61%;75%;81%;75%;13%;91%;24%;62%;61%;37%;63%;Growth;77%;6;67%;72%
TMO;1.48E+11;391.745;570.1743;0.455473076;USD;7841000000;1.80E+11;4%;7%;49%;29%;-6%;9.485166445;4;7%;1;7%;1;1%;1;2%;1;-9%;0;0%;1;0%;1;1%;1;1%;1;48%;58%;73%;60%;11%;29%;53%;58%;59%;71%;42%;56%;51%;67%;50%;29%;Stability;55%;8;89%;72%
MSFT;3.35E+12;451.1;508.95538;0.128254001;USD;1.22E+11;3.41E+12;4%;18%;49%;50%;0%;122.3498785;4;17%;1;14%;1;-3%;0;2%;1;-49%;0;0%;0;0%;1;1%;1;-4%;0;39%;93%;74%;81%;52%;96%;90%;81%;20%;71%;10%;39%;46%;57%;24%;96%;Stability;86%;5;56%;71%
BHP;1.27E+11;49.6298;51.5;0.037683005;USD;22905000000;2.65E+11;9%;15%;34%;70%;-2%;21.59631569;5;8%;1;12%;1;4%;1;-3%;0;48%;1;-5%;0;0%;0;2%;1;1%;1;86%;89%;62%;94%;27%;54%;63%;74%;75%;16%;97%;11%;43%;82%;55%;54%;Stability;75%;6;67%;71%
ORCL;4.36E+11;155.65;178.11765;0.144347253;USD;17740000000;5.33E+11;3%;8%;81%;28%;-4%;16.76093593;5;7%;1;8%;1;1%;1;10%;1;-19%;0;1%;1;2%;1;-1%;0;0%;1;35%;62%;87%;58%;19%;46%;61%;62%;58%;98%;27%;63%;70%;19%;49%;46%;Stability;63%;7;78%;70%
MDLZ;85335105536;65.905;72.70815;0.103226614;USD;4573000000;1.03E+11;4%;6%;138%;19%;0%;24.93165242;5;7%;1;5%;1;-2%;0;1%;1;6%;1;0%;0;0%;1;1%;1;3%;1;49%;53%;93%;43%;43%;59%;54%;43%;30%;61%;73%;41%;47%;58%;65%;59%;Stability;62%;7;78%;70%
LRCX;1.03E+11;80.36;90.26667;0.123278621;USD;5285632000;1.05E+11;5%;24%;48%;79%;1%;39.87256159;5;20%;1;23%;1;2%;1;3%;1;-19%;0;-4%;0;-2%;0;3%;1;-13%;0;55%;97%;72%;96%;56%;72%;94%;94%;69%;80%;27%;16%;18%;84%;5%;72%;Stability;84%;5;56%;70%
BIIB;18300395520;124.8935;171.95;0.376773011;USD;2266600000;22529366016;10%;7%;33%;29%;-2%;27.90632015;5;6%;1;9%;1;3%;1;9%;1;-65%;0;1%;1;4%;1;2%;1;-2%;0;91%;59%;62%;60%;28%;63%;49%;65%;74%;97%;8%;68%;83%;72%;29%;63%;Stability;61%;7;78%;69%
CAAP;3394166272;21.07;22.33333;0.059958709;USD;435302000;4293679872;10%;4%;301%;27%;40%;2.618443768;5;7%;1;9%;1;3%;1;7%;1;17%;1;0%;0;0%;0;-2%;0;5%;1;92%;38%;96%;57%;97%;10%;54%;67%;71%;95%;85%;46%;41%;17%;76%;97%;Growth;72%;6;67%;69%
BKR;36058345472;36.395;46.63269;0.281293859;USD;3474000000;39162540032;9%;3%;26%;16%;2%;37.65324889;5;8%;1;5%;1;-2%;0;0%;1;7%;1;3%;1;0%;1;0%;1;4%;1;87%;33%;53%;39%;75%;70%;64%;45%;22%;52%;75%;74%;49%;47%;70%;75%;Growth;50%;8;89%;69%
KGC;18152034304;14.77;14.9375;0.011340555;USD;1874200000;18445463552;10%;2%;6%;23%;21%;2.692092193;5;9%;1;13%;1;4%;1;10%;1;-62%;0;5%;1;8%;1;9%;1;7%;1;92%;31%;22%;49%;96%;10%;68%;76%;76%;98%;9%;85%;93%;94%;88%;96%;Growth;49%;8;89%;69%
DD;28077096960;67.09;85.07053;0.268006111;USD;1968000000;34839097344;6%;8%;17%;3%;0%;49.78748174;5;2%;1;4%;1;2%;1;6%;1;-110%;0;1%;1;4%;1;1%;1;3%;1;62%;63%;39%;16%;42%;79%;28%;34%;68%;93%;5%;60%;84%;65%;63%;79%;Stability;49%;8;89%;69%
ADP;1.30E+11;320.78;311.94067;-0.027555739;USD;4148600000;1.32E+11;3%;6%;315%;23%;1%;52.21325785;4;7%;1;7%;1;0%;0;0%;1;2%;1;0%;1;-1%;0;0%;1;0%;0;31%;53%;97%;49%;66%;81%;56%;51%;44%;52%;65%;52%;36%;42%;38%;81%;Stability;70%;6;67%;68%
ACN;1.94E+11;310.67;356.28918;0.146841279;USD;10177724000;1.99E+11;5%;14%;109%;62%;0%;125.4542498;4;13%;1;15%;1;2%;1;0%;0;-20%;0;0%;0;-2%;0;0%;1;-9%;0;57%;86%;91%;88%;46%;97%;82%;84%;70%;42%;26%;37%;18%;44%;11%;97%;Stability;90%;4;44%;67%
ZM;24586973184;80.64;90.94393;0.12777691;USD;813295000;17266923520;5%;9%;11%;54%;1%;87.90832394;5;9%;1;16%;1;7%;1;;0;6%;1;3%;1;2%;1;0%;0;-3%;0;52%;67%;29%;83%;57%;92%;69%;86%;84%;;73%;75%;65%;27%;26%;92%;Stability;68%;6;67%;67%
DIS;1.98E+11;109.9725;123.86444;0.126321944;USD;13683000000;2.41E+11;6%;2%;24%;8%;3%;28.44853251;5;3%;1;4%;1;2%;1;1%;1;-32%;0;1%;1;2%;1;2%;1;3%;1;63%;27%;49%;27%;77%;64%;32%;37%;66%;58%;17%;66%;69%;82%;69%;77%;Growth;45%;8;89%;67%
WB;2223345408;9.39;11.23053;0.196009585;USD;;2097316480;;4%;18%;34%;-1%;44.83477788;4;5%;1;9%;1;4%;1;-3%;0;110%;1;0%;0;0%;1;0%;1;3%;1;;42%;41%;67%;30%;76%;44%;64%;79%;17%;98%;44%;47%;40%;66%;76%;Stability;56%;7;78%;67%
GRMN;38505312256;199.985;198.5425;-0.007213041;USD;1628408000;36316430336;4%;14%;28%;38%;0%;110.0142028;5;15%;1;13%;1;-2%;0;;0;13%;1;0%;0;-1%;0;1%;1;5%;1;50%;87%;55%;71%;52%;95%;85%;76%;27%;;82%;40%;31%;62%;77%;95%;Stability;77%;5;56%;66%
MELI;1.29E+11;2534.68;2716.8083;0.071854554;USD;2866000000;1.32E+11;2%;4%;31%;58%;3%;14.15216939;5;8%;1;28%;1;20%;1;1%;1;-5%;0;2%;1;2%;1;-4%;0;-3%;0;24%;43%;57%;85%;78%;42%;62%;97%;96%;62%;48%;72%;66%;9%;25%;78%;Growth;66%;6;67%;66%
ARM;1.34E+11;126.415;131.81;0.042676898;USD;443000000;1.34E+11;0%;7%;20%;38%;1%;68.93675399;4;4%;1;12%;1;8%;1;;0;19%;1;-4%;0;3%;1;-1%;0;2%;1;16%;57%;44%;72%;60%;87%;39%;74%;86%;;86%;16%;74%;24%;59%;87%;Stability;65%;6;67%;66%
UAL;24250124288;74.25;92.79739;0.249796498;USD;5598000000;42416644096;13%;1%;5%;6%;115%;1.711536531;5;4%;1;5%;1;1%;1;5%;1;-2%;0;1%;1;6%;1;1%;1;1%;1;97%;27%;18%;23%;99%;7%;41%;43%;58%;88%;57%;58%;90%;52%;58%;99%;Growth;42%;8;89%;65%
CLS;13757827072;119.6;120.19727;0.004993896;USD;620800000;14375750656;4%;4%;18%;13%;7%;10.36174603;5;7%;1;5%;1;-2%;0;-2%;0;9%;1;3%;1;2%;1;1%;1;26%;1;47%;42%;43%;34%;91%;31%;59%;42%;26%;24%;76%;77%;65%;63%;99%;91%;Growth;52%;7;78%;65%
CAT;1.61E+11;342.62;366.7948;0.070558636;USD;12132000000;1.98E+11;6%;10%;41%;32%;7%;9.415494245;4;12%;1;10%;1;-2%;0;-3%;0;6%;1;0%;1;-1%;0;1%;1;-3%;0;69%;73%;69%;64%;90%;28%;79%;70%;24%;17%;74%;58%;28%;64%;27%;90%;Growth;74%;5;56%;65%
JNJ;3.67E+11;152.56;169.18262;0.108957918;USD;22175000000;3.81E+11;6%;12%;87%;40%;-1%;108.2082027;4;8%;1;10%;1;2%;1;-2%;0;-5%;0;-13%;0;-1%;0;0%;1;-2%;0;65%;82%;88%;74%;38%;95%;64%;69%;68%;25%;50%;5%;36%;43%;33%;95%;Stability;85%;4;44%;65%
PEP;1.77E+11;128.99;151.15045;0.171799752;USD;12786000000;2.18E+11;6%;9%;53%;28%;1%;75.29655558;5;10%;1;7%;1;-2%;0;0%;0;-3%;0;1%;1;-1%;0;0%;1;1%;1;65%;70%;76%;58%;58%;88%;71%;57%;23%;43%;52%;59%;35%;45%;56%;88%;Stability;73%;5;56%;64%
TJX;1.42E+11;127;138.05333;0.087034094;USD;6302000000;1.55E+11;4%;14%;30%;41%;2%;21.2949717;5;15%;1;13%;1;-2%;0;1%;1;-3%;0;0%;1;-1%;0;1%;1;-5%;0;43%;85%;57%;75%;76%;53%;87%;78%;25%;56%;53%;53%;25%;51%;19%;76%;Growth;73%;5;56%;64%
IP;25014636544;47.385;53.88583;0.137191727;USD;314000000;34843852800;1%;4%;8%;18%;0%;102.1451477;5;2%;1;3%;1;1%;1;0%;0;-16%;0;1%;1;0%;1;0%;1;0%;1;18%;42%;25%;42%;39%;94%;31%;31%;57%;40%;32%;65%;49%;41%;48%;94%;Stability;51%;7;78%;64%
AMGN;1.46E+11;270.66;314.20407;0.160881068;USD;7445000000;1.95E+11;4%;8%;63%;38%;-6%;10.76553204;5;4%;1;11%;1;7%;1;3%;1;-39%;0;-2%;0;4%;1;-8%;0;7%;1;42%;63%;82%;70%;11%;32%;42%;72%;84%;84%;15%;22%;82%;3%;89%;32%;Stability;62%;6;67%;64%
AEM;59329396736;117.7722;126.38083;0.073095603;USD;3732150000;57734451200;6%;5%;10%;13%;8%;7.231004788;5;6%;1;7%;1;1%;1;3%;1;-24%;0;0%;0;4%;1;11%;1;5%;1;72%;48%;28%;35%;91%;22%;52%;56%;54%;79%;21%;36%;82%;95%;76%;91%;Growth;51%;7;78%;64%
COIN;66834587648;262.4;260.77777;-0.006182279;USD;2301503000;65810595840;3%;6%;4%;26%;-1%;9.973369072;4;11%;1;11%;1;0%;0;1%;1;21%;1;11%;1;5%;1;11%;1;8%;1;37%;55%;17%;55%;30%;29%;77%;73%;46%;67%;86%;95%;89%;95%;91%;30%;Growth;39%;8;89%;64%
YELP;2401751040;37.62;38.56778;0.025193514;USD;169288000;2128302336;8%;8%;15%;89%;0%;155.1496143;5;14%;1;25%;1;12%;1;;0;-21%;0;4%;1;-2%;0;0%;0;12%;1;82%;61%;34%;97%;40%;98%;83%;95%;91%;;23%;82%;17%;31%;95%;98%;Stability;72%;5;56%;64%
SHEL;1.96E+11;65.8699;77.50938;0.176704079;USD;29253000000;4.40E+11;7%;6%;15%;36%;6%;5.387444485;5;4%;1;9%;1;5%;1;1%;1;-6%;0;-1%;0;1%;1;1%;1;-5%;0;76%;52%;35%;68%;88%;18%;41%;65%;79%;66%;47%;34%;63%;64%;20%;88%;Growth;61%;6;67%;64%
HPQ;26113814528;27.701;32.42133;0.170402874;USD;4098000000;34876035072;12%;10%;;39%;1%;19.19927892;5;7%;1;8%;1;1%;1;4%;1;-1%;0;-2%;0;0%;0;1%;1;-11%;0;96%;74%;;73%;69%;51%;56%;60%;58%;86%;60%;26%;43%;53%;6%;69%;Growth;72%;5;56%;64%
DEO;62413406208;108.965;124.57143;0.143224246;USD;6001000000;2.69E+11;2%;9%;42%;27%;0%;86.33634439;5;9%;1;6%;1;-3%;0;1%;1;-10%;0;-1%;0;1%;1;1%;1;-1%;0;25%;68%;70%;57%;42%;91%;67%;47%;19%;57%;42%;30%;55%;49%;35%;91%;Stability;72%;5;56%;64%
PANW;1.24E+11;186.25;212.00958;0.13830647;USD;;1.22E+11;;2%;;45%;2%;28.89935197;4;13%;1;16%;1;3%;1;;0;11%;1;10%;1;-3%;0;2%;1;-7%;0;;30%;;76%;74%;65%;81%;84%;72%;;79%;94%;15%;76%;14%;74%;Growth;60%;6;67%;63%
PBI;1784435712;9.845;17;0.726764855;USD;330362000;3506549504;9%;-4%;341%;11%;20%;4.553535059;5;-6%;0;5%;1;11%;1;-6%;0;-30%;0;3%;1;5%;1;3%;1;11%;1;90%;13%;98%;32%;96%;15%;10%;39%;89%;8%;18%;78%;85%;85%;93%;96%;Growth;60%;6;67%;63%
DHR;1.31E+11;183.58;247.04625;0.345714402;USD;4825000000;1.50E+11;3%;7%;67%;33%;-1%;49.45367338;5;5%;1;7%;1;2%;1;0%;0;-29%;0;-1%;0;0%;0;1%;1;3%;1;34%;57%;83%;65%;32%;78%;46%;53%;65%;39%;18%;35%;45%;55%;63%;78%;Stability;71%;5;56%;63%
IFF;19107512320;74.7;91.606;0.226318608;USD;915000000;28702445568;3%;-3%;9%;9%;4%;18.34759987;5;1%;1;2%;1;1%;1;3%;1;17%;1;9%;1;-1%;0;4%;1;3%;1;32%;13%;26%;27%;83%;48%;21%;24%;61%;83%;83%;93%;30%;88%;68%;83%;Growth;37%;8;89%;63%
TGT;42869338112;94.35;105.78125;0.121157923;USD;5566000000;59699916800;9%;8%;18%;21%;-1%;13.57803729;5;7%;1;8%;1;1%;1;2%;1;3%;1;0%;0;1%;1;1%;1;-10%;0;89%;65%;42%;47%;31%;40%;58%;59%;52%;76%;66%;38%;56%;53%;10%;40%;Stability;49%;7;78%;63%
UNP;1.33E+11;222.04;242.79037;0.093453297;USD;9710000000;1.66E+11;6%;10%;17%;33%;-2%;23.85618953;5;10%;1;9%;1;-1%;0;2%;1;-5%;0;0%;1;2%;1;2%;1;0%;0;66%;73%;38%;66%;29%;58%;72%;63%;32%;78%;50%;56%;64%;71%;39%;58%;Stability;59%;6;67%;63%
VZ;1.82E+11;43.28;48.06739;0.110614372;USD;29143000000;3.53E+11;8%;5%;26%;4%;1%;43.35360785;5;5%;1;5%;1;0%;1;5%;1;-7%;0;1%;1;2%;1;1%;1;0%;0;83%;46%;51%;17%;66%;74%;43%;42%;51%;90%;46%;68%;63%;56%;38%;74%;Stability;47%;7;78%;62%
MDT;1.03E+11;80.175;95.83815;0.195362021;USD;5952000000;1.24E+11;5%;4%;31%;23%;0%;50.60541051;4;4%;1;6%;1;2%;1;0%;1;-36%;0;0%;0;1%;1;0%;0;2%;1;53%;43%;59%;50%;44%;80%;40%;47%;64%;47%;16%;45%;54%;30%;59%;80%;Stability;58%;6;67%;62%
SWKS;10394931200;69.24;69.40263;0.002348787;USD;623400000;10266086400;6%;13%;33%;64%;-6%;12.81482097;5;7%;1;20%;1;13%;1;0%;0;222%;1;-4%;0;1%;1;-3%;0;-6%;0;69%;83%;61%;89%;13%;38%;60%;91%;92%;38%;99%;12%;53%;12%;17%;38%;Stability;68%;5;56%;62%
WMT;7.68E+11;96.0429;107.8835;0.123284491;USD;29348000000;8.33E+11;4%;6%;23%;19%;0%;56.35972151;5;7%;1;5%;1;-3%;0;2%;1;-1%;0;1%;1;-1%;0;0%;1;4%;1;37%;53%;48%;44%;40%;82%;62%;41%;21%;68%;61%;65%;28%;48%;75%;82%;Stability;57%;6;67%;62%
TMUS;2.75E+11;241.76;269.2185;0.113577515;USD;18812000000;3.83E+11;5%;3%;17%;5%;5%;12.22092934;5;5%;1;5%;1;-1%;0;-1%;0;0%;1;1%;1;1%;1;2%;1;1%;1;54%;35%;40%;19%;87%;37%;48%;41%;41%;30%;63%;67%;61%;75%;56%;87%;Growth;45%;7;78%;61%
SE;97606328320;164.87;174.80606;0.060266028;USD;1047464000;90686013440;1%;-5%;-5%;9%;3%;18.17153369;5;2%;1;13%;1;11%;1;9%;1;5%;1;1%;1;3%;1;-2%;0;5%;1;20%;11%;12%;29%;80%;47%;29%;77%;90%;97%;72%;64%;79%;17%;80%;80%;Growth;33%;8;89%;61%
ISRG;1.93E+11;539.51;575.7757;0.067219699;USD;2457600000;1.90E+11;1%;12%;23%;25%;-1%;55.35510946;5;12%;1;7%;1;-5%;0;;0;-68%;0;1%;1;2%;1;1%;1;-2%;0;20%;79%;47%;54%;35%;81%;80%;54%;12%;;8%;60%;71%;60%;32%;81%;Stability;66%;5;56%;61%
AVGO;1.08E+12;228.9;239.24757;0.045205636;USD;18725000000;1.24E+11;15%;12%;127%;40%;1%;19.04091028;5;4%;1;12%;1;8%;1;12%;1;-164%;0;-16%;0;-12%;0;-6%;0;-18%;0;98%;80%;93%;73%;61%;50%;37%;74%;87%;99%;3%;4%;2%;6%;2%;61%;Growth;77%;4;44%;61%
SYY;34618564608;71.415;79.77824;0.11710761;USD;3176000000;47997427712;7%;6%;32%;27%;1%;77.00600757;4;8%;1;9%;1;1%;1;-1%;0;-5%;0;0%;1;0%;0;0%;1;-18%;0;75%;54%;60%;58%;54%;89%;65%;63%;54%;33%;49%;49%;39%;43%;3%;89%;Stability;65%;5;56%;60%
ROST;44290650112;134.69;150.7275;0.119069716;USD;2585586000;51014754304;5%;13%;24%;38%;0%;24.81959303;5;14%;1;11%;1;-3%;0;5%;1;-15%;0;1%;1;-1%;0;0%;1;-1%;0;56%;84%;48%;70%;48%;59%;84%;72%;16%;92%;33%;61%;26%;48%;36%;59%;Stability;65%;5;56%;60%
ORLY;78479671296;1377.09;1457.483;0.0583789;USD;3240142000;85691211776;4%;17%;62%;63%;-1%;71.35636427;4;16%;1;14%;1;-2%;0;3%;1;-2%;0;-1%;0;-1%;0;0%;0;-2%;0;41%;91%;80%;89%;34%;88%;88%;80%;22%;83%;58%;32%;29%;35%;31%;88%;Stability;87%;3;33%;60%
INFY;75299504128;18.13;19.20969;0.059552675;USD;4012000000;69736603648;6%;19%;51%;69%;-5%;14.03526995;4;19%;1;17%;1;-2%;0;;0;50%;1;0%;0;1%;1;0%;0;-7%;0;64%;94%;76%;93%;16%;41%;93%;88%;28%;;97%;40%;58%;34%;16%;41%;Stability;76%;4;44%;60%
ABBV;3.24E+11;183.31;210.56705;0.148693743;USD;12913000000;3.87E+11;3%;6%;;64%;0%;18.5827311;4;3%;1;13%;1;10%;1;-6%;0;-21%;0;0%;0;-3%;0;8%;1;1%;1;36%;51%;;89%;54%;50%;35%;78%;88%;9%;25%;37%;12%;93%;57%;54%;Growth;65%;5;56%;60%
COST;4.49E+11;1012.66;1054.2885;0.041108072;USD;9751000000;4.47E+11;2%;9%;27%;32%;-1%;37.06899416;5;11%;1;9%;1;-1%;0;-1%;0;-10%;0;1%;1;0%;0;0%;1;13%;1;24%;71%;54%;63%;36%;69%;74%;68%;35%;34%;41%;67%;42%;46%;96%;69%;Stability;64%;5;56%;60%
MMC;1.13E+11;229.09;233.06367;0.017345454;USD;5897000000;1.34E+11;4%;8%;114%;25%;0%;99.11873736;5;7%;1;7%;1;0%;0;-10%;0;3%;1;-1%;0;-1%;0;0%;1;-4%;0;48%;64%;92%;52%;49%;93%;59%;55%;46%;3%;68%;34%;30%;47%;22%;93%;Stability;75%;4;44%;60%
FDX;51652755456;215.58;277.22934;0.285969663;USD;5987000000;;;5%;10%;15%;0%;131.0700712;4;5%;1;4%;1;-1%;0;0%;1;-1%;0;0%;1;1%;1;0%;1;-3%;0;;47%;27%;37%;49%;97%;45%;32%;31%;51%;61%;55%;53%;46%;27%;97%;Stability;52%;6;67%;59%
MCD;2.25E+11;314.14;332.00394;0.056866174;USD;11787000000;2.76E+11;4%;14%;28%;48%;2%;40.26170379;5;15%;1;12%;1;-3%;0;-3%;0;3%;1;0%;0;-1%;0;0%;0;2%;1;45%;87%;56%;79%;70%;73%;86%;75%;19%;14%;65%;42%;32%;28%;58%;73%;Stability;74%;4;44%;59%
MMM;79726133248;148.14;150.71556;0.017385986;USD;4919000000;87777804288;6%;5%;;39%;-4%;11.61217928;5;10%;1;2%;1;-9%;0;-2%;0;34%;1;24%;1;-8%;0;2%;1;13%;1;61%;46%;;72%;18%;36%;73%;21%;7%;22%;94%;99%;5%;78%;96%;36%;Stability;51%;6;67%;59%
FCX;55365505024;38.55;44.17474;0.145907652;USD;6533000000;70689751040;9%;6%;17%;18%;-8%;8.910870716;5;3%;1;4%;1;1%;1;0%;1;0%;1;0%;0;3%;1;-1%;0;3%;1;89%;50%;37%;42%;8%;27%;36%;37%;55%;49%;62%;44%;80%;21%;66%;27%;Stability;39%;7;78%;58%
PYPL;68018958336;69.94;83.02333;0.187065056;USD;5979000000;71652466688;8%;5%;35%;26%;-6%;11.43011513;4;5%;1;8%;1;3%;1;0%;0;-3%;0;0%;0;3%;1;0%;1;3%;1;84%;45%;64%;55%;12%;35%;46%;61%;74%;37%;55%;43%;79%;38%;65%;35%;Stability;50%;6;67%;58%
AAL;7337071104;11.125;13.34957;0.199961348;USD;2947000000;36101439488;8%;0%;4%;4%;516%;1.49002751;5;1%;1;2%;1;1%;1;6%;1;-7%;0;0%;1;0%;1;-1%;0;4%;1;83%;18%;16%;18%;100%;5%;25%;24%;53%;94%;44%;49%;48%;21%;74%;100%;Growth;38%;7;78%;58%
ANF;3515728896;73.8;117.8;0.596205962;USD;740820000;3829548800;19%;9%;22%;31%;1%;19.25630108;5;17%;1;16%;1;-1%;0;;0;-11%;0;6%;1;-1%;0;1%;1;6%;1;99%;70%;46%;63%;63%;51%;90%;85%;33%;;40%;89%;34%;63%;84%;63%;Growth;60%;5;56%;58%
CSCO;2.49E+11;62.78;69.15591;0.101559573;USD;;2.65E+11;;11%;102%;46%;0%;60.60736016;4;8%;1;8%;1;0%;0;-9%;0;-48%;0;-4%;0;-10%;0;2%;1;-13%;0;;77%;90%;78%;51%;84%;66%;61%;47%;5%;11%;14%;4%;76%;5%;84%;Stability;82%;3;33%;58%
PINS;20863762432;30.835;40.53526;0.314586022;USD;198756000;19011604480;1%;9%;2%;51%;0%;44.16555707;5;35%;1;18%;1;-17%;0;;0;-178%;0;36%;1;1%;1;2%;1;-17%;0;19%;69%;14%;81%;43%;75%;99%;89%;2%;;3%;100%;55%;74%;3%;75%;Stability;60%;5;56%;58%
NEM;59729141760;53.665;62.84158;0.170997484;USD;6968000000;62052290560;11%;1%;7%;12%;2%;4.966993826;5;6%;1;5%;1;-1%;0;-1%;0;37%;1;10%;1;5%;1;13%;1;12%;1;94%;21%;24%;33%;69%;16%;50%;44%;40%;32%;95%;95%;88%;96%;95%;69%;Growth;37%;7;78%;57%
DAL;31179812864;47.752;57.85957;0.211667993;USD;5950000000;51127566336;12%;3%;16%;5%;53%;2.274771113;5;5%;1;4%;1;-1%;0;5%;1;-2%;0;-2%;0;2%;1;0%;1;3%;1;96%;36%;35%;21%;98%;9%;43%;33%;39%;89%;59%;27%;72%;38%;67%;98%;Growth;48%;6;67%;57%
T;1.97E+11;27.315;29.25808;0.071136006;USD;24376000000;3.52E+11;7%;2%;17%;20%;3%;27.1711927;5;3%;1;5%;1;2%;1;1%;1;-5%;0;-1%;0;0%;0;1%;1;1%;1;77%;30%;38%;44%;79%;62%;32%;40%;67%;67%;49%;33%;41%;54%;53%;79%;Growth;48%;6;67%;57%
GLW;41264771072;48.18;52.17692;0.082958074;USD;1326000000;48787689472;3%;4%;7%;16%;-3%;15.49141853;5;2%;1;4%;1;2%;1;0%;1;-5%;0;0%;0;1%;1;1%;1;3%;1;28%;39%;24%;38%;22%;44%;27%;32%;63%;54%;51%;41%;62%;66%;68%;44%;Stability;36%;7;78%;57%
DE;1.39E+11;510.51;534.35864;0.046715324;USD;10227000000;2.00E+11;5%;8%;21%;14%;7%;8.95332904;5;7%;1;4%;1;-2%;0;-3%;0;17%;1;-3%;0;0%;1;2%;1;-11%;0;57%;64%;45%;35%;89%;27%;53%;34%;21%;16%;84%;19%;47%;69%;8%;89%;Growth;58%;5;56%;57%
AMZN;2.14E+12;201.3376;237.86478;0.181422546;USD;71691000000;2.22E+12;3%;6%;12%;5%;5%;14.78317959;5;9%;1;5%;1;-4%;0;3%;1;2%;1;4%;1;-1%;0;2%;1;-7%;0;34%;49%;31%;21%;87%;42%;70%;45%;13%;80%;64%;81%;32%;72%;16%;87%;Growth;47%;6;67%;57%
FSLR;17159040000;160;201.01772;0.25636075;USD;1372953000;16507305984;8%;6%;8%;-12%;21%;1.492253812;5;11%;1;-3%;0;-13%;0;1%;1;-110%;0;3%;1;5%;1;5%;1;3%;1;84%;54%;25%;11%;97%;5%;74%;10%;5%;66%;5%;74%;87%;89%;64%;97%;Growth;47%;6;67%;57%
HON;1.43E+11;221.65;238.09695;0.074202346;USD;7785000000;1.68E+11;5%;8%;60%;25%;2%;40.13434051;5;8%;1;7%;1;-1%;0;-7%;0;5%;1;-2%;0;0%;0;1%;1;-8%;0;51%;66%;78%;53%;74%;72%;63%;50%;36%;7%;71%;27%;40%;56%;12%;74%;Growth;68%;4;44%;56%
HOG;2926646016;24.09;28.621;0.188086343;USD;314047000;9400927232;3%;5%;34%;22%;-1%;30.42157077;5;4%;1;7%;1;3%;1;3%;1;-12%;0;-2%;0;3%;1;-3%;0;-4%;0;36%;49%;63%;48%;37%;67%;38%;58%;74%;85%;37%;25%;78%;14%;21%;67%;Stability;57%;5;56%;56%
HAL;16949281792;19.715;29.11519;0.476803956;USD;3738000000;23971911680;16%;8%;28%;27%;12%;6.245823786;5;10%;1;9%;1;0%;0;3%;1;-1%;0;-1%;0;1%;1;0%;0;-4%;0;99%;67%;55%;56%;93%;20%;72%;68%;43%;81%;59%;32%;61%;32%;23%;93%;Growth;68%;4;44%;56%
DOCU;17235032064;85.11;91.74333;0.077938315;USD;229649000;16679719936;1%;5%;61%;67%;1%;125.0858986;5;27%;1;23%;1;-4%;0;;0;-13%;0;24%;1;-7%;0;0%;0;-19%;0;21%;47%;79%;92%;55%;96%;98%;94%;14%;;36%;99%;6%;33%;2%;96%;Stability;79%;3;33%;56%
GFI;20685508608;23.07;23;-0.003034244;USD;2093200000;21977434112;10%;10%;27%;10%;1%;12.83200697;5;12%;1;4%;1;-8%;0;-10%;0;-11%;0;4%;1;2%;1;6%;1;-3%;0;90%;74%;53%;30%;68%;39%;79%;35%;9%;4%;39%;81%;74%;91%;24%;68%;Growth;56%;5;56%;56%
PLTR;2.90E+11;122.855;96.61391;-0.213593993;USD;405570000;2.84E+11;0%;-4%;-4%;37%;1%;62.06042864;5;7%;1;18%;1;11%;1;;0;41%;1;3%;1;3%;1;0%;0;-4%;0;15%;11%;13%;69%;62%;85%;60%;89%;89%;;96%;75%;75%;28%;22%;85%;Stability;45%;6;67%;56%
KO;3.09E+11;71.685;77.6684;0.08346795;USD;14066000000;3.44E+11;4%;11%;103%;35%;0%;48.09811148;5;11%;1;5%;1;-6%;0;-6%;0;-10%;0;0%;0;-5%;0;2%;1;0%;0;44%;75%;90%;68%;53%;77%;74%;40%;11%;10%;40%;38%;7%;68%;40%;77%;Stability;78%;3;33%;55%
LVS;28279250944;40.02;51.01235;0.274671414;USD;2352000000;39476850688;6%;4%;6%;6%;9%;7.350859788;5;7%;1;8%;1;1%;1;4%;1;-57%;0;1%;1;-1%;0;-1%;0;7%;1;67%;40%;21%;23%;92%;22%;57%;60%;56%;87%;10%;66%;27%;23%;87%;92%;Growth;44%;6;67%;55%
CAH;36401819648;152.515;155.47467;0.019405763;USD;2265000000;41798856704;5%;0%;61%;23%;-8%;8.816905337;5;2%;1;7%;1;5%;1;-1%;0;-2%;0;1%;1;2%;1;0%;0;30%;1;60%;20%;79%;50%;9%;26%;27%;57%;80%;30%;58%;64%;67%;35%;100%;26%;Stability;44%;6;67%;55%
AXP;2.00E+11;285.13;292.98114;0.0275353;USD;;2.02E+11;;4%;;23%;;;5;4%;1;4%;1;1%;1;0%;1;;0;1%;1;-2%;0;;0;1%;1;;39%;;48%;;;37%;38%;53%;43%;;58%;20%;;53%;;Neither;44%;6;67%;55%
RBLX;56141565952;82.77;74.97935;-0.094124079;USD;-1015698000;54536998912;-2%;-15%;-61%;18%;2%;47.46782663;5;-13%;0;9%;1;22%;1;2%;1;-6%;0;6%;1;7%;1;1%;1;5%;1;11%;5%;2%;41%;71%;77%;5%;64%;97%;77%;48%;88%;93%;59%;77%;77%;Stability;31%;7;78%;54%
XYZ;36021661696;58.57;67.19537;0.147266006;USD;1770067000;34381262848;5%;2%;6%;6%;14%;6.28302211;5;8%;1;4%;1;-4%;0;-2%;0;32%;1;8%;1;4%;1;3%;1;-1%;0;58%;28%;21%;22%;94%;21%;65%;36%;14%;21%;93%;92%;84%;84%;36%;94%;Growth;41%;6;67%;54%
JCI;64146419712;97.48;100.48714;0.030848789;USD;3283000000;76075573248;4%;4%;94%;16%;1%;65.99943429;5;4%;1;4%;1;0%;0;0%;0;-3%;0;0%;0;0%;0;0%;1;1%;1;46%;41%;89%;38%;65%;86%;40%;33%;44%;38%;52%;39%;39%;42%;52%;86%;Stability;64%;4;44%;54%
GE;2.47E+11;232.07;228.11722;-0.017032706;USD;7478000000;2.53E+11;3%;2%;26%;13%;17%;5.12865078;5;5%;1;3%;1;-2%;0;-3%;0;-23%;0;0%;0;0%;1;2%;1;11%;1;29%;29%;51%;34%;95%;17%;48%;30%;23%;19%;22%;43%;52%;78%;93%;95%;Growth;52%;5;56%;54%
B;32765833216;19.0509;24.35615;0.278477657;USD;4724000000;41839280128;11%;3%;11%;9%;-2%;7.045437969;5;5%;1;3%;1;-2%;0;0%;1;-27%;0;2%;1;1%;1;8%;1;2%;1;95%;36%;28%;28%;28%;21%;42%;29%;28%;53%;19%;70%;63%;93%;62%;28%;Growth;30%;7;78%;54%
OXY;40270721024;40.92;49.53962;0.21064565;USD;6100000000;72483168256;8%;8%;12%;36%;6%;4.942619819;5;4%;1;5%;1;2%;1;-4%;0;4%;1;-3%;0;-3%;0;0%;0;-7%;0;85%;63%;32%;68%;88%;16%;37%;44%;63%;11%;69%;21%;13%;36%;15%;88%;Growth;63%;4;44%;54%
RTX;1.78E+11;133.265;138.58478;0.039918808;USD;6703000000;2.19E+11;3%;3%;26%;11%;-1%;16.23331235;5;3%;1;2%;1;-1%;0;2%;1;-4%;0;1%;1;-1%;0;2%;1;7%;1;31%;34%;52%;32%;38%;45%;34%;26%;42%;77%;51%;62%;37%;69%;86%;45%;Stability;40%;6;67%;54%
BMY;95109464064;46.735;57.18682;0.223640098;USD;7870000000;1.35E+11;6%;3%;51%;58%;-3%;22.23864705;5;-10%;0;15%;1;25%;1;-13%;0;-17%;0;-18%;0;2%;1;-5%;0;5%;1;64%;34%;75%;86%;21%;54%;6%;83%;98%;2%;29%;2%;67%;7%;78%;54%;Stability;62%;4;44%;53%
EQNR;64060997632;23.675;25.328;0.069820486;USD;31616000000;68860502016;46%;10%;50%;53%;-4%;6.151441544;5;7%;1;6%;1;-1%;0;1%;1;-24%;0;-2%;0;-4%;0;-3%;0;4%;1;100%;71%;75%;82%;19%;20%;53%;49%;40%;60%;21%;28%;11%;11%;72%;20%;Stability;62%;4;44%;53%
PAAS;8791806976;24.27;31.8375;0.311804697;USD;530700000;8554931712;6%;-2%;3%;5%;-5%;1.699165587;5;2%;1;6%;1;4%;1;0%;0;28%;1;3%;1;5%;1;7%;1;7%;1;70%;15%;16%;21%;16%;6%;26%;46%;76%;41%;90%;77%;86%;92%;87%;16%;Growth;17%;8;89%;53%
CEG;93857103872;299.464;292.75858;-0.022391406;USD;4695000000;98241757184;5%;2%;7%;-37%;19%;2.188544698;5;7%;1;-10%;0;-17%;0;1%;1;26%;1;4%;1;6%;1;12%;1;-5%;0;53%;31%;23%;6%;95%;8%;58%;6%;3%;61%;88%;82%;91%;96%;20%;95%;Growth;39%;6;67%;53%
URBN;6690109440;72.2;67.07143;-0.071032825;USD;473764000;7226205696;7%;7%;15%;15%;2%;15.67057924;5;9%;1;7%;1;-2%;0;;0;10%;1;2%;1;0%;0;1%;1;-3%;0;74%;58%;33%;36%;72%;44%;68%;56%;26%;;77%;72%;38%;67%;28%;72%;Growth;50%;5;56%;53%
RIO;1.02E+11;61.5799;77.93833;0.265645608;USD;14784000000;1.07E+11;14%;13%;26%;40%;-7%;10.18260421;5;11%;1;6%;1;-5%;0;0%;0;-6%;0;2%;1;-2%;0;-4%;0;0%;1;97%;85%;52%;74%;10%;30%;76%;48%;12%;40%;46%;69%;21%;10%;44%;30%;Stability;60%;4;44%;52%
TEAM;54207488000;206.5;279.438;0.353210654;USD;-168863000;52954488832;0%;-13%;-16%;72%;-1%;65.30993938;5;-6%;0;27%;1;33%;1;5%;1;-17%;0;6%;1;7%;1;-1%;0;-2%;0;13%;6%;7%;95%;33%;86%;11%;96%;99%;88%;29%;89%;92%;26%;28%;86%;Stability;49%;5;56%;52%
TXN;1.59E+11;175.085;178.54832;0.019780792;USD;5503000000;1.72E+11;3%;24%;42%;42%;-5%;13.33456855;5;14%;1;4%;1;-9%;0;-3%;0;-43%;0;-7%;0;0%;1;-5%;0;-10%;0;33%;98%;70%;75%;15%;40%;84%;35%;7%;15%;14%;9%;46%;8%;9%;40%;Stability;71%;3;33%;52%
UNH;2.66E+11;292.97;397.3644;0.356331365;USD;33475000000;3.26E+11;10%;7%;;30%;-3%;22.71112021;5;5%;1;7%;1;2%;1;-3%;0;3%;1;-3%;0;-2%;0;-2%;0;-2%;0;93%;60%;;61%;23%;55%;45%;54%;68%;18%;68%;18%;16%;15%;32%;55%;Stability;59%;4;44%;52%
SBUX;96059891712;84.53;91.01552;0.076724477;USD;4380600000;1.18E+11;4%;13%;34%;45%;-2%;22.27257329;5;12%;1;11%;1;-1%;0;0%;1;-3%;0;-2%;0;-2%;0;-1%;0;-7%;0;40%;84%;63%;77%;24%;55%;78%;71%;31%;51%;55%;24%;21%;25%;16%;55%;Stability;70%;3;33%;52%
ADI;1.04E+11;209.11;246.07767;0.176785759;USD;2023152000;1.10E+11;2%;5%;58%;27%;-3%;20.34343373;5;3%;1;6%;1;3%;1;-2%;0;47%;1;-3%;0;-1%;0;-7%;0;-6%;0;22%;44%;77%;56%;24%;52%;35%;49%;73%;25%;96%;17%;33%;5%;18%;52%;Stability;57%;4;44%;51%
PSX;45828513792;112.48;133.316;0.185241821;USD;604000000;64442601472;1%;7%;12%;28%;3%;3.914011943;5;3%;1;3%;1;0%;1;-1%;0;-7%;0;-6%;0;-3%;0;-4%;0;2%;1;19%;59%;31%;59%;78%;13%;33%;31%;50%;29%;45%;10%;12%;9%;61%;78%;Growth;57%;4;44%;51%
SHOP;1.33E+11;102.6;114.63783;0.117327778;USD;1192000000;1.30E+11;1%;-1%;1%;20%;-2%;24.54467084;5;15%;1;11%;1;-3%;0;;0;-328%;0;13%;1;3%;1;1%;1;1%;1;18%;16%;13%;45%;25%;58%;84%;73%;16%;;1%;96%;80%;50%;55%;58%;Stability;33%;6;67%;50%
TRIP;1612546176;13.655;16.86111;0.234793848;USD;121400000;1742937472;7%;-1%;6%;25%;0%;75.43816582;5;0%;1;3%;1;3%;1;1%;1;-17%;0;0%;0;-4%;0;0%;0;1%;1;77%;16%;20%;53%;51%;89%;17%;28%;71%;58%;31%;42%;10%;26%;54%;89%;Stability;44%;5;56%;50%
CDE;5018422784;7.845;9.94444;0.267615041;USD;279037000;5371127808;5%;-2%;5%;-36%;10%;1.752879027;5;3%;1;0%;0;-3%;0;2%;1;-10%;0;8%;1;14%;1;20%;1;6%;1;58%;15%;19%;6%;93%;7%;32%;15%;17%;69%;41%;90%;98%;98%;84%;93%;Growth;33%;6;67%;50%
ROKU;9977551872;68.03;84.45444;0.241429369;USD;-203861000;8553223680;-2%;-7%;-14%;10%;-5%;13.6841508;4;-3%;0;5%;1;8%;1;;0;21%;1;14%;1;1%;1;0%;1;14%;1;9%;10%;8%;30%;15%;41%;13%;42%;86%;;87%;96%;58%;40%;97%;41%;Stability;22%;7;78%;50%
BIOX;289822816;4.7942;7.625;0.590463477;USD;40525503;;;0%;31%;-6%;-3%;15.46826611;5;0%;1;2%;1;2%;1;2%;1;-9%;0;-2%;0;5%;1;-3%;0;3%;1;;17%;58%;12%;21%;43%;18%;25%;66%;75%;43%;25%;86%;10%;69%;43%;Stability;33%;6;67%;50%
CX;10374294528;7.105;7.85357;0.105358198;USD;1699447000;1.07E+11;2%;3%;19%;11%;1%;25.25522316;5;3%;1;2%;1;-1%;0;2%;1;9%;1;3%;1;-1%;0;0%;0;-2%;0;21%;32%;43%;31%;67%;60%;36%;25%;33%;76%;76%;76%;26%;33%;30%;67%;Growth;43%;5;56%;50%
BB;2283896064;3.825;4.39167;0.14814902;USD;13100000;2207719936;1%;-17%;;-30%;4%;11.9000208;5;-6%;0;0%;1;7%;1;-1%;0;29%;1;3%;1;2%;1;13%;1;-20%;0;16%;5%;;7%;85%;37%;10%;20%;83%;31%;91%;78%;72%;97%;1%;85%;Growth;32%;6;67%;49%
VST;53135994880;156.59;166.965;0.066255827;USD;3875000000;72115437568;5%;1%;5%;11%;58%;1.550934471;5;7%;1;7%;1;0%;0;-4%;0;-22%;0;3%;1;-5%;0;6%;1;1%;1;59%;22%;18%;32%;98%;6%;58%;50%;43%;12%;22%;74%;8%;91%;51%;98%;Growth;43%;5;56%;49%
BP;75558273024;28.87;33.81176;0.171172844;USD;12219000000;5.13E+11;2%;2%;19%;25%;3%;4.291955306;5;0%;1;4%;1;4%;1;-2%;0;4%;1;-5%;0;-2%;0;-7%;0;-8%;0;25%;29%;44%;54%;81%;14%;16%;36%;77%;22%;70%;11%;19%;6%;13%;81%;Growth;52%;4;44%;48%
MU;1.04E+11;92.84;123.34697;0.328597264;USD;6130000000;1.13E+11;5%;3%;6%;-1%;-16%;0.998913925;5;1%;1;0%;1;-1%;0;2%;1;-182%;0;10%;1;10%;1;31%;1;12%;1;61%;37%;20%;15%;4%;3%;24%;18%;37%;78%;2%;94%;95%;99%;95%;4%;Growth;19%;7;78%;48%
NUE;25323769856;109.745;146.73582;0.337061552;USD;2125000000;30406772736;7%;17%;37%;54%;-24%;3.00757906;5;6%;1;2%;1;-4%;0;2%;1;-106%;0;-7%;0;-11%;0;-9%;0;-8%;0;78%;91%;66%;84%;1%;11%;51%;26%;15%;74%;6%;8%;4%;3%;13%;11%;Stability;63%;3;33%;48%
TWLO;17358270464;113.695;128.79713;0.132830204;USD;26151000;16344751104;0%;-7%;-13%;5%;1%;32.33235312;4;-1%;0;7%;1;8%;1;-2%;0;-244%;0;8%;1;4%;1;2%;1;9%;1;15%;9%;8%;22%;68%;69%;16%;51%;85%;27%;2%;91%;81%;73%;92%;69%;Stability;27%;6;67%;47%
CVX;2.34E+11;135.215;162.4641;0.201524239;USD;17262000000;2.62E+11;7%;9%;16%;36%;0%;29.12740126;4;7%;1;6%;1;-1%;0;0%;0;-21%;0;-1%;0;-2%;0;-1%;0;0%;1;74%;68%;36%;69%;47%;65%;55%;48%;36%;42%;24%;31%;22%;20%;43%;65%;Stability;59%;3;33%;46%
JOYY;2261285888;43.72;52.37273;0.197912397;USD;47667000;43559579648;0%;1%;3%;9%;4%;18.36223256;5;-2%;0;3%;1;5%;1;;0;-36%;0;-6%;0;0%;1;0%;1;3%;1;14%;20%;15%;29%;84%;49%;15%;30%;80%;;16%;11%;51%;39%;68%;84%;Growth;37%;5;56%;46%
HL;3229234176;5.105;7;0.371204701;USD;206878000;3686087680;6%;0%;3%;-3%;-8%;3.791166898;5;1%;1;0%;1;-1%;0;5%;1;-57%;0;4%;1;5%;1;6%;1;7%;1;62%;17%;15%;13%;10%;13%;24%;17%;35%;89%;9%;84%;88%;90%;89%;13%;Stability;14%;7;78%;46%
F;41077362688;10.3299;10.3113;-0.001800598;USD;4313000000;1.72E+11;3%;2%;7%;8%;-11%;6.113480026;5;2%;1;2%;1;0%;1;0%;1;-3%;0;0%;1;0%;0;-1%;0;0%;1;26%;32%;23%;26%;5%;19%;30%;26%;51%;46%;53%;57%;44%;24%;49%;19%;Stability;25%;6;67%;46%
PCAR;48970801152;93.285;100.97474;0.08243276;USD;4355500000;57127321600;8%;9%;17%;18%;3%;11.44764234;5;10%;1;7%;1;-3%;0;-2%;0;14%;1;-2%;0;-1%;0;-2%;0;-9%;0;80%;69%;40%;42%;80%;35%;70%;52%;18%;26%;82%;26%;38%;18%;12%;80%;Growth;58%;3;33%;46%
CVS;75673501696;59.82;79.2864;0.325416249;USD;10898000000;1.45E+11;8%;3%;69%;18%;-8%;8.860352542;5;2%;1;2%;1;1%;1;0%;0;-5%;0;-2%;0;-2%;0;-1%;0;4%;1;79%;33%;84%;41%;8%;26%;26%;27%;52%;35%;50%;29%;23%;20%;74%;26%;Stability;46%;4;44%;45%
PATH;6576189952;12.295;12.12944;-0.013465636;USD;-162569000;5253721600;-3%;-10%;-17%;17%;1%;51.23693638;5;-3%;0;11%;1;13%;1;;0;-70%;0;0%;1;1%;1;-2%;0;6%;1;8%;8%;7%;40%;57%;80%;14%;71%;93%;;7%;57%;56%;15%;82%;80%;Stability;34%;5;56%;45%
HSBC;2.09E+11;59.275;65.66;0.107718262;USD;;6.78E+11;;1%;;7%;;;5;1%;1;2%;1;1%;1;;0;;0;0%;1;1%;1;;0;0%;1;;21%;;24%;;;20%;23%;60%;;;47%;57%;;45%;;Neither;23%;6;67%;45%
VRTX;1.12E+11;434.86;500.1232;0.150078646;USD;4209900000;1.07E+11;4%;12%;38%;38%;-1%;98.37997605;5;-2%;0;-4%;0;-2%;0;;0;-130%;0;-18%;0;-19%;0;-1%;0;5%;1;43%;80%;68%;71%;36%;93%;14%;9%;26%;;4%;2%;2%;22%;81%;93%;Stability;78%;1;11%;45%
XOM;4.43E+11;102.72;123.64538;0.203712812;USD;39557000000;4.71E+11;8%;10%;17%;35%;-1%;16.2984944;5;7%;1;7%;1;-1%;0;2%;1;-17%;0;-2%;0;-2%;0;-3%;0;-14%;0;85%;72%;39%;67%;31%;45%;61%;52%;41%;70%;30%;23%;19%;13%;4%;45%;Stability;56%;3;33%;45%
HUT;1712334592;16.43;25.3;0.539866099;USD;52484000;2054259072;3%;-11%;39%;-29%;14%;3.707500439;3;22%;1;-22%;0;-44%;0;63%;1;-21%;0;56%;1;-5%;0;37%;1;-1%;0;27%;7%;68%;8%;94%;12%;95%;5%;1%;100%;26%;100%;9%;100%;34%;94%;Growth;44%;4;44%;44%
TTE;1.30E+11;57.855;67.72889;0.170666148;USD;23076000000;1.62E+11;14%;6%;22%;31%;0%;23.10155121;5;6%;1;6%;1;0%;1;-1%;0;-2%;0;-2%;0;-3%;0;0%;0;-9%;0;98%;56%;46%;62%;47%;56%;49%;47%;49%;32%;56%;23%;16%;34%;11%;56%;Stability;55%;3;33%;44%
GLOB;4387308032;99.59;154.09174;0.547261171;USD;233816000;4995677184;5%;6%;33%;17%;-2%;31.41239092;5;5%;1;4%;1;-1%;0;-9%;0;15%;1;-1%;0;-3%;0;0%;0;-1%;0;52%;51%;61%;39%;26%;68%;47%;37%;37%;5%;83%;35%;15%;30%;37%;68%;Stability;55%;3;33%;44%
AGRO;950835328;9.509;11.9;0.251445999;USD;186825000;2025856000;9%;5%;10%;17%;-13%;5.59985949;5;3%;1;2%;1;-1%;0;0%;1;40%;1;-4%;0;-4%;0;-3%;0;8%;1;88%;45%;27%;40%;5%;18%;34%;23%;37%;48%;95%;13%;11%;11%;90%;18%;Stability;32%;5;56%;44%
LMT;1.09E+11;467.3;524.22955;0.121826557;USD;7356000000;1.29E+11;6%;12%;66%;46%;-10%;7.446097806;5;10%;1;10%;1;0%;0;-2%;0;-9%;0;-4%;0;-2%;0;-3%;0;-1%;0;63%;79%;82%;77%;6%;23%;71%;68%;47%;21%;44%;16%;16%;12%;35%;23%;Stability;65%;2;22%;44%
SNAP;13787235328;8.25;9.7073;0.176642424;USD;-647908000;15091994624;-4%;-13%;-23%;7%;-2%;17.81825027;4;-9%;0;3%;1;12%;1;2%;1;-44%;0;8%;1;2%;1;0%;0;10%;1;7%;6%;6%;24%;26%;47%;7%;28%;91%;69%;13%;91%;73%;31%;92%;47%;Stability;21%;6;67%;44%
UBER;1.84E+11;88.135;95.8102;0.087084586;USD;3855000000;1.90E+11;2%;-3%;;19%;-5%;11.12711948;5;19%;1;13%;1;-6%;0;8%;1;-13%;0;14%;1;5%;1;0%;0;-11%;0;23%;14%;;43%;14%;34%;93%;79%;11%;96%;36%;97%;87%;29%;9%;34%;Stability;30%;5;56%;43%
CCL;30084667392;22.205;27.73167;0.248893042;USD;3840000000;57951567872;7%;-7%;-4%;-25%;;-0.202220397;5;4%;1;3%;1;-1%;0;5%;1;-17%;0;4%;1;1%;1;4%;1;7%;1;75%;9%;12%;9%;;1%;39%;27%;32%;91%;31%;84%;53%;87%;88%;1%;Stability;8%;7;78%;43%
MRVL;51916238848;60.1;97.39886;0.620613311;USD;-366400000;56963084288;-1%;-3%;-10%;20%;-4%;10.36243028;5;-4%;0;7%;1;11%;1;0%;0;-15%;0;0%;1;2%;1;0%;0;3%;1;13%;14%;11%;46%;20%;32%;12%;53%;90%;36%;34%;47%;69%;29%;64%;32%;Stability;26%;5;56%;41%
USB;66738212864;42.835;49.65217;0.159149527;USD;;1.02E+11;;1%;;7%;;;5;1%;1;2%;1;1%;1;-1%;0;;0;0%;1;0%;1;;0;0%;0;;25%;;25%;;;22%;22%;53%;33%;;50%;50%;;39%;;Neither;25%;5;56%;40%
SNOW;66731597824;200;221.2931;0.1064655;USD;-1456010000;66373181440;-2%;-11%;-34%;24%;2%;27.68127428;4;-14%;0;10%;1;24%;1;;0;-7%;0;-4%;0;1%;1;-1%;0;6%;1;9%;8%;4%;52%;75%;62%;5%;69%;97%;;45%;15%;54%;19%;83%;75%;Growth;35%;4;44%;40%
SCHW;1.59E+11;87.35;91.31579;0.045401145;USD;;1.46E+11;;1%;;5%;;;5;1%;1;0%;1;-1%;0;1%;1;;0;0%;1;-3%;0;;0;0%;1;;26%;;20%;;;25%;20%;38%;57%;;52%;11%;;47%;;Neither;23%;5;56%;39%
TSLA;1.09E+12;339.21;299.37952;-0.117421302;USD;7082000000;1.08E+12;1%;11%;17%;16%;-11%;5.096015938;5;6%;1;3%;1;-3%;0;-2%;0;30%;1;-8%;0;-1%;0;0%;0;-11%;0;17%;77%;37%;37%;6%;17%;50%;29%;18%;23%;92%;7%;27%;27%;8%;17%;Stability;42%;3;33%;38%
MRNA;9931535360;25.68;47.69565;0.857307243;USD;-3729000000;5103741440;-73%;2%;12%;71%;-14%;2.558924091;5;-25%;0;-29%;0;-3%;0;;0;25%;1;0%;1;-8%;0;24%;1;-14%;0;2%;32%;30%;94%;4%;9%;4%;4%;15%;;88%;55%;5%;99%;5%;9%;Stability;41%;3;33%;37%
LAC;618851840;2.8151;4.78462;0.699627011;USD;-29031000;429173408;-7%;46%;;-50%;;;5;-4%;0;-18%;0;-14%;0;;0;196%;1;-3%;0;34%;1;;0;0%;0;6%;100%;;5%;;;12%;5%;4%;;98%;20%;100%;;41%;;Neither;52%;2;22%;37%
JMIA;393718528;3.215;3.7544;0.16777605;USD;-74603000;702024896;-11%;-56%;-82%;-295%;-1%;43.03861334;4;-52%;0;-32%;0;20%;1;;0;33%;1;3%;1;8%;1;2%;1;-11%;0;4%;0%;1%;1%;37%;74%;2%;3%;95%;;94%;79%;94%;75%;7%;74%;Stability;19%;5;56%;37%
XRX;553476032;4.4;9.13667;1.076515909;USD;168000000;4044042496;4%;-6%;18%;21%;-3%;28.383779;5;-16%;0;6%;1;21%;1;-7%;0;-2%;0;-16%;0;-1%;0;-2%;0;6%;1;44%;11%;42%;47%;23%;64%;5%;46%;96%;7%;57%;3%;31%;16%;81%;64%;Stability;41%;3;33%;37%
AIG;47129387008;81.775;89.24824;0.091387832;USD;;44059607040;;1%;;12%;;;5;-1%;0;2%;1;3%;1;-4%;0;;0;-2%;0;1%;1;;0;12%;1;;23%;;33%;;;16%;22%;73%;13%;;29%;57%;;94%;;Neither;28%;4;44%;36%
FMCC;4927455232;7.58;3.25;-0.571240106;USD;;3.26E+12;;0%;;1%;;;5;0%;1;0%;1;0%;0;0%;1;;0;0%;1;0%;0;;0;0%;1;;18%;;16%;;;18%;19%;45%;54%;;47%;44%;;45%;;Neither;17%;5;56%;36%
BRK-B;1.09E+12;503.19;525;0.043343469;USD;;-2.19E+11;;6%;;8%;;;5;8%;1;1%;1;-7%;0;1%;1;;0;-1%;0;-2%;0;;0;-4%;0;;52%;;26%;;;63%;21%;10%;63%;;31%;22%;;21%;;Neither;39%;3;33%;36%
GM;46850727936;48.73;53.93185;0.10674841;USD;12400000000;1.65E+11;8%;3%;12%;-8%;-4%;10.06081855;5;2%;1;-2%;0;-4%;0;-2%;0;5%;1;-2%;0;-1%;0;1%;1;4%;1;80%;37%;30%;11%;20%;30%;30%;11%;13%;24%;72%;28%;33%;65%;75%;30%;Stability;27%;4;44%;36%
VIST;5279220736;49.62;69.38078;0.398242241;USD;635581000;5884388352;11%;11%;25%;5%;7%;8.483812052;5;11%;1;-2%;0;-14%;0;-12%;0;-19%;0;-4%;0;-3%;0;-1%;0;-6%;0;93%;75%;50%;19%;90%;25%;76%;10%;5%;3%;28%;15%;13%;22%;17%;90%;Growth;59%;1;11%;35%
ARCO;1531520128;7.27;10.92778;0.503133425;USD;302111000;3281689088;9%;5%;15%;8%;2%;18.32687984;5;5%;1;-2%;0;-7%;0;-1%;0;-11%;0;-1%;0;-3%;0;-1%;0;11%;1;87%;44%;34%;26%;76%;48%;47%;11%;10%;31%;39%;33%;14%;25%;94%;76%;Growth;45%;2;22%;34%
GT;3127019264;10.945;13.45714;0.229523984;USD;884000000;11469877248;8%;0%;9%;-5%;-3%;10.813947;4;0%;1;-2%;0;-3%;0;1%;1;-3%;0;4%;1;-2%;0;2%;1;-3%;0;81%;19%;26%;13%;22%;33%;17%;11%;20%;64%;54%;79%;17%;79%;26%;33%;Stability;22%;4;44%;33%
JPM;7.24E+11;260.43;267.01477;0.025284222;USD;;3.42E+11;;1%;;4%;;;5;1%;1;-1%;0;-3%;0;0%;1;;0;0%;1;-1%;0;;0;0%;1;;26%;;18%;;;26%;13%;21%;53%;;51%;24%;;47%;;Neither;22%;4;44%;33%
UPST;4258685440;44.76;59.29167;0.324657507;USD;;5192806912;;-4%;;-20%;;;5;-5%;0;7%;1;13%;1;-19%;0;;0;6%;1;14%;1;;0;1%;1;;12%;;9%;;;11%;58%;92%;1%;;89%;97%;;58%;;Neither;11%;5;56%;33%
SATL;376878176;3.62;;;USD;-44679000;471921536;-9%;-41%;-57%;-390%;3%;7.765764983;5;-188%;0;-66%;0;122%;1;;0;-44%;0;-109%;0;18%;1;11%;1;8%;1;5%;2%;3%;0%;79%;23%;0%;1%;100%;;13%;1%;99%;94%;90%;79%;Growth;21%;4;44%;33%
BK;63687929856;89.02;92.07143;0.034278027;USD;;-28922570752;;1%;;5%;;;5;1%;1;0%;0;-1%;0;0%;1;;0;0%;1;-1%;0;;0;0%;1;;22%;;20%;;;23%;17%;32%;50%;;53%;25%;;46%;;Neither;21%;4;44%;33%
WFC;2.37E+11;72.8146;78.25;0.074647117;USD;;2.06E+11;;1%;;3%;;;5;1%;1;0%;1;-1%;0;2%;1;;0;0%;1;-2%;0;;0;0%;0;;24%;;17%;;;23%;18%;38%;70%;;48%;21%;;40%;;Neither;21%;4;44%;32%
TEN;529040640;17.56;29;0.651480638;USD;229896000;1992461312;12%;4%;6%;-8%;405%;1.483853838;5;5%;1;-9%;0;-14%;0;4%;1;-47%;0;-4%;0;-12%;0;-7%;0;-5%;0;95%;37%;22%;11%;99%;4%;44%;7%;4%;86%;11%;14%;3%;5%;19%;99%;Growth;43%;2;22%;32%
SDA;296870880;2.81;12.5;3.448398577;USD;;372789504;;-15%;-54%;-28%;-8%;4.660593657;7;-28%;0;5%;1;32%;1;;0;-16%;0;-16%;0;19%;1;0%;1;16%;1;;5%;4%;8%;9%;15%;3%;38%;99%;;33%;3%;100%;39%;98%;15%;Stability;8%;5;56%;32%
GS;1.84E+11;598.66;585.579;-0.021850466;USD;;-1.01E+11;;1%;;-1%;;;5;1%;1;-1%;0;-2%;0;0%;1;;0;0%;1;0%;0;;0;0%;1;;24%;;14%;;;22%;14%;27%;48%;;53%;45%;;48%;;Neither;19%;4;44%;32%
C;1.36E+11;73.059;84.19048;0.152362885;USD;;-12845992960;;1%;;-2%;;;5;1%;1;-1%;0;-2%;0;0%;0;;0;0%;1;2%;1;;0;0%;1;;21%;;14%;;;19%;13%;29%;37%;;50%;71%;;47%;;Neither;17%;4;44%;31%
MUX;426016928;7.891;14.3125;0.813775187;USD;-6940000;462326432;-2%;-6%;-28%;-32%;;0.563833312;5;-7%;0;-2%;0;5%;1;0%;1;-89%;0;-15%;0;8%;1;7%;1;1%;1;11%;10%;5%;7%;;2%;9%;12%;79%;44%;7%;4%;94%;92%;53%;2%;Stability;6%;5;56%;31%
MOS;11055500288;34.85;37.3481;0.071681492;USD;787100000;15816250368;5%;7%;16%;20%;-19%;2.73321076;5;1%;1;0%;1;-1%;0;-1%;0;-15%;0;-4%;0;-4%;0;-3%;0;-11%;0;55%;58%;36%;46%;2%;11%;20%;19%;42%;34%;34%;13%;10%;13%;7%;11%;Stability;38%;2;22%;30%
AAP;2816493568;47.0725;44.85;-0.047214403;USD;-713306000;4939365888;-14%;1%;3%;10%;-6%;11.02060203;5;-3%;0;-1%;0;2%;1;-2%;0;12%;1;-3%;0;-1%;0;-4%;0;9%;1;3%;26%;14%;31%;12%;34%;13%;14%;69%;23%;80%;17%;24%;8%;91%;34%;Stability;26%;3;33%;30%
DOW;19834548224;28.06;35.95368;0.281314326;USD;1384000000;37228724224;4%;5%;14%;22%;-18%;3.360686599;5;2%;1;0%;0;-2%;0;-2%;0;-16%;0;1%;1;-5%;0;0%;0;-2%;0;41%;47%;32%;47%;3%;12%;29%;16%;25%;26%;32%;62%;8%;32%;30%;12%;Stability;35%;2;22%;28%
WBA;9654799360;11.165;12.2925;0.100985222;USD;-2820000000;39838654464;-7%;-2%;-7%;8%;-5%;12.62049779;5;-11%;0;0%;0;10%;1;-1%;0;5%;1;-7%;0;-1%;0;-2%;0;38%;1;5%;16%;11%;25%;14%;38%;6%;15%;89%;28%;71%;8%;35%;18%;100%;38%;Stability;22%;3;33%;28%
AI;3002556416;22.62;30.21286;0.335670203;USD;-317766000;2297314048;-14%;-19%;-25%;-39%;-9%;8.183107699;4;-27%;0;-9%;0;18%;1;;0;230%;1;-3%;0;8%;1;-10%;0;6%;1;3%;4%;5%;5%;7%;24%;4%;8%;95%;;99%;21%;95%;2%;82%;24%;Stability;9%;4;44%;27%
BAC;3.25E+11;43.21;49.06522;0.135506133;USD;;3.14E+11;;1%;;1%;;;5;1%;1;0%;0;-1%;0;1%;1;;0;0%;0;-2%;0;;0;0%;1;;23%;;15%;;;21%;16%;34%;62%;;46%;23%;;44%;;Neither;19%;3;33%;26%
X;10399425536;45.93;42.79143;-0.068333769;USD;-123000000;13442380800;-1%;10%;18%;15%;-29%;2.154832583;5;2%;1;-7%;0;-9%;0;0%;0;-21%;0;-2%;0;-4%;0;-2%;0;-11%;0;12%;74%;41%;37%;1%;8%;28%;9%;8%;39%;25%;22%;9%;14%;6%;8%;Stability;40%;1;11%;26%
FNMA;11905164288;10.28;2.5;-0.756809339;USD;;4.29E+12;;0%;;2%;;;5;0%;1;0%;0;-1%;0;0%;1;;0;0%;0;-1%;0;;0;0%;1;;19%;;16%;;;19%;16%;42%;50%;;45%;37%;;43%;;Neither;18%;3;33%;25%
CAR;4206171648;119.52;116.75;-0.023176037;USD;-229000000;30037886976;-1%;4%;11%;-106%;-6%;11.44954909;5;-6%;0;-23%;0;-16%;0;-6%;0;-6%;0;-11%;0;13%;1;-8%;0;1%;1;12%;38%;29%;3%;13%;36%;9%;4%;3%;8%;47%;5%;96%;4%;54%;36%;Stability;27%;2;22%;24%
LAR;296276992;1.83;4.64;1.535519126;USD;-33595000;497948992;-7%;17%;-12%;-19%;;;5;-1%;0;-2%;0;-1%;0;;0;-13%;0;-123%;0;4%;1;;0;0%;0;6%;92%;9%;10%;;;15%;12%;39%;;35%;0%;83%;;41%;;Neither;37%;1;11%;24%
MSTR;1.04E+11;375.24;530.2857;0.413190758;USD;-66454000;1.19E+11;0%;-23%;32%;-104%;-4%;18.50608234;5;-5%;0;-86%;0;-81%;0;18%;1;-12%;0;-14%;0;-46%;0;-6%;0;-9%;0;14%;4%;60%;3%;17%;49%;11%;0%;0%;99%;38%;5%;0%;7%;11%;49%;Stability;29%;1;11%;20%
INTC;87349043200;20.025;21.39;0.068164794;USD;-4132000000;1.25E+11;-3%;2%;5%;-15%;-16%;4.497595082;5;-10%;0;-8%;0;2%;1;1%;1;-22%;0;-10%;0;-1%;0;-7%;0;-1%;0;8%;28%;19%;10%;3%;14%;7%;8%;62%;63%;23%;6%;37%;4%;34%;14%;Stability;18%;2;22%;20%
RIOT;3099408128;8.6754;15.4;0.775134288;USD;-354485000;3577802752;-10%;-12%;-10%;-70%;-21%;1.447475833;5;3%;1;-39%;0;-41%;0;-15%;0;-460%;0;5%;1;-20%;0;21%;1;-4%;0;4%;7%;10%;4%;2%;4%;33%;2%;2%;2%;1%;86%;1%;98%;21%;4%;Stability;6%;3;33%;20%
RGTI;4019522048;13.845;14.8;0.06897797;USD;-73557000;3823156224;-2%;-53%;-63%;-85%;-10%;5.96436424;4;-71%;0;-22%;0;49%;1;;0;1372%;1;-24%;0;16%;1;-24%;0;-4%;0;10%;1%;1%;4%;7%;19%;1%;5%;100%;;100%;1%;98%;1%;23%;19%;Stability;6%;3;33%;20%
KOD;179659712;3.405;6.8;0.997063142;USD;-199867000;115362368;-173%;-47%;-58%;-242%;;;5;-53%;0;-35%;0;17%;1;;0;-21%;0;2%;1;6%;1;;0;0%;0;1%;1%;2%;1%;;;1%;3%;95%;;25%;71%;91%;;41%;;Neither;2%;3;33%;17%
BA;1.52E+11;201.47;208.86073;0.036684022;USD;-10210000000;1.86E+11;-6%;-4%;-13%;-8%;;0.798816874;4;-8%;0;-9%;0;-2%;0;1%;1;18%;1;-6%;0;-12%;0;-13%;0;-14%;0;7%;12%;9%;12%;;3%;8%;7%;30%;60%;85%;10%;3%;2%;4%;3%;Stability;9%;2;22%;16%
BITF;585423296;1.04;3.25;2.125;USD;-100436000;593140416;-17%;-24%;-10%;-181%;;0.270157125;5;-8%;0;-72%;0;-64%;0;;0;401%;1;21%;1;-25%;0;-2%;0;-10%;0;2%;3%;10%;2%;;2%;8%;1%;1%;;100%;98%;1%;16%;10%;2%;Stability;4%;2;22%;13%
SPCE;149877152;3.605;8.10714;1.248859917;USD;-353919000;156260432;-226%;-39%;-57%;-166%;;-0.714015423;5;-36%;0;-49%;0;-13%;0;-8%;0;-94%;0;7%;1;-8%;0;-536%;0;0%;1;1%;2%;3%;2%;;1%;3%;2%;5%;6%;6%;90%;5%;1%;46%;1%;Stability;2%;2;22%;12%
NG;1434452608;3.565;5.020473;0.408267321;USD;-23818000;1267727616;-2%;-33%;-17%;-39%;;;5;-42%;0;-12%;0;30%;1;-35%;0;-966%;0;-6%;0;-6%;0;;0;0%;0;10%;3%;6%;5%;;;2%;6%;98%;1%;0%;9%;7%;;41%;;Neither;5%;1;11%;8%
