Date,portfolio_return
2018-09-07,-0.004089685455758996
2018-09-10,0.0030501007359814867
2018-09-11,0.0013132129610005981
2018-09-12,0.0013350549516321308
2018-09-13,0.0034640762710623327
2018-09-14,-0.0004790968513907034
2018-09-17,-0.001701223798232854
2018-09-18,0.003650755862019284
2018-09-19,-0.00012361119508489394
2018-09-20,0.00604706947248177
2018-09-21,0.00022919668609919786
2018-09-24,-0.004109488836623565
2018-09-25,1.5428313823540104e-05
2018-09-26,-0.0010532049342029004
2018-09-27,0.0004975860483492078
2018-09-28,-0.0016479066127794817
2018-10-01,0.0015490732056093527
2018-10-02,-0.0030594921595216264
2018-10-03,-0.0013303798020923407
2018-10-04,-0.008983421371188549
2018-10-05,-0.004647036728333442
2018-10-08,-0.0007546134200238752
2018-10-09,-0.0021657871474173194
2018-10-10,-0.0206925653463792
2018-10-11,-0.012613721767514663
2018-10-12,0.006553291524146454
2018-10-15,-0.0012824468709546567
2018-10-16,0.014469559729747106
2018-10-17,-0.004097445832282776
2018-10-18,-0.011154231782850254
2018-10-19,0.0017835401111699677
2018-10-22,-0.002570445118356379
2018-10-23,-0.005665705361320305
2018-10-24,-0.018630371354977446
2018-10-25,0.011815108175451106
2018-10-26,-0.008540948971264695
2018-10-29,-0.0045769084203615695
2018-10-30,0.010117859585969623
2018-10-31,0.004549056090320036
2018-11-01,0.010629676111968855
2018-11-02,-0.0014620498326228804
2018-11-05,0.002293278685629452
2018-11-06,0.0030223611261912977
2018-11-07,0.011252598238986033
2018-11-08,-0.0055189134395987275
2018-11-09,-0.005567646080751487
2018-11-12,-0.011290283196367823
2018-11-13,0.00019962220415273844
2018-11-14,-0.0012319125722590864
2018-11-15,0.003968548949852946
2018-11-16,0.0023733558917846454
2018-11-19,-0.008401553062456556
2018-11-20,-0.013763428225452535
2018-11-21,0.007302070123233228
2018-11-23,-0.004694812315576291
2018-11-26,0.009111636285961122
2018-11-27,-0.000480852921041186
2018-11-28,0.012608042527493857
2018-11-29,-0.0010371205122538198
2018-11-30,0.0014781860087826227
2018-12-03,0.009853188285197633
2018-12-04,-0.020003645946892502
2018-12-06,-0.001334487508993065
2018-12-07,-0.01251392249477703
2018-12-10,-0.003323728612281618
2018-12-11,0.0003277415246553783
2018-12-12,0.005578515204596024
2018-12-13,-0.0016715491954831685
2018-12-14,-0.010117777939771578
2018-12-17,-0.013786652891785333
2018-12-18,0.0014320789884030962
2018-12-19,-0.008650123725898662
2018-12-20,-0.009225517690328288
2018-12-21,-0.012049031250094499
2018-12-24,-0.014037691134332607
2018-12-26,0.027326333132272552
2018-12-27,0.0028442099527968834
2018-12-28,0.0013059644240055236
2018-12-31,0.0031115000362044176
2019-01-02,-6.263432310942281e-05
2019-01-03,-0.008921285794650425
2019-01-04,0.022701934153720127
2019-01-07,0.005041826785382985
2019-01-08,0.00688068105337356
2019-01-09,0.008344633460883077
2019-01-10,0.003851465654762376
2019-01-11,-0.00193145229915066
2019-01-14,-0.0043241754010844066
2019-01-15,0.006233459950990605
2019-01-16,0.0035159778316648624
2019-01-17,0.004482773972080611
2019-01-18,0.00777416648631819
2019-01-22,-0.009083901038239806
2019-01-23,0.0014140736432583178
2019-01-24,0.0038022759938882264
2019-01-25,0.007987804737802784
2019-01-28,-0.00423934669115511
2019-01-29,0.0024177636808693005
2019-01-30,0.009812412132311987
2019-01-31,0.0036396060520921705
2019-02-01,0.0002865609849266537
2019-02-04,0.003583955261217908
2019-02-05,0.004857857153163181
2019-02-06,-0.0029990953395163666
2019-02-07,-0.006064404424835224
2019-02-08,-0.001657550835129673
2019-02-11,3.98961328819114e-05
2019-02-12,0.0071584808347506575
2019-02-13,0.0007109232338407212
2019-02-14,1.704998864187071e-05
2019-02-15,0.007611517918964351
2019-02-19,0.002677791737510904
2019-02-20,0.0018464501787607947
2019-02-21,-0.0021846354568745173
2019-02-22,0.004867136507126735
2019-02-25,0.00034837154780239534
2019-02-26,0.000850175876229664
2019-02-27,-0.0019257306905798189
2019-02-28,-0.0026476472742790525
2019-03-01,0.002186496823697748
2019-03-04,-0.0014915433157537406
2019-03-05,0.0003279380844206093
2019-03-06,-0.003906072221208934
2019-03-07,-0.00685943517828036
2019-03-08,-0.0011276950366187366
2019-03-11,0.010351188928285926
2019-03-12,0.0019239112054844298
2019-03-13,0.004365531429070901
2019-03-14,-0.0010812997279342595
2019-03-15,0.004277669836209519
2019-03-18,0.0034235694403243143
2019-03-19,-0.0003776937847021488
2019-03-20,-0.0005899618762554626
2019-03-21,0.004722296275834781
2019-03-22,-0.013583421302289145
2019-03-25,-0.00013672622545515267
2019-03-26,0.0044757692086959235
2019-03-27,-0.0010500201772027705
2019-03-28,0.0026007683680501436
2019-03-29,0.0033599476106688456
2019-04-01,0.008603809912252647
2019-04-02,0.0004910770926976782
2019-04-03,0.0026438666631670715
2019-04-04,0.000998295706316954
2019-04-05,0.0035558023811492756
2019-04-08,0.00021536094009900754
2019-04-09,-0.004288720471882312
2019-04-10,0.0038612176408410414
2019-04-11,-0.0008040032040605993
2019-04-12,0.004657135696728009
2019-04-15,-0.0018750475295452817
2019-04-16,-0.000682297979059343
2019-04-17,-0.0008864865719606763
2019-04-18,0.0014057309579636357
2019-04-22,-0.001342307381402108
2019-04-23,0.005125728250673122
2019-04-24,-0.0018016874948128092
2019-04-25,-0.0015574990593029913
2019-04-26,0.003813755240101457
2019-04-29,-0.00018616877590694748
2019-04-30,0.0013703173582261252
2019-05-01,-0.004952879359945195
2019-05-02,-0.0011539662602959577
2019-05-03,0.00735501311244251
2019-05-06,-0.004557667298744206
2019-05-07,-0.012350853360257352
2019-05-08,-0.0008275329130242981
2019-05-09,-0.003596736708377124
2019-05-10,0.0037308865049446413
2019-05-13,-0.01655054622821258
2019-05-14,0.007711188593710539
2019-05-15,0.003115142619658329
2019-05-16,0.004631968132815611
2019-05-17,-0.005531419755463884
2019-05-20,-0.0048515517951978945
2019-05-21,0.005751555172711931
2019-05-22,-0.0032850083025843468
2019-05-23,-0.00795788259270449
2019-05-24,0.00363106102849291
2019-05-28,-0.005530606995976972
2019-05-29,-0.00458799677668571
2019-05-30,0.0014919201024202523
2019-05-31,-0.006703212919037783
2019-06-03,0.0023278258923974393
2019-06-04,0.012153850378914878
2019-06-05,0.0023097425843364274
2019-06-06,0.0033476548825967178
2019-06-07,0.0068386345560656585
2019-06-10,0.002229212522795687
2019-06-11,0.002725262331493927
2019-06-12,-0.002423075911894901
2019-06-13,0.004115076669598849
2019-06-14,-0.002534286396747509
2019-06-17,6.275669656468089e-05
2019-06-18,0.00920877451872575
2019-06-19,0.004225478912824854
2019-06-20,0.007341385240592113
2019-06-21,-0.00362220620611573
2019-06-24,-0.0008009364084959447
2019-06-25,-0.005486380828473847
2019-06-26,-0.0005901873302476712
2019-06-27,0.004444675643934714
2019-06-28,0.004048557586157875
2019-07-01,0.004789136076933121
2019-07-02,0.0012708563253960524
2019-07-03,0.0063354922052150766
2019-07-05,-0.0028562089078024155
2019-07-08,-0.003366530595561401
2019-07-09,-0.0019312999345630576
2019-07-10,0.0037444842740742778
2019-07-11,-0.0007862501215520568
2019-07-12,0.002983900468662437
2019-07-15,-0.00015238551668694803
2019-07-16,-0.0020740426405250977
2019-07-17,-0.0035882383339686076
2019-07-18,0.0024065494523158428
2019-07-19,-0.0027069017747529235
2019-07-22,0.0006917986543658827
2019-07-23,0.005470884656656438
2019-07-24,0.003114938874738149
2019-07-25,-0.0060285750469948
2019-07-26,0.003591446552360367
2019-07-29,-0.0004845880668649882
2019-07-30,-0.0028732236927433543
2019-07-31,-0.006175176278104899
2019-08-01,-0.006622640850124961
2019-08-02,-0.005371688826625198
2019-08-05,-0.018936881350909263
2019-08-06,0.0073241341431998785
2019-08-07,0.002948298261056492
2019-08-08,0.01065923929255086
2019-08-09,-0.005598523780450216
2019-08-12,-0.006871651368795195
2019-08-13,0.008700244480768027
2019-08-14,-0.020282879377511186
2019-08-15,0.0027878205992730946
2019-08-16,0.01037714374159764
2019-08-19,0.005535486563516034
2019-08-20,-0.003150444660114082
2019-08-21,0.005489244422942984
2019-08-22,-0.0018745655326801503
2019-08-23,-0.014211843717380677
2019-08-26,0.00618544707133688
2019-08-27,-0.0019492535647679943
2019-08-28,0.004324683611739433
2019-08-29,0.008210563982110286
2019-08-30,0.0009214404420391452
2019-09-03,-0.0032944219317954547
2019-09-04,0.009816834764938377
2019-09-05,0.0067119215650467854
2019-09-06,0.0018187849403759726
2019-09-09,0.0011980736127872537
2019-09-10,0.00014661491399456928
2019-09-11,0.0052297798490328565
2019-09-12,0.002069554977039534
2019-09-13,0.00015947106315823394
2019-09-16,-0.0002902154156245173
2019-09-17,0.001554531693981942
2019-09-18,-0.0008078388497437916
2019-09-19,0.0007351804177998967
2019-09-20,-0.0013221624140745012
2019-09-23,0.0004873093558471986
2019-09-24,-0.0045990913147491595
2019-09-25,0.0012059261356944795
2019-09-26,0.0009531077197574734
2019-09-27,-0.004423353747164671
2019-09-30,0.0018904177659504252
2019-10-01,-0.007936753222374493
2019-10-02,-0.01156489721417806
2019-10-03,0.005463789917617157
2019-10-04,0.007626562823450045
2019-10-07,-0.0025598517999232072
2019-10-08,-0.008639822669685505
2019-10-09,0.006202330932406164
2019-10-10,0.004251032288552015
2019-10-11,0.009369445271325749
2019-10-14,-0.0017581844415741732
2019-10-15,0.006364445637775584
2019-10-16,0.00010397514971529629
2019-10-17,0.002888377696086075
2019-10-18,-0.0007612637282588985
2019-10-21,0.005035371290376456
2019-10-22,-0.0006043600918640425
2019-10-23,0.0029283014506604533
2019-10-24,0.001110554913041595
2019-10-25,0.002182056758898332
2019-10-28,0.0024130111887798564
2019-10-29,-0.0005407007633555616
2019-10-30,0.0015181961104208887
2019-10-31,-0.0014907636100278232
2019-11-01,0.007871598536718215
2019-11-04,0.003225314820400915
2019-11-05,-0.0011740840794366991
2019-11-06,-0.000536954034452386
2019-11-07,0.0006112627696722272
2019-11-08,0.00013165669752763785
2019-11-11,-0.001526153696328747
2019-11-12,6.655211521877925e-07
2019-11-13,-0.0003596816630390687
2019-11-14,0.0004895725124253959
2019-11-15,0.004835298918439546
2019-11-18,0.00041763173453635005
2019-11-19,5.731493927529971e-06
2019-11-20,-0.002598960721745036
2019-11-21,-0.0017775940365410304
2019-11-22,0.0016463447597761193
2019-11-25,0.00560392288578151
2019-11-26,0.001921531944223842
2019-11-27,0.0025754484778844457
2019-11-29,-0.005391756968742056
2019-12-02,-0.005740516868652213
2019-12-03,-0.00267589172666739
2019-12-04,0.005494215746421238
2019-12-05,0.00037022628443417194
2019-12-06,0.006168187507397161
2019-12-09,-0.0018026953381042876
2019-12-10,-0.000780582842579014
2019-12-11,0.0029383970810572093
2019-12-12,0.004685834044986059
2019-12-13,0.00214655955476033
2019-12-16,0.006353900962440151
2019-12-17,0.00023248082536969636
2019-12-18,0.0001351329875267426
2019-12-19,0.0021436860027708613
2019-12-20,0.0028369194638149463
2019-12-23,5.571426747530394e-06
2019-12-24,0.0006314941147031683
2019-12-26,0.0038771549773798154
2019-12-27,0.0009994283627523526
2019-12-30,-0.004505579255790337
2019-12-31,0.00222107983812585
2020-01-02,0.005637594508261445
2020-01-03,-0.0044391182544836205
2020-01-06,0.0017468926678801068
2020-01-07,-0.0021337014699365
2020-01-08,0.001738688339284189
2020-01-09,0.0030121938308877994
2020-01-10,-0.0005625943709883897
2020-01-13,0.005036116910107546
2020-01-14,0.0003877057538356987
2020-01-15,0.0008548577437672344
2020-01-16,0.005467181194811488
2020-01-17,0.0019036418262119437
2020-01-21,-0.003748316606193691
2020-01-22,0.0005701999585461693
2020-01-23,4.529081826847307e-05
2020-01-24,-0.005683519483791499
2020-01-27,-0.012854890672775688
2020-01-28,0.006757862489904421
2020-01-29,-0.00016921674130672139
2020-01-30,-0.00032172294993292326
2020-01-31,-0.011496752730560856
2020-02-03,0.003028040805885857
2020-02-04,0.010537353785256841
2020-02-05,0.007074231243567231
2020-02-06,0.0013152488769562433
2020-02-07,-0.0048320185189913096
2020-02-10,0.0034055737305146213
2020-02-11,0.004102475685772688
2020-02-12,0.0050734429293229025
2020-02-13,-0.0013734177733387921
2020-02-14,0.0006304080819200975
2020-02-18,-0.0020992897709900204
2020-02-19,0.0031592978034759023
2020-02-20,-0.0011647898005962775
2020-02-21,-0.004729399273017287
2020-02-24,-0.024674998786370316
2020-02-25,-0.01964904762882025
2020-02-26,-0.003683107117489093
2020-02-27,-0.028955661905990613
2020-02-28,-0.0053486001528265876
2020-03-02,0.021752755356297792
2020-03-03,-0.011602311181740576
2020-03-04,0.024451673624882472
2020-03-05,-0.02246566286221068
2020-03-06,-0.012723635258759058
2020-03-09,-0.06386236774813049
2020-03-10,0.030023119286735733
2020-03-11,-0.04090629441624509
2020-03-12,-0.0901110505407187
2020-03-13,0.06071840089067233
2020-03-16,-0.09055049942676584
2020-03-17,0.030231467839926095
2020-03-18,-0.06468170458243837
2020-03-19,0.008550861659494835
2020-03-20,-0.015899132095811654
2020-03-23,-0.019647785705062048
2020-03-24,0.06412372410365141
2020-03-25,0.03216092053530735
2020-03-26,0.044915868194435535
2020-03-27,-0.0223523174958577
2020-03-30,0.012196421023072335
2020-03-31,-0.009307138352321753
2020-04-01,-0.03976455695561484
2020-04-02,0.012438286130786503
2020-04-03,-0.016475311469929244
2020-04-06,0.0496801712002503
2020-04-07,0.006818890895410434
2020-04-08,0.027392238848634
2020-04-09,0.02188335222314002
2020-04-13,-0.009026586385536462
2020-04-14,0.014414084673682393
2020-04-15,-0.02191516990547977
2020-04-16,-0.00035967716433719097
2020-04-17,0.022685959758970097
2020-04-20,-0.015291642316781949
2020-04-21,-0.01849659286678266
2020-04-22,0.013347051237534947
2020-04-23,0.00016727052339794436
2020-04-24,0.007327153748897852
2020-04-27,0.013354639189702788
2020-04-28,0.005921566161786851
2020-04-29,0.023098055894706194
2020-04-30,-0.012936302437248437
2020-05-01,-0.021140746872270688
2020-05-04,0.0018301803082790612
2020-05-05,0.005721056041094385
2020-05-06,-0.00728170675039127
2020-05-07,0.011319148142692859
2020-05-08,0.015451837403691914
2020-05-11,-0.0042819460432995116
2020-05-12,-0.014986086963093014
2020-05-13,-0.013386245091088956
2020-05-14,0.005379226020073236
2020-05-15,0.00012153043706014674
2020-05-18,0.031917174963147076
2020-05-19,-0.006690131528412036
2020-05-20,0.014866190977676807
2020-05-21,-0.0051185290697285946
2020-05-22,0.0005551324390698164
2020-05-26,0.01800603084561565
2020-05-27,0.01166750685893112
2020-05-28,-0.0013515322547053787
2020-05-29,0.0010495594713698653
2020-06-01,0.010777665509210577
2020-06-02,0.008955361867755519
2020-06-03,0.01540239333160147
2020-06-04,-0.0004596162552637953
2020-06-05,0.018718899066284964
2020-06-08,0.013996048913028391
2020-06-09,-0.010882271030778578
2020-06-10,-0.006183381635735818
2020-06-11,-0.04547370602355566
2020-06-12,0.01508499503632612
2020-06-15,0.0065401879741994184
2020-06-16,0.012092605948724678
2020-06-17,-0.002135867422784843
2020-06-18,-0.0008995108678491847
2020-06-19,-0.004466843003358467
2020-06-22,0.005016605140607111
2020-06-23,0.002925578361903036
2020-06-24,-0.019805178110549004
2020-06-25,0.008609499357273065
2020-06-26,-0.014635601063560587
2020-06-29,0.011630109650649922
2020-06-30,0.005593419539080657
2020-07-01,0.0033444160922146307
2020-07-02,0.005325853523147273
2020-07-06,0.01224834886070758
2020-07-07,-0.009881288068730053
2020-07-08,0.0071347423696773715
2020-07-09,-0.007096338992197282
2020-07-10,0.008115483847583515
2020-07-13,-0.006841744658746329
2020-07-14,0.010104441049641588
2020-07-15,0.01148980064857108
2020-07-16,-0.003908014382576252
2020-07-17,0.0035000261165002433
2020-07-20,0.0033633200736094436
2020-07-21,0.0040565667357433275
2020-07-22,0.003999753572106135
2020-07-23,-0.006202910281963924
2020-07-24,-0.004368902899403326
2020-07-27,0.007938926461676066
2020-07-28,-0.0031424255898279243
2020-07-29,0.009907585475351732
2020-07-30,-0.005058722608560029
2020-07-31,-0.0034663551609954045
2020-08-03,0.0074827616440224405
2020-08-04,0.0049837421738381455
2020-08-05,0.00547100888723615
2020-08-06,0.0030798097090921407
2020-08-07,-0.0008346119550012742
2020-08-10,0.004370885972156268
2020-08-11,-0.0036363565072408234
2020-08-12,0.009733911156783038
2020-08-13,-0.003341371073435495
2020-08-14,-0.0005396208631590073
2020-08-17,0.004448788238847356
2020-08-18,8.856320260360884e-05
2020-08-19,-0.003781599516445555
2020-08-20,0.0004295392723803526
2020-08-21,6.475621950220447e-05
2020-08-24,0.009034459695133456
2020-08-25,0.001008833191566294
2020-08-26,0.0033285491412824333
2020-08-27,-0.00041142836032805887
2020-08-28,0.00586617960875635
2020-08-31,-0.005408220207696768
2020-09-01,0.005614865473397956
2020-09-02,0.008382623648192622
2020-09-03,-0.019851923726111952
2020-09-04,-0.0030464925138920297
2020-09-08,-0.015755956524708212
2020-09-09,0.01275337374092207
2020-09-10,-0.010102552905342432
2020-09-11,0.0024307145018910513
2020-09-14,0.01081908258035429
2020-09-15,0.004396892511744043
2020-09-16,0.001072777226541377
2020-09-17,-0.002886803509230429
2020-09-18,-0.007614049131998446
2020-09-21,-0.015163440263665161
2020-09-22,0.003198558283882402
2020-09-23,-0.015790495479254617
2020-09-24,0.0007443110451712975
2020-09-25,0.009103153966478117
2020-09-28,0.013035227697638607
2020-09-29,-0.003844635335883495
2020-09-30,0.0023670217303260574
2020-10-01,0.006565646086322263
2020-10-02,-0.0017442544113439819
2020-10-05,0.011607213934491
2020-10-06,-0.007092020682376388
2020-10-07,0.009727373920182303
2020-10-08,0.007753916803395655
2020-10-09,0.004060321830608827
2020-10-12,0.006241108346034996
2020-10-13,-0.005440680916444917
2020-10-14,-0.00204961428217616
2020-10-15,-0.002476651558708043
2020-10-16,-0.0005377124340467776
2020-10-19,-0.007078596587243823
2020-10-20,0.005069179779993149
2020-10-21,-0.0032940639196571086
2020-10-22,0.0037489873332816836
2020-10-23,0.0036868542039776076
2020-10-26,-0.014156700414849765
2020-10-27,-0.004054821265071862
2020-10-28,-0.023522589265515325
2020-10-29,0.00659127088915723
2020-10-30,-0.007032844383234948
2020-11-02,0.011214420675778469
2020-11-03,0.014473387890359679
2020-11-04,0.011847171473758555
2020-11-05,0.015601909305114004
2020-11-06,-0.0010668558762950253
2020-11-09,0.016171591453959765
2020-11-10,0.004679825274648541
2020-11-11,0.0028695535577173193
2020-11-12,-0.009240332378907912
2020-11-13,0.012889978161156135
2020-11-16,0.011371705153627553
2020-11-17,-0.00011492268314318161
2020-11-18,-0.00525508536448579
2020-11-19,0.003827748711030954
2020-11-20,-0.001002956045178671
2020-11-23,0.004952776912013723
2020-11-24,0.012943123321012306
2020-11-25,-0.0012252226095947338
2020-11-27,0.0022835910091285826
2020-11-30,-0.009589539412021142
2020-12-01,0.010719819920955631
2020-12-02,0.0007394220967841036
2020-12-03,0.003494561513156613
2020-12-04,0.007511229165743871
2020-12-07,-0.002559378791687394
2020-12-08,0.0028848693315744354
2020-12-09,-0.0036549197223288534
2020-12-10,0.002812113743829503
2020-12-11,-0.002000482644247925
2020-12-14,-0.0019196144097051058
2020-12-15,0.011029235830740869
2020-12-16,0.0013580630069627508
2020-12-17,0.006101726066436419
2020-12-18,-0.0037869121451151733
2020-12-21,-0.005851293081267528
2020-12-22,-0.0006042441418858457
2020-12-23,0.004309293530663405
2020-12-24,0.0018676192062572427
2020-12-28,0.003104423974490733
2020-12-29,0.0007360924233214551
2020-12-30,0.0033000934181940168
2020-12-31,0.0009467269628713248
2021-01-04,-0.007058618522207472
2021-01-05,0.008016898910719838
2021-01-06,0.006709787887957397
2021-01-07,0.005913946704810847
2021-01-08,0.005725263495379451
2021-01-11,-0.007710792878844919
2021-01-12,0.004133124735730731
2021-01-13,0.000791434080021136
2021-01-14,0.002727222451890676
2021-01-15,-0.007411322714275481
2021-01-19,0.005522401164177504
2021-01-20,0.009155547488692562
2021-01-21,2.5441352179234037e-05
2021-01-22,-0.003804388354119359
2021-01-25,0.0016776495052771567
2021-01-26,-0.0009628236171350002
2021-01-27,-0.01877140877065886
2021-01-28,0.006462751151198165
2021-01-29,-0.014317235613837341
2021-02-01,0.0141701543708296
2021-02-02,0.010370211634904525
2021-02-03,0.0012601076375823306
2021-02-04,0.005616666751534138
2021-02-05,0.005188603161618066
2021-02-08,0.006068211163653836
2021-02-09,0.0018235548345504116
2021-02-10,0.0009893456312322524
2021-02-11,0.002917778436682772
2021-02-12,0.0035540388160060885
2021-02-16,0.000725068563877751
2021-02-17,-0.002845212290867438
2021-02-18,-0.004879922552501059
2021-02-19,0.0037392336077830546
2021-02-22,-0.004142916711356547
2021-02-23,0.0013111220620057873
2021-02-24,0.00662924604868409
2021-02-25,-0.019168751212461223
2021-02-26,-0.0052528724026279505
2021-03-01,0.01642856733069322
2021-03-02,-0.00406040461797984
2021-03-03,-0.005470801334132136
2021-03-04,-0.01095668556762749
2021-03-05,0.009912707571981216
2021-03-08,-0.0030001004741728736
2021-03-09,0.010655303659837
2021-03-10,0.004463482341881897
2021-03-11,0.00977425476205791
2021-03-12,0.0008077306854644471
2021-03-15,0.0037077240117008524
2021-03-16,-0.0019022800477622502
2021-03-17,0.003307668780647699
2021-03-18,-0.013325461195312548
2021-03-19,0.0013110204858338248
2021-03-22,0.0026031933418930175
2021-03-23,-0.010400733837052667
2021-03-24,-0.003726801627842213
2021-03-25,0.004911343789331224
2021-03-26,0.012153429874083166
2021-03-29,-0.004008932910790697
2021-03-30,0.001080686536161257
2021-03-31,0.0005375667897844938
2021-04-01,0.011027860395723232
2021-04-05,0.00688875467358987
2021-04-06,-0.0002441903155875335
2021-04-07,-0.0010671178006462334
2021-04-08,0.005034962809049137
2021-04-09,0.001846161319157158
2021-04-12,-0.0012341603921116164
2021-04-13,0.0038056433105027932
2021-04-14,0.00025480651202584024
2021-04-15,0.007850026699885637
2021-04-16,0.0028097455796962656
2021-04-19,-0.003463387724162026
2021-04-20,-0.007468639164405077
2021-04-21,0.006435136166902833
2021-04-22,-0.004030079053228719
2021-04-23,0.008861612531980189
2021-04-26,0.0023264918164015436
2021-04-27,-7.073561392186848e-05
2021-04-28,0.0013125309701919497
2021-04-29,0.0019992335929424955
2021-04-30,-0.0067217773607957665
2021-05-03,0.004539459459000051
2021-05-04,-0.005998254083958321
2021-05-05,0.003369402252807507
2021-05-06,0.004043967210524224
2021-05-07,0.007555285620767816
2021-05-10,-0.006564036863211786
2021-05-11,-0.007145435341966422
2021-05-12,-0.017926204166651638
2021-05-13,0.007345816726233778
2021-05-14,0.01236779027771746
2021-05-17,-0.0009239071381749064
2021-05-18,-0.0018150285044068793
2021-05-19,-0.004996840251419443
2021-05-20,0.007496083957521793
2021-05-21,-0.00032561902569711027
2021-05-24,0.006305112570962779
2021-05-25,-0.0009622489729370408
2021-05-26,0.0025641789402307993
2021-05-27,0.0017347197356661235
2021-05-28,0.0019047356605718768
2021-06-01,0.004897609203542719
2021-06-02,0.000725313211211298
2021-06-03,-0.005212741026914524
2021-06-04,0.006479988861993613
2021-06-07,0.001323116459852347
2021-06-08,0.001446364882184914
2021-06-09,-0.0010542509720930294
2021-06-10,0.0022589412379042328
2021-06-11,0.0016736328644586518
2021-06-14,-0.0002884224114802602
2021-06-15,-0.0023352981128761828
2021-06-16,-0.004579030164181375
2021-06-17,-0.00457834251532363
2021-06-18,-0.010714208160360828
2021-06-21,0.011498358763054961
2021-06-22,0.001267808435565676
2021-06-23,-0.0011925805890153018
2021-06-24,0.005387053431349442
2021-06-25,0.001730577202745387
2021-06-28,-0.0014690576291370272
2021-06-29,-0.0006053340454589828
2021-06-30,-0.0009901885845659875
2021-07-01,0.003491080660196544
2021-07-02,0.0032684223369491504
2021-07-06,-0.003906715194192889
2021-07-07,0.0019430970021611094
2021-07-08,-0.007995384419271579
2021-07-09,0.01177718636377496
2021-07-12,0.0022746306441196796
2021-07-13,-0.005949303732032252
2021-07-14,0.00024487021214238976
2021-07-15,-0.002666701116169079
2021-07-16,-0.005560366431121755
2021-07-19,-0.01346408943028513
2021-07-20,0.010972772641380968
2021-07-21,0.008493517229756909
2021-07-22,0.0006838319615407818
2021-07-23,0.004963629940902115
2021-07-26,0.0005586900778826952
2021-07-27,-0.0038892039646663433
2021-07-28,0.00331928999669886
2021-07-29,0.005371915687606554
2021-07-30,-0.0047960471538987855
2021-08-02,0.00017162812465575393
2021-08-03,0.004777442597791404
2021-08-04,-0.003601148364513995
2021-08-05,0.004940167794394368
2021-08-06,-0.0015185635983513523
2021-08-09,-0.0023225878842915936
2021-08-10,0.0021616853204674768
2021-08-11,0.004390488003414883
2021-08-12,-0.0006038226516177802
2021-08-13,0.002180546714073217
2021-08-16,-0.0020053332815295976
2021-08-17,-0.007200042168739573
2021-08-18,-0.005105223852766239
2021-08-19,-0.005574893004384484
2021-08-20,0.00416606330298095
2021-08-23,0.008692994470804294
2021-08-24,0.004699658158347475
2021-08-25,0.0018279977716173512
2021-08-26,-0.005322493011705576
2021-08-27,0.009638832678017795
2021-08-30,0.001446721177285104
2021-08-31,-0.0005417627773433799
2021-09-01,0.004300715103300456
2021-09-02,0.0036253100665254003
2021-09-03,0.0006492812908256206
2021-09-07,-0.004346169515993548
2021-09-08,-0.003093059415800503
2021-09-09,-0.001942390527279214
2021-09-10,-0.004262727591204008
2021-09-13,0.0031160712588970793
2021-09-14,-0.0043584702886841796
2021-09-15,0.0048859327375426085
2021-09-16,-0.0016938519832795263
2021-09-17,-0.007514888823099164
2021-09-20,-0.013438085935386535
2021-09-21,0.0029052592133950836
2021-09-22,0.008023382076011809
2021-09-23,0.0075540102130214224
2021-09-24,-0.0031177321144368773
2021-09-27,0.00029681005286051886
2021-09-28,-0.015094046625153689
2021-09-29,-0.0008656234325543077
2021-09-30,-0.004919135817732112
2021-10-01,0.007547069006379403
2021-10-04,-0.006303641126467219
2021-10-05,0.004850967395207207
2021-10-06,-0.000649255160790696
2021-10-07,0.0059577491586568325
2021-10-08,-0.0008824208174426086
2021-10-11,-0.0032942985611299712
2021-10-12,0.0017894821173840224
2021-10-13,0.005838396840095173
2021-10-14,0.00995411237345647
2021-10-15,0.0037135075730904132
2021-10-18,-0.0005109342552033769
2021-10-19,0.004128121504292981
2021-10-20,0.0044381295952161445
2021-10-21,-0.0013286948824097421
2021-10-22,0.001957287913157346
2021-10-25,0.0027417138311774058
2021-10-26,-0.00028133187921330904
2021-10-27,-0.0055268382967895045
2021-10-28,0.0070719509748415005
2021-10-29,-0.003358690468530867
2021-11-01,0.005827267739274356
2021-11-02,0.0011604072441370183
2021-11-03,0.004361483775432262
2021-11-04,0.0007092664984415741
2021-11-05,0.004895071515791116
2021-11-08,0.0003942745008633342
2021-11-09,-0.0008794161218204975
2021-11-10,-0.008767856993246958
2021-11-11,0.002838083284367965
2021-11-12,0.0038731493438627805
2021-11-15,-0.0005390203936935234
2021-11-16,-0.00014061882980808123
2021-11-17,-0.0024190627368794516
2021-11-18,-0.0002215559475391093
2021-11-19,-0.003769479732047276
2021-11-22,-0.0037866813975856338
2021-11-23,-7.19443324083913e-05
2021-11-24,0.0011384382967554397
2021-11-26,-0.0194732856477855
2021-11-29,0.005527376877464118
2021-11-30,-0.012461210742106864
2021-12-01,-0.008597696381700526
2021-12-02,0.013601600348816457
2021-12-03,-0.005500640601176909
2021-12-06,0.009959377648476653
2021-12-07,0.013715918205973421
2021-12-08,0.0027238251162840623
2021-12-09,-0.00676912292744446
2021-12-10,0.0026090156783104
2021-12-13,-0.006448390033987106
2021-12-14,-0.006712338910076453
2021-12-15,0.008844246429224522
2021-12-16,-0.003652714197883755
2021-12-17,-0.005967840724601969
2021-12-20,-0.00775440635070015
2021-12-21,0.013479747976949109
2021-12-22,0.007858109581978589
2021-12-23,0.004807515271608942
2021-12-27,0.00825230039710787
2021-12-28,-0.00032673012975285024
2021-12-29,-1.3731464772814864e-05
2021-12-30,-1.6817077625519394e-05
2021-12-31,-0.0010903641606791247
2022-01-03,0.0027848624910221664
2022-01-04,0.0013217176342865677
2022-01-05,-0.014033456278556188
2022-01-06,-0.0005747515771877487
2022-01-07,-0.0007788135987222833
2022-01-10,-0.004061034506934092
2022-01-11,0.00944124372637003
2022-01-12,0.0046845124467304045
2022-01-13,-0.007195786535959536
2022-01-14,-0.002054025187452446
2022-01-18,-0.013566449360189402
2022-01-19,-0.0035865025859037835
2022-01-20,-0.006620151960891041
2022-01-21,-0.011749415142341357
2022-01-24,-0.0021128905142192233
2022-01-25,-0.0052553647833323835
2022-01-26,-0.0051871379002745525
2022-01-27,-0.005082840997384063
2022-01-28,0.011805001869258059
2022-01-31,0.015661214193762228
2022-02-01,0.005621242083065159
2022-02-02,0.004118282578381182
2022-02-03,-0.013799879792305902
2022-02-04,0.00022809806941777037
2022-02-07,3.677417546413821e-05
2022-02-08,0.004781672196267151
2022-02-09,0.0134657444036675
2022-02-10,-0.012920248141511957
2022-02-11,-0.010320331207298706
2022-02-14,-0.005287479498561798
2022-02-15,0.0124400231538087
2022-02-16,0.00238656808778992
2022-02-17,-0.012654943377855922
2022-02-18,-0.003940516030215335
2022-02-22,-0.009575494367703373
2022-02-23,-0.010939996988226453
2022-02-24,0.003707043985076863
2022-02-25,0.016648589299757745
2022-02-28,-0.0025480062125821656
2022-03-01,-0.009163683639139364
2022-03-02,0.011187259823470241
2022-03-03,-0.007602672292124157
2022-03-04,-0.007612031094611826
2022-03-07,-0.022923534674063162
2022-03-08,0.00029338646183423294
2022-03-09,0.01773530926549227
2022-03-10,-0.005047731125872778
2022-03-11,-0.007114235530999258
2022-03-14,-0.007554451299265963
2022-03-15,0.009616115778179158
2022-03-16,0.02232275302648239
2022-03-17,0.009794076319796096
2022-03-18,0.00783301673246617
2022-03-21,-0.0039058565555353695
2022-03-22,0.006911206445615381
2022-03-23,-0.007164127656883057
2022-03-24,0.006446434529437428
2022-03-25,0.0013379655437829817
2022-03-28,0.0005121074138299321
2022-03-29,0.014099433261495474
2022-03-30,-0.003919208533293639
2022-03-31,-0.009666433285889953
2022-04-01,0.003560922060298566
2022-04-04,0.005023888136057519
2022-04-05,-0.012554964178588457
2022-04-06,-0.008904896226573056
2022-04-07,-0.0004852250004331205
2022-04-08,-0.0011940412446372671
2022-04-11,-0.009940576261843371
2022-04-12,-0.0004327224096969062
2022-04-13,0.011110042144769516
2022-04-14,-0.005905010811513799
2022-04-18,-0.002884037894169711
2022-04-19,0.00637649426202167
2022-04-20,0.004432061055470826
2022-04-21,-0.011292780330051277
2022-04-22,-0.017240469030533057
2022-04-25,0.0006483088531222815
2022-04-26,-0.01912286152266457
2022-04-27,0.00202188022914489
2022-04-28,0.015139477228871833
2022-04-29,-0.020206425935287865
2022-05-02,0.00038589824001663555
2022-05-03,0.006207217469095405
2022-05-04,0.018355195669895408
2022-05-05,-0.025334578291145927
2022-05-06,-0.008428392313194888
2022-05-09,-0.026617674887309605
2022-05-10,0.0018383858640507067
2022-05-11,-0.007094318519124387
2022-05-12,-0.0007649227545894809
2022-05-13,0.020360703437384275
2022-05-16,-0.0007955669585473557
2022-05-17,0.014352949453908503
2022-05-18,-0.024744369745795025
2022-05-19,0.0019428101708833356
2022-05-20,0.002034773718801852
2022-05-23,0.011260221319384266
2022-05-24,-0.004729801773186692
2022-05-25,0.006632118841832479
2022-05-26,0.012439897042369164
2022-05-27,0.015258027625185333
2022-05-31,-0.005767042706581871
2022-06-01,-0.006302496620693343
2022-06-02,0.014818465424962679
2022-06-03,-0.010407221342360773
2022-06-06,0.0017395511876520109
2022-06-07,0.005654632046014641
2022-06-08,-0.009313856103306017
2022-06-09,-0.01755426962934461
2022-06-10,-0.020463341846468718
2022-06-13,-0.03544331058973075
2022-06-14,-0.005435478358134294
2022-06-15,0.014194482342005044
2022-06-16,-0.02523282914774969
2022-06-17,0.002113154842173448
2022-06-21,0.013157952145193774
2022-06-22,-0.0027173804566428816
2022-06-23,0.005527835119253433
2022-06-24,0.021649718241011164
2022-06-27,-0.0025540372687622437
2022-06-28,-0.009273423175899565
2022-06-29,-0.003259296871831929
2022-06-30,-0.0044972461351318275
2022-07-01,0.007873388936571458
2022-07-05,-0.0072863877642133645
2022-07-06,-0.0020669788455301764
2022-07-07,0.012387525773681607
2022-07-08,-0.00022347560309332614
2022-07-11,-0.009673367627551156
2022-07-12,-0.003971665946206082
2022-07-13,-0.0018306863333563904
2022-07-14,-0.007170935947554668
2022-07-15,0.012934413679818846
2022-07-18,-6.907568883846032e-05
2022-07-19,0.0202011313535444
2022-07-20,0.0026208649071581603
2022-07-21,0.007146919828273157
2022-07-22,-0.004398671161190115
2022-07-25,0.0032951690227985384
2022-07-26,-0.008078783733725082
2022-07-27,0.01849771640947324
2022-07-28,0.012107237654702495
2022-07-29,0.008741990201600935
2022-08-01,-0.0014159412513574665
2022-08-02,-0.009713766338976382
2022-08-03,0.008839554496535552
2022-08-04,0.0014094882513191911
2022-08-05,-0.00397257697597172
2022-08-08,0.0038709318094958035
2022-08-09,-0.004070238738713361
2022-08-10,0.017111947036224606
2022-08-11,0.0003748065139503874
2022-08-12,0.010168456500857981
2022-08-15,-0.0003283990763113808
2022-08-16,-0.00020324233066056912
2022-08-17,-0.008298277037081846
2022-08-18,0.0005654485646580554
2022-08-19,-0.012087751187975315
2022-08-22,-0.014709726824770253
2022-08-23,0.0008500301441126124
2022-08-24,0.0023635008372681066
2022-08-25,0.011141747956945669
2022-08-26,-0.021503241850248146
2022-08-29,-0.004731371033975462
2022-08-30,-0.008804905016012943
2022-08-31,-0.006345629232087357
2022-09-01,-0.005675105525293078
2022-09-02,-0.005154384723815864
2022-09-06,-0.004591982353481139
2022-09-07,0.011330475204491508
2022-09-08,0.0010436101994923174
2022-09-09,0.014809186748607872
2022-09-12,0.009815994910668003
2022-09-13,-0.02875585962641821
2022-09-14,0.0021725382475518253
2022-09-15,-0.010471102118297647
2022-09-16,-0.00739422836712379
2022-09-19,0.004847718130074385
2022-09-20,-0.013144942481540167
2022-09-21,-0.011256404950822918
2022-09-22,-0.009466322782283066
2022-09-23,-0.020396205391797616
2022-09-26,-0.016126691362891844
2022-09-27,-0.003482596204329802
2022-09-28,0.020190899053842304
2022-09-29,-0.01836725227679261
2022-09-30,-0.006164228032785302
2022-10-03,0.020805681476936976
2022-10-04,0.028265583002818607
2022-10-05,-0.007414087604075592
2022-10-06,-0.009962556648541298
2022-10-07,-0.018853204207389375
2022-10-10,-0.007187245327477665
2022-10-11,-0.003858370521521537
2022-10-12,-0.0021524816030969343
2022-10-13,0.01606483084857355
2022-10-14,-0.016870896414893668
2022-10-17,0.02027123144475382
2022-10-18,0.007861154556378258
2022-10-19,-0.011017909773567425
2022-10-20,-0.005641112445223873
2022-10-21,0.014644009331089647
2022-10-24,0.0018633174616907943
2022-10-25,0.018939107498270213
2022-10-26,0.0033129424101155714
2022-10-27,-0.0013266478175731897
2022-10-28,0.010670656377444998
2022-10-31,-0.006267834270257511
2022-11-01,0.003471355416358701
2022-11-02,-0.016114799422485792
2022-11-03,-0.006149644174243352
2022-11-04,0.019466050613814612
2022-11-07,0.004674048633600947
2022-11-08,0.004591530923663534
2022-11-09,-0.01330993249541683
2022-11-10,0.04630243141509671
2022-11-11,0.011516200738678272
2022-11-14,-0.009709289950865063
2022-11-15,0.00867333052617949
2022-11-16,-0.0069415669394284
2022-11-17,-0.0050948257784877325
2022-11-18,0.0020036316717158
2022-11-21,-0.0028078204589980895
2022-11-22,0.009542900281987787
2022-11-23,0.006092804726722623
2022-11-25,0.0016474310014821692
2022-11-28,-0.013074877928199124
2022-11-29,0.003014808261077295
2022-11-30,0.020168883870435785
2022-12-01,0.0033645838146827206
2022-12-02,-0.0014597159998106844
2022-12-05,-0.015226845737367434
2022-12-06,-0.007753123423127661
2022-12-07,0.00036719023458779986
2022-12-08,0.004355238953391671
2022-12-09,-0.0035451311032778875
2022-12-12,0.007344308819873291
2022-12-13,0.008231292736353967
2022-12-14,-0.0023358469293636606
2022-12-15,-0.01909156150480139
2022-12-16,-0.010109438591810438
2022-12-19,-0.006255451415919177
2022-12-20,-0.00032161952848720494
2022-12-21,0.01057440496194868
2022-12-22,-0.008968927676106474
2022-12-23,0.004344971085904081
2022-12-27,-0.0013635961408127062
2022-12-28,-0.010759684185104168
2022-12-29,0.013766442076096208
2022-12-30,-0.005527868080431109
2023-01-03,0.0018177443176399467
2023-01-04,0.01152182558293695
2023-01-05,-0.00837983162381697
2023-01-06,0.019150595492653567
2023-01-09,0.0034752619890110028
2023-01-10,0.003227255506274229
2023-01-11,0.011202704848358858
2023-01-12,0.0083280555227782
2023-01-13,0.002654947870655522
2023-01-17,0.0007087937011328482
2023-01-18,-0.0061785132423239795
2023-01-19,-0.004132441216838678
2023-01-20,0.010439907745464883
2023-01-23,0.006079260067137593
2023-01-24,-0.0002117329248430999
2023-01-25,0.0010843001574403876
2023-01-26,0.0065837975652451195
2023-01-27,0.0009035850017329982
2023-01-30,-0.010853262402457787
2023-01-31,0.011280498429972141
2023-02-01,0.009249217013217194
2023-02-02,0.008984289732833384
2023-02-03,-0.011287426680738432
2023-02-06,-0.009039564328122241
2023-02-07,0.007233308340208477
2023-02-08,-0.0058731789592176625
2023-02-09,-0.006491610740587683
2023-02-10,-0.0022735834285419476
2023-02-13,0.009138976780809327
2023-02-14,-0.0004849801001595156
2023-02-15,-0.0004299565209233469
2023-02-16,-0.0072577334577777815
2023-02-17,-0.0013389887215166096
2023-02-21,-0.01609377164094041
2023-02-22,-0.001927358237571586
2023-02-23,0.005661410434485603
2023-02-24,-0.010823952792053004
2023-02-27,0.004189013325418122
2023-02-28,-0.002600431296725869
2023-03-01,-0.00014911492560085732
2023-03-02,0.0032375820572270618
2023-03-03,0.012251764286854172
2023-03-06,-0.002511564992622506
2023-03-07,-0.012619260718505288
2023-03-08,0.002858546697933284
2023-03-09,-0.013925760103801543
2023-03-10,-0.010778165477570621
2023-03-13,-0.001255293824779113
2023-03-14,0.007150725254048695
2023-03-15,-0.010995580430799389
2023-03-16,0.00926190192640317
2023-03-17,-0.009572979596337383
2023-03-20,0.00685321029222874
2023-03-21,0.009562563239783217
2023-03-22,-0.009209817537131437
2023-03-23,0.0002837158254516471
2023-03-24,0.0036642323982225113
2023-03-27,0.002587687556769569
2023-03-28,0.0005110191314780854
2023-03-29,0.009468992518371477
2023-03-30,0.006160465764032774
2023-03-31,0.009727930180241318
2023-04-03,0.003073936287224865
2023-04-04,-0.0026199531458142686
2023-04-05,-0.0026483238998354364
2023-04-06,0.002313275249017055
2023-04-10,0.0003881040338640894
2023-04-11,0.003687941694775576
2023-04-12,-0.0011882513963316188
2023-04-13,0.007648483100385461
2023-04-14,-0.004061638503272858
2023-04-17,0.0020367615293962692
2023-04-18,0.0009119528226783191
2023-04-19,-0.0007872018819249704
2023-04-20,-0.0025556199154462052
2023-04-21,-0.00038417370561756315
2023-04-24,0.0015776710349357792
2023-04-25,-0.012055346309244375
2023-04-26,-0.004199684026067563
2023-04-27,0.011859281890831718
2023-04-28,0.00813893286040479
2023-05-01,-0.0036146174485675586
2023-05-02,-0.008700873175282509
2023-05-03,-0.0011167071249544413
2023-05-04,-0.0038408248429182557
2023-05-05,0.013346080325224706
2023-05-08,-0.0004040404451713498
2023-05-09,-0.003614106450942567
2023-05-10,0.0027365032394750964
2023-05-11,-0.0019874116937719896
2023-05-12,-0.003445130066723323
2023-05-15,0.005187716384979258
2023-05-16,-0.009027257344605289
2023-05-17,0.00849819799347633
2023-05-18,0.001599417109373613
2023-05-19,-0.0005795946727189194
2023-05-22,0.0016581828152664845
2023-05-23,-0.0073239255248287675
2023-05-24,-0.008776730238143326
2023-05-25,-0.0015131984027974442
2023-05-26,0.010333604137650254
2023-05-30,-0.000511257030948653
2023-05-31,-0.004763688488942396
2023-06-01,0.009217991767731947
2023-06-02,0.012808911557747282
2023-06-05,-0.00299818481556412
2023-06-06,0.006301143031043499
2023-06-07,-0.0011136825604563748
2023-06-08,0.005005676061982301
2023-06-09,-0.0007105372591411418
2023-06-12,0.004361287598865426
2023-06-13,0.005978916191868189
2023-06-14,0.0014951127139744224
2023-06-15,0.009376245372730052
2023-06-16,-0.002140769144125132
2023-06-20,-0.007365385197069329
2023-06-21,-0.0013227561717753633
2023-06-22,-0.0037978763734395795
2023-06-23,-0.008518689190644902
2023-06-26,0.0025016998407384806
2023-06-27,0.007275017031685071
2023-06-28,0.0019171482648642434
2023-06-29,0.001016437455642083
2023-06-30,0.008185433923898967
2023-07-03,0.0020069808569389558
2023-07-05,-0.0051442152204281945
2023-07-06,-0.010434087925161916
2023-07-07,0.004232459654052767
2023-07-10,0.00353972920786505
2023-07-11,0.007772141943767808
2023-07-12,0.009482407592160813
2023-07-13,0.009946985638419314
2023-07-14,-0.004243946029645984
2023-07-17,0.0012209940339499182
2023-07-18,0.005978021227103758
2023-07-19,0.0029666809920919856
2023-07-20,-0.005380845592724903
2023-07-21,0.00014330504290258628
2023-07-24,0.003247117955169476
2023-07-25,0.0017209983002089756
2023-07-26,0.003396329736418857
2023-07-27,-0.008286717593127846
2023-07-28,0.007829894737554155
2023-07-31,0.001818045090181708
2023-08-01,-0.006458853880950943
2023-08-02,-0.012502706013500965
2023-08-03,-0.0030807752624334773
2023-08-04,0.0012534197813069304
2023-08-07,0.004594287884942161
2023-08-08,-0.0035250084913892475
2023-08-09,-0.002540035184176914
2023-08-10,-0.0006691043031688105
2023-08-11,-0.003312599841540387
2023-08-14,-0.0012090725461993078
2023-08-15,-0.009677228764055112
2023-08-16,-0.006182008940091555
2023-08-17,-0.005739931179720925
2023-08-18,0.0010496431289422792
2023-08-21,0.0005604393939316556
2023-08-22,-0.00099690683707917
2023-08-23,0.01054999094339557
2023-08-24,-0.00843970902273521
2023-08-25,0.004115892179185221
2023-08-28,0.006935414086910674
2023-08-29,0.011380026282277477
2023-08-30,0.001578363281411721
2023-08-31,-0.0018283198161619717
2023-09-01,0.002236820635953651
2023-09-05,-0.007162720240937337
2023-09-06,-0.004282068985052046
2023-09-07,-0.0016715084961026582
2023-09-08,9.210234144073629e-05
2023-09-11,0.005796330275764516
2023-09-12,-0.002451431533551418
2023-09-13,-0.001011829408625431
2023-09-14,0.008687932182172986
2023-09-15,-0.004474281241138189
2023-09-18,-0.002141783555502075
2023-09-19,-0.0015228775000816098
2023-09-20,-0.004707155396337437
2023-09-21,-0.013770171893437143
2023-09-22,-0.0004670097272085227
2023-09-25,-0.0004983879638286837
2023-09-26,-0.011069465834650915
2023-09-27,-0.0012760261577883236
2023-09-28,0.005597572767499326
2023-09-29,-0.0016140423692496354
2023-10-02,-0.009084449799650729
2023-10-03,-0.012336260078096118
2023-10-04,0.0029592758822116314
2023-10-05,0.0018570101813830454
2023-10-06,0.007067847980324782
2023-10-09,0.005296135177539107
2023-10-10,0.0067796844137206986
2023-10-11,0.005120562187452271
2023-10-12,-0.009435238685298974
2023-10-13,-0.003188045168953724
2023-10-16,0.00720708890134023
2023-10-17,-0.0011743165572977833
2023-10-18,-0.013692134509191866
2023-10-19,-0.008168678981715527
2023-10-20,-0.007836905002904404
2023-10-23,-0.0024926277141292252
2023-10-24,0.00552567905728265
2023-10-25,-0.011747916354590793
2023-10-26,-0.002549113170628847
2023-10-27,-0.0037354469956281666
2023-10-30,0.007831919921090247
2023-10-31,0.0039646431103827155
2023-11-01,0.008957248564454966
2023-11-02,0.018763378424147815
2023-11-03,0.012031117279430825
2023-11-06,-0.0025613493661667875
2023-11-07,-0.001030679772428944
2023-11-08,0.00024141737791465455
2023-11-09,-0.0072363113372688305
2023-11-10,0.008301178677050446
2023-11-13,-0.00011521607458008232
2023-11-14,0.02336799859996048
2023-11-15,0.0016591367839494885
2023-11-16,-0.0030723260606340783
2023-11-17,0.005903234518763956
2023-11-20,0.005049834495561889
2023-11-21,-0.0021719783513563296
2023-11-22,0.002019339378163121
2023-11-24,0.0010120524514020345
2023-11-27,-0.0007385768277243353
2023-11-28,0.003375185094215438
2023-11-29,0.0032813628448157715
2023-11-30,0.001017212228289055
2023-12-01,0.010667242785616282
2023-12-04,-0.0031423338553986492
2023-12-05,-0.0022916193520552517
2023-12-06,-0.001875128540625104
2023-12-07,0.005094504185095094
2023-12-08,0.0008396581936076952
2023-12-11,0.0023074704427090698
2023-12-12,0.0009418392113173524
2023-12-13,0.016252671403096785
2023-12-14,0.011751269940669773
2023-12-15,-0.004166213967513343
2023-12-18,0.002029194287083991
2023-12-19,0.007848357280462914
2023-12-20,-0.00983398613127553
2023-12-21,0.009730983276700033
2023-12-22,0.0013831772872123338
2023-12-26,0.004573727502513059
2023-12-27,0.002955735564887396
2023-12-28,-0.0007514599477661865
2023-12-29,-0.0040865992712918135
2024-01-02,-0.006972462988861095
2024-01-03,-0.00805914369021261
2024-01-04,-0.0010815044772709225
2024-01-05,0.0008898261817213759
2024-01-08,0.009001585505627241
2024-01-09,-0.004335673184758782
2024-01-10,0.0026958221444706165
2024-01-11,-0.0005460621319601898
2024-01-12,0.0012032587186671772
2024-01-16,-0.00987828636856788
2024-01-17,-0.007665390779812276
2024-01-18,0.0053225126491216026
2024-01-19,0.006267073750932139
2024-01-22,0.0026433535659661665
2024-01-23,0.0003400972452006323
2024-01-24,0.0002774977481150519
2024-01-25,0.006138300637801985
2024-01-26,0.0007901433294721815
2024-01-29,0.004973629672159219
2024-01-30,-0.0025995245869978923
2024-01-31,-0.009282828003986743
2024-02-01,0.008467812302517119
2024-02-02,-0.001675533409594909
2024-02-05,-0.006494252145595292
2024-02-06,0.006274074501953053
2024-02-07,0.001958558802061672
2024-02-08,0.0006310288829789678
2024-02-09,0.003665723827997702
2024-02-12,0.0026210875932711317
2024-02-13,-0.01540447636224862
2024-02-14,0.008657356543535588
2024-02-15,0.0094101604484361
2024-02-16,-0.002997246940910514
2024-02-20,-0.0019190628456025594
2024-02-21,0.0005550285394666509
2024-02-22,0.00949037836940978
2024-02-23,0.0006166223307339958
2024-02-26,-0.0027185955094872318
2024-02-27,0.002611041192564789
2024-02-28,-0.0018253621149696086
2024-02-29,0.0043316389562146895
2024-03-01,0.006419259600247562
2024-03-04,-0.0017413349887623552
2024-03-05,-0.004274221601777417
2024-03-06,0.0065257223000663835
2024-03-07,0.007379567495082751
2024-03-08,-0.002245370891469634
2024-03-11,-0.0007021700136864206
2024-03-12,0.004660393628475634
2024-03-13,-0.00032971733877156244
2024-03-14,-0.006560176853718269
2024-03-15,-0.0014913358482642192
2024-03-18,0.0009971217223117223
2024-03-19,0.002966302461751091
2024-03-20,0.008874879506842804
2024-03-21,0.0037487628153383577
2024-03-22,-0.002920548703479131
2024-03-25,-0.0005054470869625295
2024-03-26,-0.0016593712328623722
2024-03-27,0.008031708027343099
2024-03-28,0.0015664855828918744
2024-04-01,-0.004433846589263479
2024-04-02,-0.004838521024990073
2024-04-03,0.0027698170392503664
2024-04-04,-0.0061923193073576965
2024-04-05,0.004403699937712902
2024-04-08,0.0023452181054014255
2024-04-09,0.0028905220968058034
2024-04-10,-0.013948996603391372
2024-04-11,0.003959814185711519
2024-04-12,-0.011441737238829552
2024-04-15,-0.00845981858117476
2024-04-16,-0.0058162530719537585
2024-04-17,-0.0026150976394337276
2024-04-18,-0.0011632700811362363
2024-04-19,-0.00020193907571214333
2024-04-22,0.006891892446814341
2024-04-23,0.008374732110058415
2024-04-24,-0.002235036953897629
2024-04-25,-0.002368652920569159
2024-04-26,0.005550605793963581
2024-04-29,0.004105133888150192
2024-04-30,-0.012755191124210552
2024-05-01,-0.00020502347740920522
2024-05-02,0.01080725580548303
2024-05-03,0.007815425989618685
2024-05-06,0.0069778867754480165
2024-05-07,0.0005889571577457398
2024-05-08,-0.0010382556621746364
2024-05-09,0.005604601874794812
2024-05-10,0.00043007785616799854
2024-05-13,0.000738221951728335
2024-05-14,0.005313742404669663
2024-05-15,0.008962638779252852
2024-05-16,-0.0023989238712937453
2024-05-17,0.0010670951639508042
2024-05-20,-4.682192695025789e-05
2024-05-21,-0.0006086216768013241
2024-05-22,-0.005381571463922841
2024-05-23,-0.007803649350963326
2024-05-24,0.005877941576252699
2024-05-28,-0.0016241628066141376
2024-05-29,-0.01003584612509495
2024-05-30,0.002658682531841883
2024-05-31,0.006870038719102588
2024-06-03,0.000884987612902266
2024-06-04,-0.00158158968563179
2024-06-05,0.00711938251233677
2024-06-06,-6.016382483021719e-05
2024-06-07,-0.00671675457729104
2024-06-10,0.002369534439226628
2024-06-11,-0.0023969014418173226
2024-06-12,0.008045721532677685
2024-06-13,-0.0014553903795839652
2024-06-14,-0.0028970420392300353
2024-06-17,0.003298552944657018
2024-06-18,0.0031564319108079663
2024-06-20,-0.00042165901300862397
2024-06-21,-0.0019977246687764238
2024-06-24,0.0027090848370863174
2024-06-25,-0.0011595022611526227
2024-06-26,-0.0024477074549692393
2024-06-27,0.0018973185119020462
2024-06-28,-0.0004735875941581647
2024-07-01,-0.0008360351174019565
2024-07-02,0.0037180459180471857
2024-07-03,0.006221065595228636
2024-07-05,0.0027564030131539408
2024-07-08,-0.0008540502524395088
2024-07-09,-0.0013512474037145283
2024-07-10,0.008324218901404645
2024-07-11,0.004390183586761853
2024-07-12,0.005762712630670808
2024-07-15,-0.0002546810621510742
2024-07-16,0.008766730849617611
2024-07-17,-0.0068616318105512945
2024-07-18,-0.007125787137228101
2024-07-19,-0.004877869774739629
2024-07-22,0.007436977910221687
2024-07-23,-0.002914956014494341
2024-07-24,-0.01408624996088813
2024-07-25,-0.0002512903477050465
2024-07-26,0.008524179023597122
2024-07-29,-0.0005807993542994549
2024-07-30,0.00038999974857157894
2024-07-31,0.010203065740604745
2024-08-01,-0.012512695516495042
2024-08-02,-0.012383303060570583
2024-08-05,-0.020546947533988492
2024-08-06,0.00556715388958906
2024-08-07,-0.0019423822774185084
2024-08-08,0.014308038968162195
2024-08-09,0.0031835993099867507
2024-08-12,-0.000646802245626099
2024-08-13,0.01080298151831922
2024-08-14,0.0018666298587010964
2024-08-15,0.0093143672001182
2024-08-16,0.0031853069940000365
2024-08-19,0.007428241585349671
2024-08-20,-0.0023378969723746867
2024-08-21,0.004626405798188049
2024-08-22,-0.005901185342988835
2024-08-23,0.013484075414860873
2024-08-26,-0.0022090925468239097
2024-08-27,0.0006724685570399625
2024-08-28,-0.004438757320680476
2024-08-29,0.0014813313587336285
2024-08-30,0.004414663656227469
2024-09-03,-0.013024158181671963
2024-09-04,-0.0008463542126250999
2024-09-05,-0.0003599770957806614
2024-09-06,-0.010912553830780769
2024-09-09,0.007574810426438461
2024-09-10,0.001351817955333967
2024-09-11,0.004696172326047598
2024-09-12,0.007426168546126166
2024-09-13,0.005939398887389036
2024-09-16,0.004676506409006542
2024-09-17,0.00048780676773895186
2024-09-18,-0.0023489948893164027
2024-09-19,0.012175233982465982
2024-09-20,-0.003995042354435952
2024-09-23,0.0025077824625500122
2024-09-24,0.005993143641559051
2024-09-25,-0.005638032935531478
2024-09-26,0.00796125712524689
2024-09-27,-0.0002657733748920088
2024-09-30,0.00044565591523615383
2024-10-01,-0.0041042337361300585
2024-10-02,3.6520728321032244e-05
2024-10-03,-0.00437166794597228
2024-10-04,0.005266996784477396
2024-10-07,-0.004996951543219797
2024-10-08,-4.3766245950782514e-05
2024-10-09,0.0012967546362095182
2024-10-10,-0.0008330575182784904
2024-10-11,0.006224478418624368
2024-10-14,0.0025964492428016683
2024-10-15,-0.005459424504555654
2024-10-16,0.005419635408231605
2024-10-17,-0.0017213432346334656
2024-10-18,0.003533595007079082
2024-10-21,-0.006773140989726012
2024-10-22,-0.001115284770332048
2024-10-23,-0.005634614230569923
2024-10-24,0.002279547947435967
2024-10-25,-0.0019431866581212985
2024-10-28,0.0032372485717181206
2024-10-29,-0.002532869662689685
2024-10-30,-0.0007141479587867371
2024-10-31,-0.009622150266074759
2024-11-01,0.00026779672282691843
2024-11-04,0.001529195933309091
2024-11-05,0.009578989045859321
2024-11-06,0.007869042779137515
2024-11-07,0.008075877447937628
2024-11-08,-0.0007716314568581573
2024-11-11,0.001162507012254288
2024-11-12,-0.008766821844198126
2024-11-13,-0.002118806870232348
2024-11-14,-0.0026690640926011035
2024-11-15,-0.005098344467534088
2024-11-18,0.004797495440527566
2024-11-19,0.0023587714641912115
2024-11-20,-0.00039694262352735216
2024-11-21,0.004754478182268107
2024-11-22,0.0040486729978538305
2024-11-25,0.006025911152391328
2024-11-26,-0.0009647623036996844
2024-11-27,0.00012625527201227672
2024-11-29,0.005557239894080412
2024-12-02,-0.000687504139264905
2024-12-03,-0.00022739968891156704
2024-12-04,0.0022625989070824246
2024-12-05,0.00028249564639044595
2024-12-06,0.00028824601155332804
2024-12-09,-0.001015940063535914
2024-12-10,-0.004541590191964562
2024-12-11,0.0045089641587890755
2024-12-12,-0.005669012976179699
2024-12-13,-0.0025019793582572113
2024-12-16,4.1562766199021465e-05
2024-12-17,-0.0044076267258796875
2024-12-18,-0.024279883687428505
2024-12-19,-0.001635856826909765
2024-12-20,0.007484776019834017
2024-12-23,0.0027838592643838257
2024-12-24,0.006341834818910708
2024-12-26,0.0011135714900664118
2024-12-27,-0.005792064811194908
2024-12-30,-0.005263262178224104
2024-12-31,-4.3678882835041045e-05
2025-01-02,-0.00040585077548371823
2025-01-03,0.0074106091884421415
2025-01-06,0.003114365210759562
2025-01-07,-0.0071505240839420114
2025-01-08,-0.0005553708870253748
2025-01-10,-0.011747243587392908
2025-01-13,0.0009672628256857108
2025-01-14,0.004200462021357243
2025-01-15,0.012772907088743235
2025-01-16,0.003054555369817935
2025-01-17,0.005337713698169133
2025-01-21,0.009912651551712658
2025-01-22,-0.0013288692954243396
2025-01-23,0.0038893320120157557
2025-01-24,0.0008967334281319017
2025-01-27,-0.0052867355552853375
2025-01-28,0.0021023800872208122
2025-01-29,-0.0027620871109571787
2025-01-30,0.006915974924373902
2025-01-31,-0.004685887116189613
2025-02-03,-0.005121757155416906
2025-02-04,0.005992217739185124
2025-02-05,0.004385759022054692
2025-02-06,0.0028232640125458895
2025-02-07,-0.006313539733783769
2025-02-10,0.004697584601576765
2025-02-11,-1.277147085991804e-05
2025-02-12,-0.0030205960843435187
2025-02-13,0.008636672741021178
2025-02-14,0.0019290828120513525
2025-02-18,0.0031058073520038305
2025-02-19,-0.0017089145576698606
2025-02-20,-0.0004649873921693915
2025-02-21,-0.010154579267580099
2025-02-24,-0.003355242874419306
2025-02-25,0.0005079399294904753
2025-02-26,0.0006753008247888493
2025-02-27,-0.00965821324084477
2025-02-28,0.006619692334754745
2025-03-03,-0.007312357664356461
2025-03-04,-0.007474351439376903
2025-03-05,0.009909917362006304
2025-03-06,-0.011500261488473907
2025-03-07,0.00577478192846419
2025-03-10,-0.01741763758684307
2025-03-11,-0.004787959733771018
2025-03-12,0.002922978822213751
2025-03-13,-0.00831659573721133
2025-03-14,0.015369171070445997
2025-03-17,0.00862478310940742
2025-03-18,-0.005022243084741473
2025-03-19,0.006429316523132877
2025-03-20,-0.0028119742475480104
2025-03-21,-0.0034592409255677745
2025-03-24,0.008409852783158289
2025-03-25,0.00037898197401401443
2025-03-26,-0.007029997809199484
2025-03-27,-0.000588763338449072
2025-03-28,-0.01086422162776839
2025-03-31,0.0014686352762603328
2025-04-01,0.002800971243526229
2025-04-02,0.005279255288861151
2025-04-03,-0.030948729472150095
2025-04-04,-0.043223789020429726
2025-04-07,-0.014004428832876059
2025-04-08,-0.012227450193836276
2025-04-09,0.06264356958717876
2025-04-10,-0.023602584831734028
2025-04-11,0.01385407157876517
2025-04-14,0.008950944652954807
2025-04-15,0.0009791849760804495
2025-04-16,-0.008162830884957017
2025-04-17,0.006774627951568446
2025-04-21,-0.012714534060462369
2025-04-22,0.01718317186782492
2025-04-23,0.007832340790593228
2025-04-24,0.01340628454590631
2025-04-25,0.0018178873028119379
2025-04-28,0.0037427803030881447
2025-04-29,0.002350249181218822
2025-04-30,-0.0013712061351995762
2025-05-01,0.0012673371250361053
2025-05-02,0.01199592561324958
2025-05-05,-0.002359290236595046
2025-05-06,-0.003719619828639409
2025-05-07,0.0013519245395678058
2025-05-08,0.003322484194671604
2025-05-09,0.0013571144962157612
2025-05-12,0.017076518910251057
2025-05-13,0.004224499244300239
2025-05-14,-0.0015766644728745448
2025-05-15,0.005116573344007236
2025-05-16,0.004166086999312224
2025-05-19,0.0012266915624471908
2025-05-20,-0.0009749118492988651
2025-05-21,-0.013071726478536817
2025-05-22,-0.0004866266112855788
2025-05-23,-0.00042825395772331246
2025-05-27,0.012644904288451242
2025-05-28,-0.005314693914483648
2025-05-29,0.0035690598204651813
2025-05-30,-0.0017326856670310641
2025-06-02,0.003421855994403833
2025-06-03,0.002548066008720551
2025-06-04,0.0019944521566378492
2025-06-05,-0.0013901583364236193
2025-06-06,0.005558019507432377
2025-06-09,0.002220285901564933
2025-06-10,0.0041851036934925645
2025-06-11,-0.0012390483654807992
2025-06-12,0.003214872299627425
2025-06-13,-0.00973949433364234
2025-06-16,0.005629109682537204
2025-06-17,-0.006676603991646335
2025-06-18,0.0017755053959195744
2025-06-20,-0.002195637552378804
2025-06-23,0.006058227798230087
2025-06-24,0.008380167040587283
2025-06-25,-0.0035256838246953692
2025-06-26,0.008241504483754426
2025-06-27,0.0025328219355843064
2025-06-30,0.003129902715674282
2025-07-01,0.0025239970539070234
2025-07-02,0.004631590995128043
2025-07-03,0.0031949883770776787
2025-07-07,-0.008206200592562307
2025-07-08,0.002125013862563385
2025-07-09,0.004503428709077139
2025-07-10,0.003579807135577484
2025-07-11,-0.004190651183822369
2025-07-14,0.0007004290280053115
2025-07-15,-0.0059756482481011395
2025-07-16,0.0047449241731936315
2025-07-17,0.0035228090658248946
2025-07-18,-0.001385284440931167
2025-07-21,0.0021547707259657487
2025-07-22,0.004429810561199088
2025-07-23,0.007562881376268505
2025-07-24,-0.0029272464682585375
2025-07-25,0.002413705153645185
2025-07-28,-0.004936330334781291
2025-07-29,1.4330197550971302e-05
2025-07-30,-0.005274803078088008
2025-07-31,-0.005574237515519031
2025-08-01,-0.0064411078285110945
2025-08-04,0.009827424495473623
2025-08-05,-0.0002766874487992177
2025-08-06,0.0033650846543140656
2025-08-07,0.0019396821516260764
2025-08-08,0.001977486637767767
2025-08-11,-0.002660416578964242
2025-08-12,0.009743647007378663
2025-08-13,0.005677626359124721
2025-08-14,-0.003013880657833123
2025-08-15,-0.0008217630746738091
2025-08-18,-0.0006881331849295179
2025-08-19,-0.001160813430395458
2025-08-20,-0.0005043004182745947
2025-08-21,-0.003116977368753571
2025-08-22,0.015824308620355464
2025-08-25,-0.0057884981121596344
2025-08-26,0.00156997273203483
2025-08-27,0.00029077162783885946
2025-08-28,0.002495405550605523
2025-08-29,-0.002501988151925516
2025-09-02,-0.006350266353196121
2025-09-03,0.0022033224896941595
2025-09-04,0.005504298953734766
2025-09-05,0.0024725604847238404
2025-09-08,0.003537304392911866
2025-09-09,-0.0009074655084901018
2025-09-10,0.0018197799183868213
2025-09-11,0.00796974902772305
2025-09-12,-0.002551768814031086
2025-09-15,0.00351652810376375
2025-09-16,-0.0003664075613319273
2025-09-17,-0.0015725697494733848
2025-09-18,0.0021698019954868863
2025-09-19,-0.001042503625874569
2025-09-22,0.0014085697662082452
2025-09-23,-0.000668435199728279
2025-09-24,-0.004536184381461394
2025-09-25,-0.004019467759836271
2025-09-26,0.004356904746272905
2025-09-29,0.00210937227058674
2025-09-30,0.0013187825503384043
2025-10-01,0.0032209670919454594
2025-10-02,0.0012286128009416197
2025-10-03,0.002742374267747238
2025-10-06,0.0002611191859926531
2025-10-07,-0.004359997187373188
2025-10-08,0.003976167158929878
2025-10-09,-0.005480861453804176
2025-10-10,-0.0175449517822145
2025-10-13,0.011544756716401473
2025-10-14,0.0017091853792342126
2025-10-15,0.004165699238071596
2025-10-16,-0.0023466000591722213
2025-10-17,0.001837322259052665
2025-10-20,0.007706778310895212
2025-10-21,-0.0018838288439158469
2025-10-22,-0.0013383101032996224
2025-10-23,0.00322717684633993
2025-10-24,0.004749821062733983
2025-10-27,0.006107059272496107
2025-10-28,-0.0022517056095395006
2025-10-29,-0.0040584885381525606
2025-10-30,-0.005629007140561238
2025-10-31,0.0016980625863573184
2025-11-03,0.00017740002288376688
2025-11-04,-0.007358251780324843
2025-11-05,0.004015910334435602
2025-11-06,-0.005704829921389021
2025-11-07,0.0034034774170756507
2025-11-10,0.007719266322653473
2025-11-11,0.003698416101458113
2025-11-12,0.0007356734003201472
2025-11-13,-0.011607850777607787
2025-11-14,-0.00114643954053395
2025-11-17,-0.008934051070290671
2025-11-18,-0.003738964058567573
2025-11-19,-0.0008771277519877718
2025-11-20,-0.010212076830892102
2025-11-21,0.009954696015123199
2025-11-24,0.0074099954775720175
2025-11-25,0.008743002292678659
2025-11-26,0.006859564791809736
2025-11-28,0.004016170385854423
2025-12-01,-0.004636839642343426
2025-12-02,0.0010029366998583478
2025-12-03,0.004990048800832714
2025-12-04,0.0008538231167404931
2025-12-05,0.0016516435320141243
2025-12-08,-0.0035338204467638577
2025-12-09,-0.0011973259812802395
2025-12-10,0.007776517940799765
2025-12-11,0.002142178985893306
2025-12-12,-0.006517320089090983
2025-12-15,0.00037995680738722726
2025-12-16,-0.002787535679459574
2025-12-17,-0.004202782570025355
2025-12-18,0.004759081921048502
2025-12-19,-0.0005021681523745825
