Date,Open,High,Low,Close
1871-01-02,4.5,4.61,4.5,4.61
1871-04-03,4.86,4.86,4.82,4.82
1871-07-03,4.79,4.84,4.79,4.84
1871-10-02,4.64,4.74,4.64,4.74
1872-01-01,4.86,5.04,4.86,5.04
1872-04-01,5.18,5.18,5.18,5.18
1872-07-01,5.1,5.1,5.04,5.04
1872-10-01,4.97,4.97,4.95,4.95
1873-01-01,5.11,5.11,5.11,5.11
1873-04-01,5.04,5.05,5.04,5.05
1873-07-01,4.97,4.97,4.59,4.59
1873-10-01,4.19,4.42,4.19,4.42
1874-01-01,4.66,4.66,4.66,4.66
1874-04-01,4.6,4.6,4.46,4.46
1874-07-01,4.46,4.54,4.46,4.54
1874-10-01,4.53,4.54,4.53,4.54
1875-01-01,4.54,4.59,4.53,4.59
1875-04-01,4.65,4.65,4.38,4.38
1875-07-01,4.39,4.39,4.37,4.37
1875-10-01,4.3,4.37,4.3,4.37
1876-01-03,4.52,4.52,4.51,4.51
1876-04-03,4.18,4.18,4.15,4.15
1876-07-03,3.93,3.93,3.69,3.69
1876-10-02,3.6,3.6,3.58,3.58
1877-01-01,3.55,3.55,3.17,3.17
1877-04-02,2.94,2.94,2.73,2.73
1877-07-02,3.05,3.05,3.05,3.05
1877-10-01,3.31,3.31,3.26,3.26
1878-01-01,3.25,3.25,3.18,3.24
1878-04-01,3.33,3.34,3.33,3.34
1878-07-01,3.48,3.48,3.45,3.45
1878-10-01,3.48,3.48,3.47,3.47
1879-01-01,3.58,3.58,3.58,3.58
1879-04-01,3.77,3.94,3.77,3.94
1879-07-01,4.04,4.22,4.04,4.22
1879-10-01,4.68,4.92,4.68,4.92
1880-01-01,5.11,5.3,5.11,5.3
1880-04-01,5.18,5.18,4.79,4.79
1880-07-01,5.01,5.18,5.01,5.18
1880-10-01,5.33,5.84,5.33,5.84
1881-01-03,6.17,6.24,6.17,6.24
1881-04-01,6.22,6.58,6.22,6.58
1881-07-01,6.35,6.35,6.2,6.25
1881-10-03,6.19,6.19,6.01,6.01
1882-01-02,5.79,5.79,5.78,5.78
1882-04-03,5.71,5.71,5.68,5.68
1882-07-03,6.18,6.24,6.18,6.24
1882-10-02,5.81,5.84,5.81,5.84
1883-01-01,5.81,5.81,5.68,5.75
1883-04-02,5.77,5.82,5.77,5.82
1883-07-02,5.47,5.47,5.47,5.47
1883-10-01,5.38,5.46,5.38,5.46
1884-01-01,5.18,5.32,5.18,5.32
1884-04-01,5.06,5.06,4.65,4.65
1884-07-01,4.46,4.74,4.46,4.59
1884-10-01,4.44,4.44,4.34,4.34
1885-01-01,4.24,4.24,4.24,4.24
1885-04-01,4.37,4.37,4.3,4.3
1885-07-01,4.46,4.65,4.46,4.65
1885-10-01,4.92,5.2,4.92,5.2
1886-01-01,5.2,5.3,5.19,5.19
1886-04-01,5.12,5.25,5.12,5.25
1886-07-01,5.33,5.51,5.33,5.51
1886-10-01,5.65,5.79,5.64,5.64
1887-01-03,5.54,5.67,5.54,5.67
1887-04-01,5.8,5.8,5.73,5.73
1887-07-01,5.59,5.59,5.38,5.38
1887-10-03,5.3,5.3,5.27,5.27
1888-01-02,5.28,5.28,5.08,5.08
1888-04-02,5.17,5.17,5.01,5.01
1888-07-02,5.25,5.25,5.25,5.25
1888-10-01,5.35,5.35,5.24,5.24
1889-01-01,5.24,5.3,5.19,5.19
1889-04-01,5.18,5.32,5.18,5.32
1889-07-01,5.3,5.37,5.3,5.37
1889-10-01,5.4,5.4,5.35,5.35
1890-01-01,5.38,5.38,5.38,5.38
1890-04-01,5.39,5.62,5.39,5.62
1890-07-01,5.54,5.54,5.32,5.32
1890-10-01,5.08,5.08,4.6,4.6
1891-01-01,4.84,4.84,4.84,4.84
1891-04-01,4.97,4.97,4.85,4.85
1891-07-01,4.77,5.33,4.77,5.33
1891-10-01,5.33,5.41,5.33,5.41
1892-01-01,5.51,5.58,5.51,5.58
1892-04-01,5.57,5.57,5.54,5.54
1892-07-01,5.54,5.62,5.48,5.48
1892-10-03,5.57,5.57,5.51,5.51
1893-01-02,5.51,5.51,5.31,5.31
1893-04-03,4.84,4.84,4.61,4.61
1893-07-03,4.08,4.37,4.08,4.37
1893-10-02,4.57,4.57,4.41,4.41
1894-01-01,4.32,4.51,4.32,4.51
1894-04-02,4.4,4.4,4.34,4.34
1894-07-02,4.41,4.41,4.41,4.41
1894-10-01,4.34,4.34,4.34,4.34
1895-01-01,4.25,4.25,4.19,4.19
1895-04-01,4.37,4.61,4.37,4.61
1895-07-01,4.72,4.79,4.72,4.79
1895-10-01,4.75,4.75,4.59,4.59
1896-01-01,4.27,4.27,4.27,4.27
1896-04-01,4.42,4.42,4.32,4.32
1896-07-01,4.04,4.04,4.01,4.01
1896-10-01,4.1,4.22,4.1,4.22
1897-01-01,4.22,4.22,4.18,4.19
1897-04-01,4.06,4.27,4.06,4.27
1897-07-01,4.46,4.98,4.46,4.98
1897-10-01,4.82,4.82,4.65,4.75
1898-01-03,4.87,4.87,4.65,4.65
1898-04-01,4.57,5.06,4.57,5.06
1898-07-01,5.08,5.27,5.08,5.26
1898-10-03,5.32,5.65,5.32,5.65
1899-01-02,6.31,6.4,6.31,6.4
1899-04-03,6.21,6.21,6.07,6.07
1899-07-03,6.44,6.44,6.37,6.37
1899-10-02,6.46,6.46,6.02,6.02
1900-01-01,6.1,6.26,6.1,6.26
1900-04-02,6.04,6.04,5.86,5.86
1900-07-02,5.94,5.94,5.94,5.94
1900-10-01,6.01,6.48,6.01,6.48
1901-01-01,7.07,7.51,7.07,7.51
1901-04-01,8.14,8.14,7.73,7.73
1901-07-01,7.93,8.04,7.93,8.04
1901-10-01,7.91,8.08,7.91,8.08
1902-01-01,8.12,8.12,8.12,8.12
1902-04-01,8.48,8.48,8.46,8.46
1902-07-01,8.6,8.85,8.6,8.85
1902-10-01,8.57,8.57,8.05,8.05
1903-01-01,8.46,8.46,8.46,8.46
1903-04-01,7.75,7.75,7.18,7.18
1903-07-01,6.85,6.85,6.47,6.47
1903-10-01,6.26,6.57,6.26,6.57
1904-01-01,6.68,6.68,6.48,6.48
1904-04-01,6.64,6.64,6.51,6.51
1904-07-01,6.78,7.32,6.78,7.32
1904-10-03,8.17,8.25,8.17,8.25
1905-01-02,8.8,9.05,8.8,9.05
1905-04-03,8.5,8.6,8.5,8.6
1905-07-03,9.2,9.23,9.2,9.23
1905-10-02,9.31,9.54,9.31,9.54
1906-01-01,9.87,9.87,9.56,9.56
1906-04-02,9.18,9.3,9.18,9.3
1906-07-02,9.73,9.73,9.73,9.73
1906-10-01,9.73,9.93,9.73,9.93
1907-01-01,9.56,9.56,8.35,8.35
1907-04-01,8.39,8.39,8.1,8.1
1907-07-01,8.14,8.14,7.53,7.53
1907-10-01,6.64,6.64,6.25,6.25
1908-01-01,6.85,6.85,6.85,6.85
1908-04-01,7.24,7.64,7.24,7.64
1908-07-01,7.92,8.17,7.92,8.17
1908-10-01,8.27,9.03,8.27,9.03
1909-01-01,9.06,9.06,8.8,8.92
1909-04-01,9.32,9.8,9.32,9.8
1909-07-01,9.94,10.19,9.94,10.19
1909-10-01,10.23,10.3,10.18,10.3
1910-01-03,9.72,9.96,9.72,9.96
1910-04-01,9.72,9.72,9.1,9.1
1910-07-01,8.64,8.91,8.64,8.91
1910-10-03,9.31,9.31,9.05,9.05
1911-01-02,9.43,9.43,9.32,9.32
1911-04-03,9.48,9.67,9.48,9.67
1911-07-03,9.17,9.17,8.67,8.67
1911-10-02,9.07,9.11,9.07,9.11
1912-01-01,9.12,9.3,9.04,9.3
1912-04-01,9.59,9.59,9.58,9.58
1912-07-01,9.59,9.81,9.59,9.81
1912-10-01,9.84,9.84,9.73,9.73
1913-01-01,9.3,9.3,9.3,9.3
1913-04-01,8.79,8.79,8.55,8.55
1913-07-01,8.23,8.53,8.23,8.53
1913-10-01,8.26,8.26,8.04,8.04
1914-01-01,8.37,8.37,8.37,8.37
1914-04-01,8.12,8.17,8.12,8.13
1914-07-01,7.68,7.68,7.68,7.68
1914-10-01,7.68,7.68,7.35,7.35
1915-01-01,7.48,7.57,7.38,7.57
1915-04-01,8.14,8.14,8.04,8.04
1915-07-01,8.01,8.66,8.01,8.66
1915-10-01,9.14,9.48,9.14,9.48
1916-01-03,9.2,9.2,9.17,9.17
1916-04-03,9.27,9.36,9.27,9.36
1916-07-03,9.3,9.68,9.3,9.68
1916-10-02,10.21,10.21,9.8,9.8
1917-01-01,9.57,9.57,9.03,9.31
1917-04-02,8.86,9.04,8.86,9.04
1917-07-02,8.53,8.53,8.53,8.53
1917-10-01,7.68,7.68,7.04,7.04
1918-01-01,7.21,7.43,7.21,7.28
1918-04-01,7.21,7.44,7.21,7.44
1918-07-01,7.51,7.58,7.51,7.58
1918-10-01,7.86,8.06,7.86,8.06
1919-01-01,7.85,7.85,7.85,7.85
1919-04-01,8.39,8.97,8.39,8.97
1919-07-01,9.51,9.51,8.87,9.01
1919-10-01,9.47,9.47,8.92,8.92
1920-01-01,8.83,8.83,8.67,8.67
1920-04-01,8.6,8.6,7.92,7.92
1920-07-01,7.91,7.91,7.87,7.87
1920-10-01,7.88,7.88,6.81,6.81
1921-01-03,7.06,7.06,6.88,6.88
1921-04-01,6.91,6.91,6.55,6.55
1921-07-01,6.53,6.61,6.45,6.61
1921-10-03,7.06,7.31,7.06,7.31
1922-01-02,7.46,7.74,7.46,7.74
1922-04-03,8.53,8.53,8.45,8.45
1922-07-03,8.83,9.06,8.83,9.06
1922-10-02,8.8,8.8,8.78,8.78
1923-01-01,8.9,9.43,8.9,9.43
1923-04-02,8.67,8.67,8.34,8.34
1923-07-02,8.1,8.1,8.1,8.1
1923-10-01,8.03,8.27,8.03,8.27
1924-01-01,8.83,8.87,8.83,8.87
1924-04-01,8.5,8.5,8.47,8.47
1924-07-01,9.03,9.34,9.03,9.25
1924-10-01,9.13,10.16,9.13,10.16
1925-01-01,10.58,10.58,10.58,10.58
1925-04-01,10.28,10.8,10.28,10.8
1925-07-01,11.1,11.51,11.1,11.51
1925-10-01,11.89,12.46,11.89,12.46
1926-01-01,12.65,12.67,11.81,11.81
1926-04-01,11.48,12.11,11.48,12.11
1926-07-01,12.62,13.32,12.62,13.32
1926-10-01,13.02,13.49,13.02,13.49
1927-01-03,13.66,13.87,13.66,13.87
1927-04-01,14.21,14.89,14.21,14.89
1927-07-01,15.22,16.94,15.22,16.94
1927-10-03,17.06,17.66,17.06,17.66
1928-01-02,17.76,19.280001,16.950001,19.280001
1928-04-02,18.91,20.440001,18.34,19.139999
1928-07-02,18.98,21.43,18.700001,21.139999
1928-10-01,21.360001,24.35,21.110001,24.35
1929-01-01,24.809999,26.08,24.17,25.530001
1929-04-01,24.879999,27.41,24.200001,27.41
1929-07-01,27.77,31.860001,27.77,30.16
1929-10-01,29.98,30.809999,17.66,21.450001
1930-01-01,21.18,24.85,21.18,24.15
1930-04-01,25.370001,25.92,19.389999,20.459999
1930-07-01,20.24,21.860001,18.59,18.59
1930-10-01,19.42,19.42,14.44,15.34
1931-01-01,15.85,18.17,15.09,16.690001
1931-04-01,16.52,16.719999,12.2,14.83
1931-07-01,15.07,15.26,9.71,9.71
1931-10-01,9.53,11.52,7.72,8.12
1932-01-01,7.56,8.98,7.31,7.31
1932-04-01,7.18,7.18,4.4,4.43
1932-07-01,4.6,9.31,4.41,8.08
1932-10-03,8.06,8.06,6.42,6.92
1933-01-02,6.83,7.34,5.53,5.85
1933-04-03,5.87,10.98,5.87,10.91
1933-07-03,11.62,12.2,9.65,9.72
1933-10-02,9.62,10.32,8.61,9.97
1934-01-01,10.11,11.82,9.76,10.62
1934-04-02,10.76,11.16,9.38,9.81
1934-07-02,9.69,9.99,8.36,9.08
1934-10-01,8.83,9.56,8.76,9.5
1935-01-01,9.51,9.58,8.06,8.45
1935-04-01,8.54,10.47,8.22,10.24
1935-07-01,10.28,11.92,10.28,11.59
1935-10-01,11.48,13.46,11.1,13.43
1936-01-01,13.4,15.1,13.4,14.92
1936-04-01,15.19,15.51,13.53,14.84
1936-07-01,14.9,16.290001,14.81,16.01
1936-10-01,16.040001,17.690001,16.040001,17.18
1937-01-01,16.93,18.67,16.93,17.92
1937-04-01,17.709999,17.709999,15.12,15.4
1937-07-01,15.47,17.27,13.2,13.76
1937-10-01,13.72,13.72,10.17,10.55
1938-01-03,10.52,11.95,8.5,8.5
1938-04-01,8.91,11.72,8.91,11.56
1938-07-01,11.91,12.8,10.99,12.24
1938-10-03,12.52,13.91,12.32,13.14
1939-01-02,13.08,13.23,10.98,10.98
1939-04-03,11.26,11.8,10.42,10.86
1939-07-03,11,13.17,10.86,12.79
1939-10-02,12.88,13.21,12.19,12.46
1940-01-01,12.63,12.77,12,12.18
1940-04-01,12.21,12.59,8.99,9.98
1940-07-01,9.87,10.93,9.84,10.66
1940-10-01,10.81,11.39,10.38,10.58
1941-01-01,10.48,10.86,9.53,9.96
1941-04-01,9.97,10.16,9.3,9.85
1941-07-01,9.82,10.47,9.82,10.2
1941-10-01,10.17,10.17,8.37,8.69
1942-01-01,8.89,9.09,7.98,8.01
1942-04-01,8.05,8.53,7.47,8.3
1942-07-01,8.23,8.9,8.23,8.85
1942-10-01,8.92,9.77,8.92,9.77
1943-01-01,9.92,11.59,9.89,11.58
1943-04-01,11.59,12.35,11.14,12.35
1943-07-01,12.36,12.64,11.47,12.08
1943-10-01,12.09,12.09,10.99,11.67
1944-01-03,11.66,12.31,11.56,12.02
1944-04-03,11.96,13.02,11.67,12.98
1944-07-03,13.11,13.27,12.35,12.74
1944-10-02,12.8,13.28,12.67,13.28
1945-01-01,13.33,14.38,13.21,13.61
1945-04-02,13.77,15.37,13.67,14.87
1945-07-02,15.03,16.049999,14.38,16.049999
1945-10-01,16.33,17.68,16.299999,17.360001
1946-01-01,17.25,18.700001,16.809999,18.040001
1946-04-01,18.059999,19.25,18.030001,18.43
1946-07-01,18.540001,18.540001,14.33,14.96
1946-10-01,14.92,15.5,14.12,15.3
1947-01-01,15.2,16.139999,14.77,15.17
1947-04-01,15.23,15.24,13.77,15.21
1947-07-01,15.46,16.120001,14.85,15.11
1947-10-01,15.16,15.79,14.63,15.3
1948-01-01,15.34,15.34,13.84,15.08
1948-04-01,15.12,17.059999,15.12,16.74
1948-07-01,16.700001,16.92,15.19,15.49
1948-10-01,15.67,16.700001,14.75,15.2
1949-01-03,14.95,15.61,14.38,15.06
1949-04-01,14.94,15.07,13.55,14.16
1949-07-01,14.26,15.74,14.26,15.58
1949-10-03,15.6,16.790001,15.6,16.790001
1950-01-02,16.66,17.559999,16.66,17.290001
1950-04-03,17.530001,19.4,17.440001,17.690001
1950-07-03,17.639999,19.450001,16.68,19.450001
1950-10-02,19.690001,20.43,19,20.43
1951-01-01,20.77,22.200001,20.690001,21.48
1951-04-02,21.32,22.809999,20.959999,20.959999
1951-07-02,21.1,23.709999,21.1,23.26
1951-10-01,23.469999,23.85,22.4,23.77
1952-01-01,23.799999,24.66,23.09,24.370001
1952-04-01,24.18,24.959999,23.17,24.959999
1952-07-01,25.120001,25.549999,24.450001,24.540001
1952-10-01,24.48,26.59,23.799999,26.57
1953-01-01,26.540001,26.66,25.290001,25.290001
1953-04-01,25.25,25.25,23.540001,24.139999
1953-07-01,24.24,24.84,22.709999,23.35
1953-10-01,23.49,24.99,23.389999,24.809999
1954-01-01,24.950001,26.940001,24.799999,26.940001
1954-04-01,27.17,29.43,27.01,29.209999
1954-07-01,29.209999,32.689999,29.209999,32.310001
1954-10-01,32.290001,35.98,31.68,35.98
1955-01-03,36.75,37.52,34.580002,36.580002
1955-04-01,36.950001,41.029999,36.830002,41.029999
1955-07-01,41.189999,45.630001,41.189999,43.669998
1955-10-03,42.490002,46.41,40.799999,45.48
1956-01-02,45.16,48.869999,43.110001,48.48
1956-04-02,48.700001,48.849998,44.099998,46.970001
1956-07-02,46.93,49.639999,45.349998,45.349998
1956-10-01,44.700001,47.599998,44.380001,46.669998
1957-01-01,46.200001,46.66,42.389999,44.110001
1957-04-01,44.139999,48.240002,44.139999,47.369999
1957-07-01,47.43,49.130001,42.419998,42.419998
1957-10-01,42.759998,43.139999,38.98,39.990002
1958-01-01,40.330002,42.580002,40.330002,42.099998
1958-04-01,41.93,45.34,41.330002,45.240002
1958-07-01,45.279999,50.060001,45.110001,50.060001
1958-10-01,49.98,55.209999,49.98,55.209999
1959-01-01,55.439999,56.669998,53.580002,55.439999
1959-04-01,55.689999,58.68,55.689999,58.470001
1959-07-01,58.970001,60.709999,55.139999,56.880001
1959-10-01,56.939999,59.889999,56,59.889999
1960-01-01,59.91,60.389999,53.470001,55.34
1960-04-01,55.43,58,54.130001,56.919998
1960-07-01,57.060001,58.07,52.48,53.52
1960-10-03,53.360001,58.110001,52.200001,58.110001
1961-01-02,57.57,65.059998,57.57,65.059998
1961-04-03,65.599998,68.68,64.400002,64.639999
1961-07-03,65.209999,68.459999,64.410004,66.730003
1961-10-02,66.769997,72.639999,66.730003,71.550003
1962-01-01,71.550003,71.959999,67.550003,69.550003
1962-04-02,69.550003,69.82,51.349998,54.75
1962-07-02,54.75,60.330002,54.470001,56.27
1962-10-01,56.27,63.5,52.549999,63.099998
1963-01-01,63.099998,67.010002,62.32,66.57
1963-04-01,66.57,71.239998,66.230003,69.370003
1963-07-01,69.370003,73.870003,67.540001,71.699997
1963-10-01,71.699997,75.360001,69.480003,75.019997
1964-01-01,75.019997,79.889999,74.82,78.980003
1964-04-01,78.980003,82.099998,78.150002,81.690002
1964-07-01,81.690002,84.800003,80.800003,84.18
1964-10-01,84.18,86.800003,82.650002,84.75
1965-01-01,84.75,88.190002,83.769997,86.160004
1965-04-01,86.160004,90.68,80.730003,84.120003
1965-07-01,84.120003,91.129997,83.300003,89.959999
1965-10-01,89.959999,93.300003,89.199997,92.43
1966-01-03,92.43,94.720001,86.690002,89.230003
1966-04-01,89.230003,93.019997,83.18,84.739998
1966-07-01,84.739998,88.190002,73.910004,76.559998
1966-10-03,76.559998,83.879997,72.279999,80.330002
1967-01-02,80.330002,91.720001,79.43,90.199997
1967-04-03,90.199997,95.25,87.190002,90.639999
1967-07-03,90.639999,98.309998,90.120003,96.709999
1967-10-02,96.709999,98.25,90.089996,96.470001
1968-01-01,96.470001,97.839996,86.730003,90.199997
1968-04-01,91.110001,102.839996,91.110001,99.580002
1968-07-01,99.580002,103.669998,95.790001,102.669998
1968-10-01,102.669998,109.370003,101.800003,103.860001
1969-01-01,103.860001,104.870003,96.629997,101.510002
1969-04-01,101.510002,106.739998,95.209999,97.709999
1969-07-01,97.709999,100.330002,88.040001,93.120003
1969-10-01,93.120003,99.230003,88.620003,92.059998
1970-01-01,92.059998,94.25,84.419998,89.629997
1970-04-01,89.629997,90.699997,68.610001,72.720001
1970-07-01,72.720001,84.989998,70.690002,84.300003
1970-10-01,84.300003,92.989998,82.230003,92.150002
1971-01-01,92.150002,102.029999,90.639999,100.309998
1971-04-01,100.309998,105.599998,96.919998,98.699997
1971-07-01,99.160004,102.25,92.809998,98.339996
1971-10-01,98.339996,102.209999,89.339996,102.089996
1972-01-03,102.089996,109.75,100.870003,107.199997
1972-04-03,107.199997,111.480003,103.830002,107.139999
1972-07-03,107.139999,113.449997,104.43,110.550003
1972-10-02,110.550003,119.790001,106.269997,118.050003
1973-01-01,118.059998,121.739998,107.410004,111.519997
1973-04-02,111.519997,113.650002,101.360001,104.260002
1973-07-02,104.099998,111.040001,99.739998,108.43
1973-10-01,108.43,112.82,91.050003,97.550003
1974-01-01,97.550003,101.050003,89.529999,93.980003
1974-04-01,93.980003,95.419998,85.129997,86
1974-07-01,86,86.889999,62.52,63.540001
1974-10-01,63.540001,77.410004,60.959999,68.559998
1975-01-01,68.650002,87.080002,68.650002,83.360001
1975-04-01,83.360001,95.849998,79.660004,95.190002
1975-07-01,95.190002,96.580002,81.57,83.870003
1975-10-01,83.870003,92.330002,82.57,90.190002
1976-01-01,90.190002,104.389999,89.809998,102.769997
1976-04-01,102.769997,105.07,97.970001,104.279999
1976-07-01,104.279999,108.720001,100.43,105.239998
1976-10-01,105.239998,107.82,98.18,107.459999
1977-01-03,107.459999,107.970001,97.800003,98.419998
1977-04-01,98.419998,102.07,95.519997,100.480003
1977-07-01,100.480003,102.57,94.440002,96.529999
1977-10-03,96.529999,97.269997,90.010002,95.099998
1978-01-02,95.099998,95.150002,86.449997,89.209999
1978-04-03,89.199997,101.839996,88.07,95.529999
1978-07-03,95.529999,108.050003,93.589996,102.540001
1978-10-02,102.540001,106.230003,91.650002,96.110001
1979-01-01,96.110001,103.309998,95.220001,101.589996
1979-04-02,101.559998,103.949997,97.489998,102.910004
1979-07-02,102.910004,111.580002,100.349998,109.32
1979-10-01,109.190002,112.160004,99.059998,107.940002
1980-01-01,106.5,120.22,94.23,102.09
1980-04-01,102.1,118.02,98.95,114.24
1980-07-01,114.64,132.17,113.54,125.48
1980-10-01,126.55,141.96,124.66,135.76
1981-01-01,136.01,140.32,124.66,136
1981-04-01,136.39,137.72,128.77,131.21
1981-07-01,130.16,135.49,110.19,116.18
1981-10-01,116.58,127.32,115,122.55
1982-01-01,122.64,123.72,104.46,111.96
1982-04-01,113.16,120.6,107.17,109.61
1982-07-01,109.52,126.43,102.2,120.42
1982-10-01,120.4,144.36,120.15,140.64
1983-01-03,140.65,155.02,138.08,152.96
1983-04-01,153.85,171.6,150.17,168.11
1983-07-01,168.12,171.4,158.5,166.07
1983-10-03,166.07,172.65,161.58,164.93
1984-01-02,168.3,170.95,152.13,159.18
1984-04-02,159.19,162.11,148.53,153.18
1984-07-02,153.21,170.1,147.26,166.1
1984-10-01,166.07,171.8,160.02,167.24
1985-01-01,167.2,183.95,163.36,180.66
1985-04-01,180.66,191.85,177.86,191.85
1985-07-01,191.82,196.07,179.45,182.08
1985-10-01,182.06,213.75,181.16,211.28
1986-01-01,212.3,243.8,202.6,238.9
1986-04-01,238.88,251.81,226.3,250.84
1986-07-01,250.67,255.2,228.08,231.32
1986-10-01,231.32,254.87,231.32,242.16
1987-01-01,242.17,302.72,242.17,291.7
1987-04-01,291.7,310.25,275.68,304
1987-07-01,304,337.89,302.54,321.83
1987-10-01,321.87,328.93,216.47,247.09
1988-01-01,247.1,272.64,240.17,258.89
1988-04-01,258.88,276.88,248.85,273.5
1988-07-01,273.51,276.36,256.53,271.91
1988-10-03,271.91,283.95,262.85,277.72
1989-01-02,277.72,300.57,273.81,294.87
1989-04-03,294.87,329.19,294.35,317.98
1989-07-03,317.98,354.13,317.26,349.15
1989-10-02,349.15,360.44,327.12,353.4
1990-01-01,353.39,360.59,319.83,339.94
1990-04-02,339.93,368.78,327.76,358.02
1990-07-02,358.02,369.78,295.98,306.05
1990-10-01,306.1,333.98,294.51,330.22
1991-01-01,330.2,379.66,309.35,375.22
1991-04-01,375.22,391.26,365.83,371.16
1991-07-01,371.18,397.62,370.92,387.86
1991-10-01,387.86,418.32,371.36,417.09
1992-01-01,417.03,421.18,401.94,403.69
1992-04-01,403.67,418.75,392.41,408.14
1992-07-01,408.2,425.27,407.2,417.8
1992-10-01,417.8,442.65,396.8,435.71
1993-01-01,435.7,456.76,426.88,451.67
1993-04-01,451.67,455.63,432.3,450.53
1993-07-01,450.54,463.8,441.4,458.93
1993-10-01,458.93,471.29,454.36,466.45
1994-01-03,466.45,482.85,436.16,445.76
1994-04-01,445.66,463.23,435.86,444.27
1994-07-01,444.29,477.59,443.58,462.71
1994-10-03,462.77,474.74,442.88,461.17
1995-01-02,459.21,508.15,457.2,500.71
1995-04-03,500.74,551.07,500.2,544.75
1995-07-03,544.79,587.61,542.51,584.41
1995-10-02,584.43,622.88,571.55,615.93
1996-01-01,615.93,664.19,597.29,645.5
1996-04-01,645.5,681.1,624.14,670.63
1996-07-01,670.64,690.88,605.88,687.33
1996-10-01,687.31,762.12,684.44,740.74
1997-01-01,740.74,817.68,729.55,757.12
1997-04-01,757.12,902.09,733.54,885.14
1997-07-01,885.14,964.17,884.54,947.28
1997-10-01,950.72,986.25,855.27,970.43
1998-01-01,970.43,1113.07,912.83,1101.75
1998-04-01,1101.75,1145.15,1074.39,1133.84
1998-07-01,1133.84,1190.58,939.98,1017.05
1998-10-01,1017.01,1244.93,923.32,1229.23
1999-01-01,1229.23,1323.88,1206.59,1286.42
1999-04-01,1286.44,1375.98,1277.31,1372.66
1999-07-01,1372.7,1420.14,1256.29,1282.71
1999-10-01,1281,1473.1,1233.66,1469.25
2000-01-03,1471.21,1552.87,1325.02,1498.58
2000-04-03,1498.58,1527.19,1339.4,1454.6
2000-07-03,1454.27,1530.09,1413.89,1436.48
2000-10-02,1441.68,1454.82,1254.07,1320.5
2001-01-02,1320.28,1383.37,1081.38,1160.34
2001-04-02,1160.2,1315.79,1091.99,1226.99
2001-07-02,1225,1239.78,944.75,1040.9
2001-10-01,1040.2,1173.62,1026.76,1148.16
2002-01-02,1149.97,1176.97,1074.36,1147.39
2002-04-01,1145.96,1147.84,952.92,989.44
2002-07-01,989.15,994.46,775.68,815.26
2002-10-01,816.78,954.28,768.63,879.82
2003-01-02,881.44,935.05,788.9,848.12
2003-04-01,849.05,1015.33,847.85,974.5
2003-07-01,973.83,1040.29,960.84,995.95
2003-10-01,997.12,1112.56,997.12,1111.92
2004-01-02,1112.64,1163.23,1087.06,1126.21
2004-04-01,1126.2,1150.54,1076.32,1140.75
2004-07-01,1140.73,1140.8,1060.72,1114.58
2004-10-01,1115.96,1217.33,1090.19,1211.92
2005-01-03,1213.43,1225.69,1163.69,1180.59
2005-04-01,1181.44,1219.59,1136.22,1191.33
2005-07-01,1191.33,1245.86,1183.55,1228.81
2005-10-03,1228.81,1275.8,1168.42,1248.29
2006-01-03,1252.03,1310.88,1245.74,1294.82
2006-04-03,1302.88,1326.7,1219.29,1270.2
2006-07-03,1270.93,1340.28,1224.54,1335.85
2006-10-02,1335.56,1431.81,1327.1,1418.3
2007-01-03,1418.03,1461.57,1363.98,1420.86
2007-04-02,1420.83,1540.56,1416.37,1503.35
2007-07-02,1506.14,1555.9,1370.6,1526.75
2007-10-01,1527.29,1576.09,1406.1,1468.36
2008-01-02,1467.97,1471.77,1256.98,1322.7
2008-04-01,1326.41,1440.24,1272,1280
2008-07-01,1276.68,1313.15,1106.39,1166.36
2008-10-01,1164.17,1167.03,747.78,903.25
2009-01-02,902.99,943.85,666.79,797.87
2009-04-01,793.59,956.23,783.32,919.32
2009-07-01,920.82,1080.15,869.32,1057.08
2009-10-01,1054.91,1130.38,1019.95,1115.1
2010-01-04,1116.56,1180.69,1044.5,1169.43
2010-04-01,1171.23,1219.8,1028.33,1030.71
2010-07-01,1031.1,1157.16,1010.91,1141.2
2010-10-01,1143.49,1262.6,1131.87,1257.64
2011-01-03,1257.62,1344.07,1249.05,1325.83
2011-04-01,1329.48,1370.58,1258.07,1320.64
2011-07-01,1320.64,1356.48,1101.54,1131.42
2011-10-03,1131.21,1292.66,1074.77,1257.6
2012-01-03,1258.86,1419.15,1258.86,1408.47
2012-04-02,1408.47,1422.38,1266.74,1362.16
2012-07-02,1362.33,1474.51,1325.41,1440.67
2012-10-01,1440.9,1470.96,1343.35,1426.19
2013-01-02,1426.19,1570.28,1426.19,1569.19
2013-04-01,1569.18,1687.18,1536.03,1606.28
2013-07-01,1609.78,1729.86,1604.57,1681.55
2013-10-01,1682.41,1849.44,1646.47,1848.36
2014-01-02,1845.86,1883.97,1737.92,1872.34
2014-04-01,1873.96,1968.17,1814.36,1960.23
2014-07-01,1962.29,2019.26,1904.78,1972.29
2014-10-01,1971.44,2093.55,1820.66,2058.9
2015-01-02,2058.9,2119.59,1980.9,2067.89
2015-04-01,2067.63,2134.72,2048.38,2063.11
2015-07-01,2067,2132.82,1867.01,1920.03
2015-10-01,1919.65,2116.48,1893.7,2043.94
2016-01-04,2038.2,2072.21,1810.1,2059.74
2016-04-01,2056.62,2120.55,1991.68,2098.86
2016-07-01,2099.34,2193.81,2074.02,2168.27
2016-10-03,2164.33,2277.53,2083.79,2238.83
2017-01-03,2251.57,2400.98,2245.13,2362.72
2017-04-03,2362.34,2453.82,2328.95,2423.41
2017-07-03,2431.39,2519.44,2407.7,2519.36
2017-10-02,2521.2,2694.97,2520.4,2673.61
2018-01-02,2683.73,2872.87,2532.69,2640.87
2018-04-02,2633.45,2791.47,2553.8,2718.37
2018-07-02,2704.95,2940.91,2698.95,2913.98
2018-10-01,2926.29,2939.86,2346.58,2506.85
2019-01-02,2476.96,2860.31,2443.96,2834.4
2019-04-01,2848.63,2964.15,2728.81,2941.76
2019-07-01,2971.41,3027.98,2822.12,2976.74
2019-10-01,2983.69,3247.93,2855.94,3230.78
2020-01-02,3244.67,3393.52,2191.86,2584.59
2020-04-01,2498.08,3233.13,2447.49,3100.29
2020-07-01,3105.92,3588.11,3101.17,3363
2020-10-01,3385.87,3760.2,3233.94,3756.08
2021-01-04,3764.61,3994.41,3662.71,3972.9
2021-04-01,3992.78,4302.43,3992.78,4297.49
2021-07-01,4300.73,4545.85,4233.13,4307.53
2021-10-01,4317.16,4808.93,4278.94,4766.19
2022-01-03,4778.14,4818.62,4114.65,4530.42
2022-04-01,4540.32,4593.45,3636.87,3785.39
2022-07-01,3781,4325.28,3584.13,3585.61
2022-10-03,3609.78,4100.96,3491.58,3839.49
2023-01-03,3853.29,4195.44,3794.33,4109.32
2023-04-03,4102.2,4458.48,4048.28,4450.37
2023-07-03,4450.48,4607.07,4238.63,4288.04
2023-10-02,4284.52,4793.3,4103.78,4769.82
2024-01-02,4745.2,5264.85,4682.11,5254.34
2024-04-01,5257.97,5523.64,4953.56,5460.49
2024-07-01,5471.08,5767.37,5119.26,5762.49
2024-10-01,5757.73,6099.97,5674,5881.62
2025-01-02,5903.26,6147.43,5488.73,5611.84
2025-04-01,5597.53,6215.08,4835.04,6204.94
2025-07-01,6187.25,6699.52,6177.97,6688.47
2025-10-01,6664.92,6920.34,6521.92,6820.03
