Date;Account;StockTicker;CUSIP;SecurityName;Shares;Price;MarketValue;Weightings;NetAssets;SharesOutstanding;CreationUnits;MoneyMarketFlag
10/9/2025;TFPN;3YZ5 Comdty;3YZ5 COMDTY;US 3YR NOTE (CBT) Dec25;36;106.421875;7662375;6.05%;126670500;5000000;200;
10/9/2025;TFPN;ACGL;G0450A105;Arch Capital Group Ltd;-1675;93.1;-155942.5;-0.12%;126670500;5000000;200;
10/9/2025;TFPN;ACN;G1151C101;Accenture PLC;-2185;252.98;-552761.3;-0.44%;126670500;5000000;200;
10/9/2025;TFPN;ADBE;00724F101;Adobe Inc;-1775;348.77;-619066.75;-0.49%;126670500;5000000;200;
10/9/2025;TFPN;ADM;39483102;Archer-Daniels-Midland Co;9750;62.22;606645;0.48%;126670500;5000000;200;
10/9/2025;TFPN;AEM;8474108;Agnico Eagle Mines Ltd;8180;169.57;1387082.6;1.10%;126670500;5000000;200;
10/9/2025;TFPN;AGCO;1084102;AGCO Corp;3619;109.1;394832.9;0.31%;126670500;5000000;200;
10/9/2025;TFPN;AGI;11532108;Alamos Gold Inc;17560;34.25;601430;0.47%;126670500;5000000;200;
10/9/2025;TFPN;AI FP;B1YXBJ7;AIR LIQUIDE SA;2608;169.8;514629.17;0.41%;126670500;5000000;200;
10/9/2025;TFPN;ALB;12653101;Albemarle Corp;908;91.69;83254.52;0.07%;126670500;5000000;200;
10/9/2025;TFPN;AMD;7903107;Advanced Micro Devices Inc;2325;235.56;547677;0.43%;126670500;5000000;200;
10/9/2025;TFPN;AMT;03027X100;AMERICAN TOWER CORP;-1163;185.59;-215841.17;-0.17%;126670500;5000000;200;
10/9/2025;TFPN;AMX;02390A101;America Movil SAB de CV;37043;21.21;785682.03;0.62%;126670500;5000000;200;
10/9/2025;TFPN;APLD;38169207;Applied Digital Corp;13165;27.94;367830.1;0.29%;126670500;5000000;200;
10/9/2025;TFPN;ARE;15271109;Alexandria Real Estate Equities Inc;-6992;75.22;-525938.24;-0.42%;126670500;5000000;200;
10/9/2025;TFPN;AS;G0260P102;Amer Sports Inc;8479;34.53;292779.87;0.23%;126670500;5000000;200;
10/9/2025;TFPN;ASDZ26 Index;ASDZ26 INDEX;S&P 500 Annl Div  Dec26;194;80;3880000;3.06%;126670500;5000000;200;
10/9/2025;TFPN;ASDZ27 Index;ASDZ27 INDEX;S&P 500 Annl Div  Dec27;164;79.35;3253350;2.57%;126670500;5000000;200;
10/9/2025;TFPN;ATD CN;BL56KN2;Alimentation Couche-Tard Inc;-16185;72.72;-843647.91;-0.67%;126670500;5000000;200;
10/9/2025;TFPN;ATI;01741R102;ATI Inc;3794;83.93;318430.42;0.25%;126670500;5000000;200;
10/9/2025;TFPN;ATMU;04956D107;Atmus Filtration Technologies Inc;12726;44.83;570506.58;0.45%;126670500;5000000;200;
10/9/2025;TFPN;ATR;38336103;AptarGroup Inc;-7662;131.61;-1008395.82;-0.80%;126670500;5000000;200;
10/9/2025;TFPN;AU;G0378L100;Anglogold Ashanti Plc;14472;77.49;1121435.28;0.89%;126670500;5000000;200;
10/9/2025;TFPN;AUD;AUDCAD111925;AUD/CAD FWD  111925;4121000;1;-14958.43;-0.01%;126670500;5000000;200;
10/9/2025;TFPN;AUD;AUDCNH111925;AUD/CNH FWD  111925;769000;1;-2335.04;0.00%;126670500;5000000;200;
10/9/2025;TFPN;AUD;AUDJPY111925;AUD/JPY FWD  111925;1761000;1;8151.49;0.01%;126670500;5000000;200;
10/9/2025;TFPN;AUD;AUDNZD111925;AUD/NZD FWD  111925;6912000;1;19424.82;0.02%;126670500;5000000;200;
10/9/2025;TFPN;AUD;AUDUSD121725;AUD/USD FWD  121725;843000;1;-6959.45;-0.01%;126670500;5000000;200;
10/9/2025;TFPN;AWI;04247X102;Armstrong World Industries Inc;3736;198.3;740848.8;0.58%;126670500;5000000;200;
10/9/2025;TFPN;AWK;30420103;American Water Works Co Inc;3700;141.03;521811;0.41%;126670500;5000000;200;
10/9/2025;TFPN;AXON;05464C101;Axon Enterprise Inc;1499;727.41;1090387.59;0.86%;126670500;5000000;200;
10/9/2025;TFPN;AXZ5 Comdty;AXZ5 COMDTY;INT'L ARABICA COF Dec25;13;461.35;599755;0.47%;126670500;5000000;200;
10/9/2025;TFPN;AZZ;2474104;AZZ Inc;16194;105.94;1715592.36;1.35%;126670500;5000000;200;
10/9/2025;TFPN;BA;97023105;Boeing Co/The;2249;225.32;506744.68;0.40%;126670500;5000000;200;
10/9/2025;TFPN;BBD/B CN;BN33PL2;Bombardier Inc;6105;191.3;837134.61;0.66%;126670500;5000000;200;
10/9/2025;TFPN;BCPC;57665200;Balchem Corp;-5268;142.44;-750373.92;-0.59%;126670500;5000000;200;
10/9/2025;TFPN;BDX;75887109;Becton Dickinson & Co;-3216;193.93;-623678.88;-0.49%;126670500;5000000;200;
10/9/2025;TFPN;BE;93712107;Bloom Energy Corp;8776;87.58;768602.08;0.61%;126670500;5000000;200;
10/9/2025;TFPN;BF/B;115637209;Brown-Forman Corp;-14363;27.81;-399435.03;-0.32%;126670500;5000000;200;
10/9/2025;TFPN;BHP;88606108;BHP Group Ltd;8591;56.06;481611.46;0.38%;126670500;5000000;200;
10/9/2025;TFPN;BIIB;09062X103;Biogen Inc;99;150.97;14946.03;0.01%;126670500;5000000;200;
10/9/2025;TFPN;BMW GR;5756029;Bayerische Motoren Werke AG;4934;80.26;460200.86;0.36%;126670500;5000000;200;
10/9/2025;TFPN;BNS;64149107;Bank of Nova Scotia/The;18768;63.31;1188202.08;0.94%;126670500;5000000;200;
10/9/2025;TFPN;BOZ5 Comdty;BOZ5 COMDTY;SOYBEAN OIL FUTR  Dec25;14;51.48;432432;0.34%;126670500;5000000;200;
10/9/2025;TFPN;BP;55622104;BP PLC;21366;34.52;737554.32;0.58%;126670500;5000000;200;
10/9/2025;TFPN;BRL;BRLUSD121725;BRL/USD FWD  121725;6660000;1;17854.82;0.01%;126670500;5000000;200;
10/9/2025;TFPN;BTSZ5 Comdty;BTSZ5 COMDTY;Short Euro-BTP Fu Dec25;93;108.04;11676606.62;9.22%;126670500;5000000;200;
10/9/2025;TFPN;BUD;03524A108;Anheuser-Busch InBev SA/NV;4417;59.53;262944.01;0.21%;126670500;5000000;200;
10/9/2025;TFPN;BWXT;05605H100;BWX Technologies Inc;4216;197.01;830594.16;0.66%;126670500;5000000;200;
10/9/2025;TFPN;C Z5 Comdty;C Z5 COMDTY;CORN FUTURE       Dec25;-28;422;-590800;-0.47%;126670500;5000000;200;
10/9/2025;TFPN;CAD;CADCNH101525;CAD/CNH FWD  101525;1782.6;1;1277.79;0.00%;126670500;5000000;200;
10/9/2025;TFPN;CAD;CADEUR101525;CAD/EUR FWD  101525;23298.9;1;16705.87;0.01%;126670500;5000000;200;
10/9/2025;TFPN;CAD;CADGBP101525;CAD/GBP FWD  101525;7422.61;1;5321.96;0.00%;126670500;5000000;200;
10/9/2025;TFPN;CAD;CADNZD101525;CAD/NZD FWD  101525;14955.8;1;10723.5;0.01%;126670500;5000000;200;
10/9/2025;TFPN;CAD;CADNZD111925;CAD/NZD FWD  111925;3018425;1;19322.56;0.02%;126670500;5000000;200;
10/9/2025;TFPN;CAD;CADUSD121725;CAD/USD FWD  121725;-1897000;1;10290.42;0.01%;126670500;5000000;200;
10/9/2025;TFPN;CAD;CASHCAD;CANADIAN DOLLAR;-307.52;1;-220.43;0.00%;126670500;5000000;200;
10/9/2025;TFPN;CAG;205887102;CONAGRA BRANDS INC;-28617;18.71;-535424.07;-0.42%;126670500;5000000;200;
10/9/2025;TFPN;CALM;128030202;Cal-Maine Foods Inc;6921;92.12;637562.52;0.50%;126670500;5000000;200;
10/9/2025;TFPN;CAZ5 Comdty;CAZ5 COMDTY;MILL WHEAT EURO   Dec25;-62;188;-677280.65;-0.53%;126670500;5000000;200;
10/9/2025;TFPN;CCJ;13321L108;Cameco Corp;5715;86.21;492690.15;0.39%;126670500;5000000;200;
10/9/2025;TFPN;CCK;228368106;Crown Holdings Inc;4492;91.92;412904.64;0.33%;126670500;5000000;200;
10/9/2025;TFPN;CDNS;127387108;Cadence Design Systems Inc;2324;350;813400;0.64%;126670500;5000000;200;
10/9/2025;TFPN;CHD;171340102;Church & Dwight Co Inc;-7925;88.92;-704691;-0.56%;126670500;5000000;200;
10/9/2025;TFPN;CHF;AUDCHF111925;CHF/AUD FWD  111925;1053716.39;1;-2399.55;0.00%;126670500;5000000;200;
10/9/2025;TFPN;CHF;CADCHF101525;CHF/CAD FWD  101525;7495.37;1;9369.92;0.01%;126670500;5000000;200;
10/9/2025;TFPN;CHF;CADCHF111925;CHF/CAD FWD  111925;989056.54;1;-13251.65;-0.01%;126670500;5000000;200;
10/9/2025;TFPN;CHF;CASHCHF;SWISS FRANC;-453.47;1;-566.41;0.00%;126670500;5000000;200;
10/9/2025;TFPN;CHF;CHFCNH111925;CHF/CNH FWD  111925;1784000;1;-13316.95;-0.01%;126670500;5000000;200;
10/9/2025;TFPN;CHF;CHFEUR111925;CHF/EUR FWD  111925;1400282.96;1;1066.49;0.00%;126670500;5000000;200;
10/9/2025;TFPN;CHF;CHFGBP111925;CHF/GBP FWD  111925;1057963.04;1;-3266.75;0.00%;126670500;5000000;200;
10/9/2025;TFPN;CHF;CHFJPY111925;CHF/JPY FWD  111925;1884000;1;19095.05;0.02%;126670500;5000000;200;
10/9/2025;TFPN;CHF;CHFNOK111925;CHF/NOK FWD  111925;892000;1;-1689.35;0.00%;126670500;5000000;200;
10/9/2025;TFPN;CHF;CHFUSD121725;CHF/USD FWD  121725;1056000;1;-12308.66;-0.01%;126670500;5000000;200;
10/9/2025;TFPN;CHRW;12541W209;CH Robinson Worldwide Inc;4522;134.04;606128.88;0.48%;126670500;5000000;200;
10/9/2025;TFPN;CL;194162103;Colgate-Palmolive Co;-9566;78;-746148;-0.59%;126670500;5000000;200;
10/9/2025;TFPN;CLF;185899101;Cleveland-Cliffs Inc;13937;13.9;193724.3;0.15%;126670500;5000000;200;
10/9/2025;TFPN;CLH;184496107;CLEAN HARBORS INC COM;616;235.5;145068;0.11%;126670500;5000000;200;
10/9/2025;TFPN;CLP;CLPUSD121725;CLP/USD FWD  121725;326838000;1;3641.7;0.00%;126670500;5000000;200;
10/9/2025;TFPN;CLSK;18452B209;Cleanspark Inc;17377;18.98;329815.46;0.26%;126670500;5000000;200;
10/9/2025;TFPN;CMCSA;20030N101;Comcast Corp;-37257;30.77;-1146397.89;-0.91%;126670500;5000000;200;
10/9/2025;TFPN;CMG;169656105;Chipotle Mexican Grill Inc;-16348;40.98;-669941.04;-0.53%;126670500;5000000;200;
10/9/2025;TFPN;CNC;15135B101;Centene Corp;-11878;38.45;-456709.1;-0.36%;126670500;5000000;200;
10/9/2025;TFPN;CNH;CADCNH111925;CNH/CAD FWD  111925;2086000;1;-335.88;0.00%;126670500;5000000;200;
10/9/2025;TFPN;CNH;CHFCNH101525;CNH/CHF FWD  101525;104364;1;14602.9;0.01%;126670500;5000000;200;
10/9/2025;TFPN;CNH;CNHGBP101525;CNH/GBP FWD  101525;26866;1;3759.16;0.00%;126670500;5000000;200;
10/9/2025;TFPN;CNH;CNHUSD121725;CNH/USD FWD  121725;-4617000;1;-4573.15;0.00%;126670500;5000000;200;
10/9/2025;TFPN;CNH;N20944109;CNH Industrial NV;7275;10.68;77697;0.06%;126670500;5000000;200;
10/9/2025;TFPN;CNI;136375102;Canadian National Railway Co;-10923;96.36;-1052540.28;-0.83%;126670500;5000000;200;
10/9/2025;TFPN;CNM;21874C102;Core & Main Inc;8825;51.77;456870.25;0.36%;126670500;5000000;200;
10/9/2025;TFPN;COIN;19260Q107;Coinbase Global Inc;2023;387.27;783447.21;0.62%;126670500;5000000;200;
10/9/2025;TFPN;COP;20825C104;ConocoPhillips;-5843;93.75;-547781.25;-0.43%;126670500;5000000;200;
10/9/2025;TFPN;COP;COPUSD111925;COP/USD FWD  111925;6133001000;1;-8557.03;-0.01%;126670500;5000000;200;
10/9/2025;TFPN;CORM6 Comdty;CORM6 COMDTY;3M CORRA Futures  Jun26;93;97.775;16294665.26;12.86%;126670500;5000000;200;
10/9/2025;TFPN;CORZ6 Comdty;CORZ6 COMDTY;3M CORRA Futures  Dec26;102;97.68;17854204;14.09%;126670500;5000000;200;
10/9/2025;TFPN;COZ5 Comdty;COZ5 COMDTY;BRENT CRUDE FUTR  Dec25;6;66.25;397500;0.31%;126670500;5000000;200;
10/9/2025;TFPN;CP;13646K108;Canadian Pacific Kansas City Ltd;-245;77.66;-19026.7;-0.02%;126670500;5000000;200;
10/9/2025;TFPN;CPNG;22266T109;Coupang Inc;16149;32.15;519190.35;0.41%;126670500;5000000;200;
10/9/2025;TFPN;CPRT;217204106;Copart Inc;-16441;44.93;-738694.13;-0.58%;126670500;5000000;200;
10/9/2025;TFPN;CR;224408104;Crane Co;3438;180.42;620283.96;0.49%;126670500;5000000;200;
10/9/2025;TFPN;CRDX5 Comdty;CRDX5 COMDTY;Corn Future (BMF) Nov25;156;66.6;874316.49;0.69%;126670500;5000000;200;
10/9/2025;TFPN;CRS;144285103;Carpenter Technology Corp;5322;259.93;1383347.46;1.09%;126670500;5000000;200;
10/9/2025;TFPN;CSGP;22160N109;CoStar Group Inc;6194;79;489326;0.39%;126670500;5000000;200;
10/9/2025;TFPN;CTSH;192446102;Cognizant Technology Solutions Corp;2947;68.4;201574.8;0.16%;126670500;5000000;200;
10/9/2025;TFPN;CTVA;22052L104;Corteva Inc;13371;63.11;843843.81;0.67%;126670500;5000000;200;
10/9/2025;TFPN;CTZ5 Comdty;CTZ5 COMDTY;COTTON NO.2 FUTR  Dec25;-20;64.91;-649100;-0.51%;126670500;5000000;200;
10/9/2025;TFPN;CVS;126650100;CVS Health Corp;8683;76.93;667983.19;0.53%;126670500;5000000;200;
10/9/2025;TFPN;CWB;78464A359;SPDR Bloomberg Convertible Securities ETF;18371;92.73;1703542.83;1.34%;126670500;5000000;200;
10/9/2025;TFPN;CXW;21871N101;CoreCivic Inc;18741;18.75;351393.75;0.28%;126670500;5000000;200;
10/9/2025;TFPN;CZK;CZKEUR101525;CZK/EUR FWD  101525;76465.83;1;3648.05;0.00%;126670500;5000000;200;
10/9/2025;TFPN;CZK;CZKEUR111925;CZK/EUR FWD  111925;104456597.2;1;-15335.05;-0.01%;126670500;5000000;200;
10/9/2025;TFPN;CZK;CZKUSD121725;CZK/USD FWD  121725;30644000;1;-11207.37;-0.01%;126670500;5000000;200;
10/9/2025;TFPN;DAX5 Comdty;DAX5 COMDTY;MILK FUTURE       Nov25;-18;16.93;-609480;-0.48%;126670500;5000000;200;
10/9/2025;TFPN;DEDZ6 Index;DEDZ6 INDEX;SX5E Dividend Fut Dec26;98;159.9;1821057.52;1.44%;126670500;5000000;200;
10/9/2025;TFPN;DEDZ7 Index;DEDZ7 INDEX;SX5E Dividend Fut Dec27;85;158.6;1566647.3;1.24%;126670500;5000000;200;
10/9/2025;TFPN;DG FP;B1XH026;Vinci SA;6767;116.95;919698.61;0.73%;126670500;5000000;200;
10/9/2025;TFPN;DGE LN;237400;Diageo PLC;-11552;17.93;-277985.99;-0.22%;126670500;5000000;200;
10/9/2025;TFPN;DHI;23331A109;DR Horton Inc;1866;158.66;296059.56;0.23%;126670500;5000000;200;
10/9/2025;TFPN;DHR;235851102;Danaher Corp;-2320;204.96;-475507.2;-0.38%;126670500;5000000;200;
10/9/2025;TFPN;DKK;DKKUSD111925;DKK/USD FWD  111925;8932000;1;-12199.52;-0.01%;126670500;5000000;200;
10/9/2025;TFPN;DOW;260557103;Dow Inc;-14892;22.6;-336559.2;-0.27%;126670500;5000000;200;
10/9/2025;TFPN;DRS;52661A108;Leonardo DRS Inc;10988;45.43;499184.84;0.39%;126670500;5000000;200;
10/9/2025;TFPN;DSY FP;BM8H5Y5;Dassault Systemes SE;-19775;28.77;-661158.34;-0.52%;126670500;5000000;200;
10/9/2025;TFPN;DUZ5 Comdty;DUZ5 COMDTY;EURO-SCHATZ FUT   Dec25;-19;107.05;-2363683.9;-1.87%;126670500;5000000;200;
10/9/2025;TFPN;DVN;25179M103;Devon Energy Corp;-14862;34.97;-519724.14;-0.41%;126670500;5000000;200;
10/9/2025;TFPN;EBZ5 Comdty;EBZ5 COMDTY;WHEAT FUTURE-SAF  Dec25;-17;5970;-295587.59;-0.23%;126670500;5000000;200;
10/9/2025;TFPN;ECL;278865100;Ecolab Inc;3706;281.35;1042683.1;0.82%;126670500;5000000;200;
10/9/2025;TFPN;ELV;36752103;ELEVANCE HEALTH INC;-323;362.34;-117035.82;-0.09%;126670500;5000000;200;
10/9/2025;TFPN;EMB;464288281;iShares J.P. Morgan USD Emerging Markets Bond ETF;13381;95.1;1272533.1;1.00%;126670500;5000000;200;
10/9/2025;TFPN;EQNR;29446M102;Equinor ASA;18030;24.63;444078.9;0.35%;126670500;5000000;200;
10/9/2025;TFPN;EQT;26884L109;EQT Corp;8770;56.41;494715.7;0.39%;126670500;5000000;200;
10/9/2025;TFPN;ERJ;29082A107;Embraer SA;18919;58.31;1103166.89;0.87%;126670500;5000000;200;
10/9/2025;TFPN;ERZ6 Comdty;ERZ6 COMDTY;3MO EURO EURIBOR  Dec26;64;98.02;18225682.74;14.39%;126670500;5000000;200;
10/9/2025;TFPN;ERZ7 Comdty;ERZ7 COMDTY;3MO EURO EURIBOR  Dec27;50;97.795;14206130.16;11.22%;126670500;5000000;200;
10/9/2025;TFPN;ETHA;46438R105;iShares Ethereum Trust ETF;8167;34.17;279066.39;0.22%;126670500;5000000;200;
10/9/2025;TFPN;EUR;AUDEUR111925;EUR/AUD FWD  111925;2252000;1;-8284.85;-0.01%;126670500;5000000;200;
10/9/2025;TFPN;EUR;CADEUR111925;EUR/CAD FWD  111925;2233000;1;-22054.05;-0.02%;126670500;5000000;200;
10/9/2025;TFPN;EUR;CASHEUR;EURO;-912.27;1;-1060.16;0.00%;126670500;5000000;200;
10/9/2025;TFPN;EUR;CNHEUR101525;EUR/CNH FWD  101525;2386.5;1;2773.77;0.00%;126670500;5000000;200;
10/9/2025;TFPN;EUR;CNHEUR111925;EUR/CNH FWD  111925;2099372.2;1;-16937.14;-0.01%;126670500;5000000;200;
10/9/2025;TFPN;EUR;EURGBP111925;EUR/GBP FWD  111925;1986000;1;-8674.86;-0.01%;126670500;5000000;200;
10/9/2025;TFPN;EUR;EURJPY111925;EUR/JPY FWD  111925;2082000;1;16622.44;0.01%;126670500;5000000;200;
10/9/2025;TFPN;EUR;EURNOK111925;EUR/NOK FWD  111925;972000;1;-3206.54;0.00%;126670500;5000000;200;
10/9/2025;TFPN;EUR;EURPLN101525;EUR/PLN FWD  101525;507.57;1;589.4;0.00%;126670500;5000000;200;
10/9/2025;TFPN;EUR;EURUSD121725;EUR/USD FWD  121725;1388000;1;-15822.73;-0.01%;126670500;5000000;200;
10/9/2025;TFPN;EUR;EURZAR111925;EUR/ZAR FWD  111925;1199000;1;-11698.48;-0.01%;126670500;5000000;200;
10/9/2025;TFPN;EW;2.82E+112;Edwards Lifesciences Corp;9616;75.74;728315.84;0.57%;126670500;5000000;200;
10/9/2025;TFPN;FCX5 Comdty;FCX5 COMDTY;CATTLE FEEDER FUT Nov25;10;368.825;1844125;1.46%;126670500;5000000;200;
10/9/2025;TFPN;FERG;31488V107;Ferguson Enterprises Inc;2187;234.88;513682.56;0.41%;126670500;5000000;200;
10/9/2025;TFPN;FFF6 Comdty;FFF6 COMDTY;FED FUND 30DAY    Jan26;-33;96.36;-13250559.96;-10.46%;126670500;5000000;200;
10/9/2025;TFPN;FGXXX;31846V336;First American Government Obligations Fund 12/01/2031;5238762.19;100;5238762.19;4.14%;126670500;5000000;200;Y
10/9/2025;TFPN;FI;337738108;Fiserv Inc;-7009;126.51;-886708.59;-0.70%;126670500;5000000;200;
10/9/2025;TFPN;FIS;31620M106;Fidelity National Information Services Inc;-10430;68.13;-710595.9;-0.56%;126670500;5000000;200;
10/9/2025;TFPN;FMX;344419106;Fomento Economico Mexicano SAB de CV;-2051;96.21;-197326.71;-0.16%;126670500;5000000;200;
10/9/2025;TFPN;FRO;M46528101;Frontline PLC;18109;22.25;402925.25;0.32%;126670500;5000000;200;
10/9/2025;TFPN;FVZ5 Comdty;FVZ5 COMDTY;US 5YR NOTE (CBT) Dec25;50;109.234375;5461718.75;4.31%;126670500;5000000;200;
10/9/2025;TFPN;FWONK;531229755;Liberty Media Corp-Liberty Formula One;7641;106.74;815600.34;0.64%;126670500;5000000;200;
10/9/2025;TFPN;G Z5 Comdty;G Z5 COMDTY;LONG GILT FUTURE  Dec25;-11;90.79;-1340343.58;-1.06%;126670500;5000000;200;
10/9/2025;TFPN;GATX;361448103;GATX Corp;4789;173.97;833142.33;0.66%;126670500;5000000;200;
10/9/2025;TFPN;GBP;AUDGBP111925;GBP/AUD FWD  111925;789000;1;-52.29;0.00%;126670500;5000000;200;
10/9/2025;TFPN;GBP;CADGBP111925;GBP/CAD FWD  111925;813000;1;-6064.94;0.00%;126670500;5000000;200;
10/9/2025;TFPN;GBP;CASHGBP;BRITISH POUNDS;-318.25;1;-427.12;0.00%;126670500;5000000;200;
10/9/2025;TFPN;GBP;CNHGBP111925;GBP/CNH FWD  111925;2828000;1;-15533.08;-0.01%;126670500;5000000;200;
10/9/2025;TFPN;GBP;GBPJPY111925;GBP/JPY FWD  111925;921000;1;12095.06;0.01%;126670500;5000000;200;
10/9/2025;TFPN;GBP;GBPUSD121725;GBP/USD FWD  121725;1055000;1;-13544.67;-0.01%;126670500;5000000;200;
10/9/2025;TFPN;GCZ5 Comdty;GCZ5 COMDTY;GOLD 100 OZ FUTR  Dec25;5;4070.5;2035250;1.61%;126670500;5000000;200;
10/9/2025;TFPN;GD;369550108;General Dynamics Corp;2686;346.44;930537.84;0.73%;126670500;5000000;200;
10/9/2025;TFPN;GEV;36828A101;GE Vernova Inc;839;625.45;524752.55;0.41%;126670500;5000000;200;
10/9/2025;TFPN;GFF;398433102;Griffon Corp;5771;76.83;443385.93;0.35%;126670500;5000000;200;
10/9/2025;TFPN;GIS;370334104;General Mills Inc;-12278;49.75;-610830.5;-0.48%;126670500;5000000;200;
10/9/2025;TFPN;GLNG;G9456A100;Golar LNG Ltd;21303;38.21;813987.63;0.64%;126670500;5000000;200;
10/9/2025;TFPN;GLXY;36317J209;Galaxy Digital Inc;8318;41.39;344282.02;0.27%;126670500;5000000;200;
10/9/2025;TFPN;GPK;388689101;Graphic Packaging Holding Co;-27820;18.79;-522737.8;-0.41%;126670500;5000000;200;
10/9/2025;TFPN;GSK;37733W204;GSK PLC;12902;43.35;559301.7;0.44%;126670500;5000000;200;
10/9/2025;TFPN;GVA;387328107;Granite Construction Inc;5235;107.06;560459.1;0.44%;126670500;5000000;200;
10/9/2025;TFPN;GWW;384802104;WW Grainger Inc;499;967.19;482627.81;0.38%;126670500;5000000;200;
10/9/2025;TFPN;HAL;406216101;Halliburton Co;-18488;23.92;-442232.96;-0.35%;126670500;5000000;200;
10/9/2025;TFPN;HDB;40415F101;HDFC BANK LTD - ADR;19782;34.58;684061.56;0.54%;126670500;5000000;200;
10/9/2025;TFPN;HGZ5 Comdty;HGZ5 COMDTY;COPPER FUTURE     Dec25;2;509.45;254725;0.20%;126670500;5000000;200;
10/9/2025;TFPN;HII;446413106;Huntington Ingalls Industries Inc;2317;290.83;673853.11;0.53%;126670500;5000000;200;
10/9/2025;TFPN;HIVE;433921103;Hive Digital Technologies Ltd;47730;6.54;312154.2;0.25%;126670500;5000000;200;
10/9/2025;TFPN;HKD;CASHHKD;HONG KONG DOLLAR;-16456.78;1;-2114.86;0.00%;126670500;5000000;200;
10/9/2025;TFPN;HOX5 Comdty;HOX5 COMDTY;NY Harb ULSD Fut  Nov25;5;229.13;481173;0.38%;126670500;5000000;200;
10/9/2025;TFPN;HRL;440452100;Hormel Foods Corp;-15360;23.89;-366950.4;-0.29%;126670500;5000000;200;
10/9/2025;TFPN;HSY;427866108;Hershey Co/The;3729;195.56;729243.24;0.58%;126670500;5000000;200;
10/9/2025;TFPN;HUF;EURHUF101525;HUF/EUR FWD  101525;18124558.74;1;53775.16;0.04%;126670500;5000000;200;
10/9/2025;TFPN;HUF;EURHUF111925;HUF/EUR FWD  111925;1389375339;1;-32080.79;-0.03%;126670500;5000000;200;
10/9/2025;TFPN;HUF;HUFUSD121725;HUF/USD FWD  121725;436676000;1;-3964.47;0.00%;126670500;5000000;200;
10/9/2025;TFPN;IBIT;46438F101;iShares Bitcoin Trust ETF;14459;70.06;1012997.54;0.80%;126670500;5000000;200;
10/9/2025;TFPN;IBYZ5 Index;IBYZ5 INDEX;iBoxx iShr Bnd Id Dec25;27;177.595;4795065;3.79%;126670500;5000000;200;
10/9/2025;TFPN;IDR;IDRUSD111925;IDR/USD FWD  111925;-26445000000;1;-8125.54;-0.01%;126670500;5000000;200;
10/9/2025;TFPN;IDXX;45168D104;IDEXX Laboratories Inc;989;629.91;622980.99;0.49%;126670500;5000000;200;
10/9/2025;TFPN;IHBZ5 Index;IHBZ5 INDEX;IBIG iBoxx iShr   Dec25;12;146.46;1757520;1.39%;126670500;5000000;200;
10/9/2025;TFPN;IJX5 Comdty;IJX5 COMDTY;RAPESEED  EURO    Nov25;14;466.25;379285.3;0.30%;126670500;5000000;200;
10/9/2025;TFPN;IKZ5 Comdty;IKZ5 COMDTY;Euro-BTP Future   Dec25;7;120.33;978861.13;0.77%;126670500;5000000;200;
10/9/2025;TFPN;ILS;ILSUSD121725;ILS/USD FWD  121725;6272000;1;22864.24;0.02%;126670500;5000000;200;
10/9/2025;TFPN;INGR;457187102;Ingredion Inc;-8206;121.64;-998177.84;-0.79%;126670500;5000000;200;
10/9/2025;TFPN;INR;INRUSD121725;INR/USD FWD  121725;-72750000;1;-2953.03;0.00%;126670500;5000000;200;
10/9/2025;TFPN;INTU;461202103;Intuit Inc;859;656.6;564019.4;0.45%;126670500;5000000;200;
10/9/2025;TFPN;INVH;46187W107;Invitation Homes Inc;-20935;28.18;-589948.3;-0.47%;126670500;5000000;200;
10/9/2025;TFPN;IONQ;46222L108;IonQ Inc;13907;74.3;1033290.1;0.82%;126670500;5000000;200;
10/9/2025;TFPN;IQV;46266C105;IQVIA Holdings Inc;-1838;200.6;-368702.8;-0.29%;126670500;5000000;200;
10/9/2025;TFPN;IREN;Q4982L109;IREN Ltd;15434;60.09;927429.06;0.73%;126670500;5000000;200;
10/9/2025;TFPN;IRM6 Comdty;IRM6 COMDTY;90-DAY BANK BILL  Jun26;46;96.61;2925263.3;2.31%;126670500;5000000;200;
10/9/2025;TFPN;IRZ5 Comdty;IRZ5 COMDTY;90-DAY BANK BILL  Dec25;65;96.49;4128389.94;3.26%;126670500;5000000;200;
10/9/2025;TFPN;IRZ6 Comdty;IRZ6 COMDTY;90-DAY BANK BILL  Dec26;111;96.57;7055864.93;5.57%;126670500;5000000;200;
10/9/2025;TFPN;ISRG;46120E602;Intuitive Surgical Inc;-1435;448.09;-643009.15;-0.51%;126670500;5000000;200;
10/9/2025;TFPN;ITT;45073V108;ITT Inc;6296;179.65;1131076.4;0.89%;126670500;5000000;200;
10/9/2025;TFPN;JBZ5 Comdty;JBZ5 COMDTY;JPN 10Y BOND(OSE) Dec25;-7;135.68;-6227321.9;-4.92%;126670500;5000000;200;
10/9/2025;TFPN;JOAU5 Comdty;JOAU5 COMDTY;3MO TONA OSE      Sep25;86;99.4775;14023317.38;11.07%;126670500;5000000;200;
10/9/2025;TFPN;JPY;CADJPY111925;JPY/CAD FWD  111925;148206733;1;-18135.36;-0.01%;126670500;5000000;200;
10/9/2025;TFPN;JPY;CHFJPY101525;JPY/CHF FWD  101525;7074364;1;46418.43;0.04%;126670500;5000000;200;
10/9/2025;TFPN;JPY;CNHJPY111925;JPY/CNH FWD  111925;39188330;1;-3824.09;0.00%;126670500;5000000;200;
10/9/2025;TFPN;JPY;EURJPY101525;JPY/EUR FWD  101525;7087045;1;46501.64;0.04%;126670500;5000000;200;
10/9/2025;TFPN;JPY;GBPJPY101525;JPY/GBP FWD  101525;3331700;1;21860.95;0.02%;126670500;5000000;200;
10/9/2025;TFPN;JPY;JPYNOK101525;JPY/NOK FWD  101525;3485448;1;22869.76;0.02%;126670500;5000000;200;
10/9/2025;TFPN;JPY;JPYNZD111925;JPY/NZD FWD  111925;149506396;1;-5560.02;0.00%;126670500;5000000;200;
10/9/2025;TFPN;JPY;JPYSEK101525;JPY/SEK FWD  101525;4908493;1;32207.07;0.03%;126670500;5000000;200;
10/9/2025;TFPN;JPY;JPYUSD121725;JPY/USD FWD  121725;-162991000;1;31664.75;0.02%;126670500;5000000;200;
10/9/2025;TFPN;KCZ5 Comdty;KCZ5 COMDTY;COFFEE 'C' FUTURE Dec25;3;385.1;433237.5;0.34%;126670500;5000000;200;
10/9/2025;TFPN;KDP;49271V100;Keurig Dr Pepper Inc;-26359;25.58;-674263.22;-0.53%;126670500;5000000;200;
10/9/2025;TFPN;KER FP;5505072;KERING;1502;314.8;549482.39;0.43%;126670500;5000000;200;
10/9/2025;TFPN;KGS;50012A108;Kodiak Gas Services Inc;18188;36.25;659315;0.52%;126670500;5000000;200;
10/9/2025;TFPN;KHC;500754106;Kraft Heinz Co/The;-20495;25.08;-514014.6;-0.41%;126670500;5000000;200;
10/9/2025;TFPN;KLAC;482480100;KLA CORP;517;1062.59;549359.03;0.43%;126670500;5000000;200;
10/9/2025;TFPN;KMB;494368103;Kimberly-Clark Corp;-6914;119.63;-827121.82;-0.65%;126670500;5000000;200;
10/9/2025;TFPN;KOZ5 Comdty;KOZ5 COMDTY;CRUDE PALM OIL FU Dec25;20;4545;539018.03;0.43%;126670500;5000000;200;
10/9/2025;TFPN;KRW;KRWUSD121725;KRW/USD FWD  121725;-1059964000;1;7632.77;0.01%;126670500;5000000;200;
10/9/2025;TFPN;KTOS;50077B207;Kratos Defense & Security Solutions Inc;18165;105.67;1919495.55;1.52%;126670500;5000000;200;
10/9/2025;TFPN;KWZ5 Comdty;KWZ5 COMDTY;KC HRW WHEAT FUT  Dec25;-14;493.25;-345275;-0.27%;126670500;5000000;200;
10/9/2025;TFPN;LAZ25 Comdty;LAZ25 COMDTY;LME PRI ALUM FUTR Dec25;20;2754.47;1377235;1.09%;126670500;5000000;200;
10/9/2025;TFPN;LBOX5 Comdty;LBOX5 COMDTY;Lumber Future     Nov25;-36;601.5;-595485;-0.47%;126670500;5000000;200;
10/9/2025;TFPN;LCZ5 Comdty;LCZ5 COMDTY;LIVE CATTLE FUTR  Dec25;19;238.875;1815450;1.43%;126670500;5000000;200;
10/9/2025;TFPN;LEU;15643U104;Centrus Energy Corp;4746;364.22;1728588.12;1.36%;126670500;5000000;200;
10/9/2025;TFPN;LHX;502431109;L3Harris Technologies Inc;3107;306.76;953103.32;0.75%;126670500;5000000;200;
10/9/2025;TFPN;LHZ5 Comdty;LHZ5 COMDTY;LEAN HOGS FUTURE  Dec25;23;86.1;792120;0.63%;126670500;5000000;200;
10/9/2025;TFPN;LI;50202M102;Li Auto Inc;6691;24.64;164866.24;0.13%;126670500;5000000;200;
10/9/2025;TFPN;LIN;G54950103;Linde PLC;1941;467.83;908058.03;0.72%;126670500;5000000;200;
10/9/2025;TFPN;LITE;55024U109;Lumentum Holdings Inc;4582;163.09;747278.38;0.59%;126670500;5000000;200;
10/9/2025;TFPN;LKQ;501889208;LKQ Corp;-7902;29.7;-234689.4;-0.19%;126670500;5000000;200;
10/9/2025;TFPN;LLZ5 Comdty;LLZ5 COMDTY;LME LEAD FUTURE   Dec25;-15;1993.36;-747510;-0.59%;126670500;5000000;200;
10/9/2025;TFPN;LNZ5 Comdty;LNZ5 COMDTY;LME NICKEL FUTURE Dec25;-6;15299;-550764;-0.43%;126670500;5000000;200;
10/9/2025;TFPN;LPX;546347105;Louisiana-Pacific Corp;4004;90.31;361601.24;0.29%;126670500;5000000;200;
10/9/2025;TFPN;LPZ25 Comdty;LPZ25 COMDTY;LME COPPER FUTURE Dec25;6;10673.28;1600992;1.26%;126670500;5000000;200;
10/9/2025;TFPN;LRCX;512807306;Lam Research Corp;5257;142.54;749332.78;0.59%;126670500;5000000;200;
10/9/2025;TFPN;LSV5 Comdty;LSV5 COMDTY;INT'L LIVE CATTLE Oct25;-67;312.75;-1293133.58;-1.02%;126670500;5000000;200;
10/9/2025;TFPN;LTZ5 Comdty;LTZ5 COMDTY;LME TIN FUTURE    Dec25;2;36425;364250;0.29%;126670500;5000000;200;
10/9/2025;TFPN;LUN CN;2866857;Lundin Mining Corp;42145;21.64;653729.34;0.52%;126670500;5000000;200;
10/9/2025;TFPN;LXZ5 Comdty;LXZ5 COMDTY;LME ZINC FUTURE   Dec25;5;3014.52;376815;0.30%;126670500;5000000;200;
10/9/2025;TFPN;LYB;N53745100;LyondellBasell Industries NV;-9712;48.69;-472877.28;-0.37%;126670500;5000000;200;
10/9/2025;TFPN;MBB;464288588;iShares MBS ETF;11439;95.13;1088192.07;0.86%;126670500;5000000;200;
10/9/2025;TFPN;MBG GR;5529027;Mercedes-Benz Group AG;-2643;53.56;-164507.94;-0.13%;126670500;5000000;200;
10/9/2025;TFPN;MC FP;4061412;LVMH Moet Hennessy Louis Vuitton SE;-1019;575.5;-681504.36;-0.54%;126670500;5000000;200;
10/9/2025;TFPN;MKC;579780206;McCormick & Co Inc/MD;-11124;65.81;-732070.44;-0.58%;126670500;5000000;200;
10/9/2025;TFPN;MLM;573284106;Martin Marietta Materials Inc;1103;636.31;701849.93;0.55%;126670500;5000000;200;
10/9/2025;TFPN;MMC;571748102;Marsh & McLennan Cos Inc;-4078;204.75;-834970.5;-0.66%;126670500;5000000;200;
10/9/2025;TFPN;MNST;61174X109;Monster Beverage Corp;10239;68.73;703726.47;0.56%;126670500;5000000;200;
10/9/2025;TFPN;MOS;61945C103;Mosaic Co/The;11014;34.79;383177.06;0.30%;126670500;5000000;200;
10/9/2025;TFPN;MOZ25 Comdty;MOZ25 COMDTY;ECX EMISSION      Dec25;2;79.01;183637.42;0.14%;126670500;5000000;200;
10/9/2025;TFPN;MP;553368101;MP Materials Corp;15317;70.59;1081227.03;0.85%;126670500;5000000;200;
10/9/2025;TFPN;MRK;58933Y105;Merck & Co Inc;-7475;86.4;-645840;-0.51%;126670500;5000000;200;
10/9/2025;TFPN;MSFT;594918104;Microsoft Corp;1536;524.85;806169.6;0.64%;126670500;5000000;200;
10/9/2025;TFPN;MSTR;594972408;Strategy Inc;4307;330.8;1424755.6;1.12%;126670500;5000000;200;
10/9/2025;TFPN;MTZ;576323109;MasTec Inc;3405;218.92;745422.6;0.59%;126670500;5000000;200;
10/9/2025;TFPN;MU;595112103;Micron Technology Inc;3684;196.54;724053.36;0.57%;126670500;5000000;200;
10/9/2025;TFPN;MUB;464288414;iShares National Muni Bond ETF;39960;106.57;4258537.2;3.36%;126670500;5000000;200;
10/9/2025;TFPN;MWZ5 Comdty;MWZ5 COMDTY;RED WHEAT FUT MGE Dec25;-13;555.5;-361075;-0.29%;126670500;5000000;200;
10/9/2025;TFPN;MXN;MXNUSD121725;MXN/USD FWD  121725;38393000;1;28016.18;0.02%;126670500;5000000;200;
10/9/2025;TFPN;NEE;65339F101;NextEra Energy Inc;8968;84.04;753670.72;0.59%;126670500;5000000;200;
10/9/2025;TFPN;NESN SW;7123870;Nestle SA;-8092;74.96;-757652.16;-0.60%;126670500;5000000;200;
10/9/2025;TFPN;NET;18915M107;Cloudflare Inc;2587;220;569140;0.45%;126670500;5000000;200;
10/9/2025;TFPN;NOC;666807102;Northrop Grumman Corp;1608;637.95;1025823.6;0.81%;126670500;5000000;200;
10/9/2025;TFPN;NOK;GBPNOK101525;NOK/GBP FWD  101525;164391.43;1;16473.2;0.01%;126670500;5000000;200;
10/9/2025;TFPN;NOK;GBPNOK111925;NOK/GBP FWD  111925;21117116.35;1;-2895.86;0.00%;126670500;5000000;200;
10/9/2025;TFPN;NOK;JPYNOK111925;NOK/JPY FWD  111925;18047000;1;15269.17;0.01%;126670500;5000000;200;
10/9/2025;TFPN;NOK;NOKUSD121725;NOK/USD FWD  121725;11952000;1;-7995.79;-0.01%;126670500;5000000;200;
10/9/2025;TFPN;NSC;655844108;Norfolk Southern Corp;2950;296.62;875029;0.69%;126670500;5000000;200;
10/9/2025;TFPN;NTES;64110W102;NETEASE INC;4296;153.93;661283.28;0.52%;126670500;5000000;200;
10/9/2025;TFPN;NTR;67077M108;Nutrien Ltd;8983;60.44;542932.52;0.43%;126670500;5000000;200;
10/9/2025;TFPN;NUE;670346105;Nucor Corp;1908;137.84;262998.72;0.21%;126670500;5000000;200;
10/9/2025;TFPN;NVDA;67066G104;NVIDIA Corp;4362;189.11;824897.82;0.65%;126670500;5000000;200;
10/9/2025;TFPN;NVO;670100205;Novo Nordisk A/S;-3268;59.61;-194805.48;-0.15%;126670500;5000000;200;
10/9/2025;TFPN;NVT;G6700G107;nVent Electric PLC;9126;98.72;900918.72;0.71%;126670500;5000000;200;
10/9/2025;TFPN;NXE;65340P106;NexGen Energy Ltd;37542;8.76;328867.92;0.26%;126670500;5000000;200;
10/9/2025;TFPN;NXT;6.53E+105;NEXTracker Inc;5756;78.5;451846;0.36%;126670500;5000000;200;
10/9/2025;TFPN;NZD;AUDNZD101525;NZD/AUD FWD  101525;147559.45;1;85353.42;0.07%;126670500;5000000;200;
10/9/2025;TFPN;NZD;NZDUSD121725;NZD/USD FWD  121725;-917000;1;15117.45;0.01%;126670500;5000000;200;
10/9/2025;TFPN;O;756109104;Realty Income Corp;18442;59.01;1088262.42;0.86%;126670500;5000000;200;
10/9/2025;TFPN;O Z5 Comdty;O Z5 COMDTY;OAT FUTURE        Dec25;-54;287.25;-775575;-0.61%;126670500;5000000;200;
10/9/2025;TFPN;OATZ5 Comdty;OATZ5 COMDTY;Euro-OAT Future   Dec25;-22;121.6;-3108890.18;-2.45%;126670500;5000000;200;
10/9/2025;TFPN;OEZ5 Comdty;OEZ5 COMDTY;EURO-BOBL FUTURE  Dec25;-18;118.04;-2469169.09;-1.95%;126670500;5000000;200;
10/9/2025;TFPN;OKE;682680103;ONEOK Inc;-9864;72.38;-713956.32;-0.56%;126670500;5000000;200;
10/9/2025;TFPN;OKTA;679295105;Okta Inc;2605;92.63;241301.15;0.19%;126670500;5000000;200;
10/9/2025;TFPN;OR FP;4057808;L'Oreal SA;1338;383.1;595686;0.47%;126670500;5000000;200;
10/9/2025;TFPN;ORA;686688102;Ormat Technologies Inc;6334;106.95;677421.3;0.53%;126670500;5000000;200;
10/9/2025;TFPN;OXY;674599105;Occidental Petroleum Corp;-11725;45.04;-528094;-0.42%;126670500;5000000;200;
10/9/2025;TFPN;PAYX;704326107;Paychex Inc;-5727;126.59;-724980.93;-0.57%;126670500;5000000;200;
10/9/2025;TFPN;PAZ5 Comdty;PAZ5 COMDTY;PALLADIUM FUTURE  Dec25;3;1483.1;444930;0.35%;126670500;5000000;200;
10/9/2025;TFPN;PCT;74623V103;PureCycle Technologies Inc;22254;14.86;330694.44;0.26%;126670500;5000000;200;
10/9/2025;TFPN;PEP;713448108;PepsiCo Inc;-5829;138.84;-809298.36;-0.64%;126670500;5000000;200;
10/9/2025;TFPN;PFE;717081103;Pfizer Inc;19986;25.68;513240.48;0.41%;126670500;5000000;200;
10/9/2025;TFPN;PFF;464288687;iShares Preferred and Income Securities ETF;83457;31.7;2645586.9;2.09%;126670500;5000000;200;
10/9/2025;TFPN;PG;742718109;Procter & Gamble Co/The;-5857;150.69;-882591.33;-0.70%;126670500;5000000;200;
10/9/2025;TFPN;PGR;743315103;Progressive Corp/The;-1002;243.06;-243546.12;-0.19%;126670500;5000000;200;
10/9/2025;TFPN;PHP;PHPUSD111925;PHP/USD FWD  111925;-28219000;1;-3783.99;0.00%;126670500;5000000;200;
10/9/2025;TFPN;PLF6 Comdty;PLF6 COMDTY;PLATINUM FUTURE   Jan26;10;1700.8;850400;0.67%;126670500;5000000;200;
10/9/2025;TFPN;PLN;EURPLN111925;PLN/EUR FWD  111925;10953000;1;-514.88;0.00%;126670500;5000000;200;
10/9/2025;TFPN;PLN;PLNUSD121725;PLN/USD FWD  121725;3812000;1;-5803.18;0.00%;126670500;5000000;200;
10/9/2025;TFPN;PODD;45784P101;Insulet Corp;1502;315.49;473865.98;0.37%;126670500;5000000;200;
10/9/2025;TFPN;PPC;72147K108;Pilgrim's Pride Corp;10896;37.98;413830.08;0.33%;126670500;5000000;200;
10/9/2025;TFPN;PPG;693506107;PPG Industries Inc;-5295;101.59;-537919.05;-0.42%;126670500;5000000;200;
10/9/2025;TFPN;PSA;74460D109;Public Storage;140;293.14;41039.6;0.03%;126670500;5000000;200;
10/9/2025;TFPN;PWR;7.48E+106;Quanta Services Inc;1769;443.45;784463.05;0.62%;126670500;5000000;200;
10/9/2025;TFPN;QSX5 Comdty;QSX5 COMDTY;Low Su Gasoil G   Nov25;7;674.5;472150;0.37%;126670500;5000000;200;
10/9/2025;TFPN;RBC;75524B104;RBC Bearings Inc;1695;382.19;647812.05;0.51%;126670500;5000000;200;
10/9/2025;TFPN;RBRK;781154109;Rubrik Inc;4470;84.25;376597.5;0.30%;126670500;5000000;200;
10/9/2025;TFPN;REGN;75886F107;Regeneron Pharmaceuticals Inc;-794;563.86;-447704.84;-0.35%;126670500;5000000;200;
10/9/2025;TFPN;RIO;767204100;Rio Tinto PLC;10937;67.7;740434.9;0.58%;126670500;5000000;200;
10/9/2025;TFPN;RMS FP;5253973;Hermes International SCA;-142;2155;-355618.83;-0.28%;126670500;5000000;200;
10/9/2025;TFPN;ROK;773903109;Rockwell Automation Inc;1426;348.11;496404.86;0.39%;126670500;5000000;200;
10/9/2025;TFPN;ROP;776696106;Roper Technologies Inc;-1491;520;-775320;-0.61%;126670500;5000000;200;
10/9/2025;TFPN;ROST;778296103;Ross Stores Inc;5776;152.02;878067.52;0.69%;126670500;5000000;200;
10/9/2025;TFPN;RRX5 Comdty;RRX5 COMDTY;ROUGH RICE (CBOT) Nov25;-40;10.725;-858000;-0.68%;126670500;5000000;200;
10/9/2025;TFPN;RSX5 Comdty;RSX5 COMDTY;CANOLA FUTR (WCE) Nov25;31;617;274202.57;0.22%;126670500;5000000;200;
10/9/2025;TFPN;RWE GR;4768962;RWE AG;22359;40.5;1052341.08;0.83%;126670500;5000000;200;
10/9/2025;TFPN;RXZ5 Comdty;RXZ5 COMDTY;EURO-BUND FUTURE  Dec25;-20;128.91;-2996165.02;-2.37%;126670500;5000000;200;
10/9/2025;TFPN;S X5 Comdty;S X5 COMDTY;SOYBEAN FUTURE    Nov25;-9;1029.5;-463275;-0.37%;126670500;5000000;200;
10/9/2025;TFPN;SAN FP;5671735;Sanofi SA;-6516;84.59;-640544.38;-0.51%;126670500;5000000;200;
10/9/2025;TFPN;SBH6 Comdty;SBH6 COMDTY;SUGAR #11 (WORLD) Mar26;-44;16.29;-802771.2;-0.63%;126670500;5000000;200;
10/9/2025;TFPN;SCCO;84265V105;Southern Copper Corp;5091.93;132.53;674833.48;0.53%;126670500;5000000;200;
10/9/2025;TFPN;SCOX5 Comdty;SCOX5 COMDTY;IODEX IO FUT      Nov25;79;104.13;822627;0.65%;126670500;5000000;200;
10/9/2025;TFPN;SDIZ5 Index;SDIZ5 INDEX;ESTX SelDiv30 F   Dec25;99;2078.5;2391301.57;1.89%;126670500;5000000;200;
10/9/2025;TFPN;SEK;CHFSEK111925;SEK/CHF FWD  111925;6164652.33;1;501.18;0.00%;126670500;5000000;200;
10/9/2025;TFPN;SEK;EURSEK101525;SEK/EUR FWD  101525;8612.67;1;914.11;0.00%;126670500;5000000;200;
10/9/2025;TFPN;SEK;EURSEK111925;SEK/EUR FWD  111925;35163646.56;1;8128.6;0.01%;126670500;5000000;200;
10/9/2025;TFPN;SEK;GBPSEK101525;SEK/GBP FWD  101525;8572.49;1;909.86;0.00%;126670500;5000000;200;
10/9/2025;TFPN;SEK;GBPSEK111925;SEK/GBP FWD  111925;17443372.57;1;-1869.89;0.00%;126670500;5000000;200;
10/9/2025;TFPN;SEK;JPYSEK111925;SEK/JPY FWD  111925;15367000;1;15546.85;0.01%;126670500;5000000;200;
10/9/2025;TFPN;SEK;NOKSEK111925;SEK/NOK FWD  111925;13400026.82;1;-105.23;0.00%;126670500;5000000;200;
10/9/2025;TFPN;SEK;SEKUSD121725;SEK/USD FWD  121725;10700000;1;-12190.6;-0.01%;126670500;5000000;200;
10/9/2025;TFPN;SFIZ6 Comdty;SFIZ6 COMDTY;ICE 3MTH SONIA FU Dec26;-21;96.4;-6792376.86;-5.36%;126670500;5000000;200;
10/9/2025;TFPN;SFIZ7 Comdty;SFIZ7 COMDTY;ICE 3MTH SONIA FU Dec27;9;96.29;2907696.95;2.30%;126670500;5000000;200;
10/9/2025;TFPN;SFRZ6 Comdty;SFRZ6 COMDTY;3 MONTH SOFR FUT  Dec26;-31;96.925;-7511687.5;-5.93%;126670500;5000000;200;
10/9/2025;TFPN;SFRZ7 Comdty;SFRZ7 COMDTY;3 MONTH SOFR FUT  Dec27;81;96.81;19604025;15.48%;126670500;5000000;200;
10/9/2025;TFPN;SGD;CNHSGD111925;SGD/CNH FWD  111925;4563545.09;1;-10886.9;-0.01%;126670500;5000000;200;
10/9/2025;TFPN;SGD;SGDUSD121725;SGD/USD FWD  121725;1790000;1;-18779.55;-0.01%;126670500;5000000;200;
10/9/2025;TFPN;SIZ5 Comdty;SIZ5 COMDTY;SILVER FUTURE     Dec25;4;48.994;979880;0.77%;126670500;5000000;200;
10/9/2025;TFPN;SLB;806857108;SLB Ltd;-17161;33.97;-582959.17;-0.46%;126670500;5000000;200;
10/9/2025;TFPN;SLGN;827048109;Silgan Holdings Inc;-15446;43.46;-671283.16;-0.53%;126670500;5000000;200;
10/9/2025;TFPN;SMZ5 Comdty;SMZ5 COMDTY;SOYBEAN MEAL FUTR Dec25;-27;278;-750600;-0.59%;126670500;5000000;200;
10/9/2025;TFPN;SNOW;833445109;Snowflake Inc;2363;250.21;591246.23;0.47%;126670500;5000000;200;
10/9/2025;TFPN;SSYM6 Comdty;SSYM6 COMDTY;Three-Month SARON Jun26;54;100.11;16880901.82;13.33%;126670500;5000000;200;
10/9/2025;TFPN;SSYZ6 Comdty;SSYZ6 COMDTY;Three-Month SARON Dec26;64;100.08;20000999.25;15.79%;126670500;5000000;200;
10/9/2025;TFPN;STLD;858119100;Steel Dynamics Inc;3654;146.55;535493.7;0.42%;126670500;5000000;200;
10/9/2025;TFPN;STZ;21036P108;Constellation Brands Inc;-3739;142.76;-533779.64;-0.42%;126670500;5000000;200;
10/9/2025;TFPN;SU;867224107;Suncor Energy Inc;16860;40.84;688562.4;0.54%;126670500;5000000;200;
10/9/2025;TFPN;SUZ5 Comdty;SUZ5 COMDTY;SUNFLOWER SEED    Dec25;11;9894;316976.85;0.25%;126670500;5000000;200;
10/9/2025;TFPN;SYY;871829107;Sysco Corp;10717;78.76;844070.92;0.67%;126670500;5000000;200;
10/9/2025;TFPN;TD;891160509;Toronto-Dominion Bank/The;10055;80.45;808924.75;0.64%;126670500;5000000;200;
10/9/2025;TFPN;TEL;G87052109;TE Connectivity PLC;3388;224.43;760368.84;0.60%;126670500;5000000;200;
10/9/2025;TFPN;TGLS;G87264100;Tecnoglass Inc;5947;64.36;382748.92;0.30%;126670500;5000000;200;
10/9/2025;TFPN;THB;THBUSD121725;THB/USD FWD  121725;55280000;1;-42689.82;-0.03%;126670500;5000000;200;
10/9/2025;TFPN;TIP;464287176;ISHARES BARCLAYS TIPS BOND FUND;19159;111.25;2131438.75;1.68%;126670500;5000000;200;
10/9/2025;TFPN;TKO;87256C101;TKO Group Holdings Inc;7171;194.15;1392249.65;1.10%;126670500;5000000;200;
10/9/2025;TFPN;TMO;883556102;Thermo Fisher Scientific Inc;-948;536.19;-508308.12;-0.40%;126670500;5000000;200;
10/9/2025;TFPN;TSN;902494103;Tyson Foods Inc;-13964;52.42;-731992.88;-0.58%;126670500;5000000;200;
10/9/2025;TFPN;TTE;8.92E+113;TotalEnergies SE;-5884;59.09;-347685.56;-0.27%;126670500;5000000;200;
10/9/2025;TFPN;TUZ5 Comdty;TUZ5 COMDTY;US 2YR NOTE (CBT) Dec25;-17;104.222656;-3543570.3;-2.80%;126670500;5000000;200;
10/9/2025;TFPN;TWD;TWDUSD111925;TWD/USD FWD  111925;33952000;1;-514.96;0.00%;126670500;5000000;200;
10/9/2025;TFPN;TYZ5 Comdty;TYZ5 COMDTY;US 10YR NOTE (CBT)Dec25;29;112.609375;3265671.88;2.58%;126670500;5000000;200;
10/9/2025;TFPN;UBZ5 Comdty;UBZ5 COMDTY;EURO-BUXL 30Y BND Dec25;-8;114.86;-1067844.28;-0.84%;126670500;5000000;200;
10/9/2025;TFPN;UKEZ5 Comdty;UKEZ5 COMDTY;UK Emiss Allow Fu Dec25;6;54.98;442732.52;0.35%;126670500;5000000;200;
10/9/2025;TFPN;ULS;903731107;UL Solutions Inc;6264;75.11;470489.04;0.37%;126670500;5000000;200;
10/9/2025;TFPN;UPS;911312106;United Parcel Service Inc;-2913;86.25;-251246.25;-0.20%;126670500;5000000;200;
10/9/2025;TFPN;URI;911363109;United Rentals Inc;525;994.37;522044.25;0.41%;126670500;5000000;200;
10/9/2025;TFPN;USZ5 Comdty;USZ5 COMDTY;US LONG BOND(CBT) Dec25;-11;116.8125;-1284937.5;-1.01%;126670500;5000000;200;
10/9/2025;TFPN;U-U CN;BNZKG52;Sprott Physical Uranium Trust;27295;25.5;498905.1;0.39%;126670500;5000000;200;
10/9/2025;TFPN;VALE;9.19E+109;Vale SA;53646;11.1;595470.6;0.47%;126670500;5000000;200;
10/9/2025;TFPN;VCIT;92206C870;Vanguard Intermediate-Term Corporate Bond ETF;13653;83.9;1145486.7;0.90%;126670500;5000000;200;
10/9/2025;TFPN;VCSH;92206C409;Vanguard Short-Term Corporate Bond ETF;25526;79.75;2035698.5;1.61%;126670500;5000000;200;
10/9/2025;TFPN;VIE FP;4031879;Veolia Environnement SA;21406;28.54;709967.74;0.56%;126670500;5000000;200;
10/9/2025;TFPN;VITL;92847W103;Vital Farms Inc;19008;44.61;847946.88;0.67%;126670500;5000000;200;
10/9/2025;TFPN;VMC;929160109;Vulcan Materials Co;2752;304.43;837791.36;0.66%;126670500;5000000;200;
10/9/2025;TFPN;VMI;920253101;Valmont Industries Inc;2535;409.07;1036992.45;0.82%;126670500;5000000;200;
10/9/2025;TFPN;VRSK;92345Y106;Verisk Analytics Inc;-2291;243.48;-557812.68;-0.44%;126670500;5000000;200;
10/9/2025;TFPN;W Z5 Comdty;W Z5 COMDTY;WHEAT FUTURE(CBT) Dec25;-24;507.25;-608700;-0.48%;126670500;5000000;200;
10/9/2025;TFPN;WCN;94106B101;Waste Connections Inc;-2930;173.69;-508911.7;-0.40%;126670500;5000000;200;
10/9/2025;TFPN;WDC;958102105;Western Digital Corp;9418;121.18;1141273.24;0.90%;126670500;5000000;200;
10/9/2025;TFPN;WM;94106L109;Waste Management Inc;-1031;219.98;-226799.38;-0.18%;126670500;5000000;200;
10/9/2025;TFPN;WMS;00790R104;Advanced Drainage Systems Inc;1270;140.81;178828.7;0.14%;126670500;5000000;200;
10/9/2025;TFPN;WNZ5 Comdty;WNZ5 COMDTY;US ULTRA BOND CBT Dec25;-5;120.28125;-601406.25;-0.47%;126670500;5000000;200;
10/9/2025;TFPN;WTRG;29670G102;Essential Utilities Inc;15204;41.04;623972.16;0.49%;126670500;5000000;200;
10/9/2025;TFPN;WZZ5 Comdty;WZZ5 COMDTY;WHITE MAIZE-SAF   Dec25;-24;3565;-498383.57;-0.39%;126670500;5000000;200;
10/9/2025;TFPN;XMZ5 Comdty;XMZ5 COMDTY;AUST 10Y BOND FUT Dec25;-26;95.615;-1636380.99;-1.29%;126670500;5000000;200;
10/9/2025;TFPN;XYL;98419M100;Xylem Inc/NY;6399;148.19;948267.81;0.75%;126670500;5000000;200;
10/9/2025;TFPN;YOU;18467V109;Clear Secure Inc;11376;30.31;344806.56;0.27%;126670500;5000000;200;
10/9/2025;TFPN;YSAZ5 Comdty;YSAZ5 COMDTY;SOYBEAN FUTURE    Dec25;-21;6938;-848685.02;-0.67%;126670500;5000000;200;
10/9/2025;TFPN;YWZ5 Comdty;YWZ5 COMDTY;YELLOW MAIZE-SAF  Dec25;-32;3457;-644380.37;-0.51%;126670500;5000000;200;
10/9/2025;TFPN;ZAR;USDZAR121725;USD/ZAR FWD  121725;28370000;1;29653;0.02%;126670500;5000000;200;
10/9/2025;TFPN;ZBH;98956P102;ZIMMER BIOMET HOLDINGS INC;-6392;98.36;-628717.12;-0.50%;126670500;5000000;200;
10/9/2025;TFPN;ZBM6 Comdty;ZBM6 COMDTY;NEW ZEAL 3MO BILL Jun26;122;97.66;6889395.17;5.44%;126670500;5000000;200;
10/9/2025;TFPN;ZIM;M9T951109;ZIM Integrated Shipping Services Ltd;14506;13.63;197716.78;0.16%;126670500;5000000;200;
10/9/2025;TFPN;ZS;98980G102;Zscaler Inc;1463;313.89;459221.07;0.36%;126670500;5000000;200;
10/9/2025;TFPN;ZTS;98978V103;Zoetis Inc;-5731;143.49;-822341.19;-0.65%;126670500;5000000;200;
10/9/2025;TFPN;Cash&Other;Cash&Other;Cash & Other;47817740.05;1;47817740.05;37.75%;126670500;5000000;200;Y
