Date,High,Low,Close
2021-04-16,9.829999923706055,9.699999809265137,9.800000190734863
2021-04-19,9.899999618530273,9.800000190734863,9.899999618530273
2021-04-20,9.819999694824219,9.800000190734863,9.819999694824219
2021-04-21,9.8149995803833,9.720000267028809,9.789999961853027
2021-04-22,9.789999961853027,9.779999732971191,9.789999961853027
2021-04-23,9.791000366210938,9.779999732971191,9.789999961853027
2021-04-26,9.8100004196167,9.800000190734863,9.800000190734863
2021-04-27,9.869999885559082,9.800000190734863,9.850000381469727
2021-04-28,9.829999923706055,9.800000190734863,9.800000190734863
2021-04-29,9.869999885559082,9.800000190734863,9.850000381469727
2021-04-30,9.850000381469727,9.800000190734863,9.850000381469727
2021-05-03,9.850000381469727,9.829999923706055,9.829999923706055
2021-05-04,9.850000381469727,9.829999923706055,9.829999923706055
2021-05-05,9.859999656677246,9.829999923706055,9.850000381469727
2021-05-06,9.850000381469727,9.833000183105469,9.850000381469727
2021-05-07,9.850000381469727,9.829999923706055,9.84000015258789
2021-05-10,9.84000015258789,9.829999923706055,9.829999923706055
2021-05-11,9.829999923706055,9.829999923706055,9.829999923706055
2021-05-12,9.829999923706055,9.829999923706055,9.829999923706055
2021-05-13,9.800000190734863,9.800000190734863,9.800000190734863
2021-05-14,9.770000457763672,9.770000457763672,9.770000457763672
2021-05-17,9.8100004196167,9.789999961853027,9.789999961853027
2021-05-18,9.789999961853027,9.789999961853027,9.789999961853027
2021-05-19,9.789999961853027,9.789999961853027,9.789999961853027
2021-05-20,9.800000190734863,9.789999961853027,9.800000190734863
2021-05-21,9.800000190734863,9.800000190734863,9.800000190734863
2021-05-24,9.800000190734863,9.800000190734863,9.800000190734863
2021-05-25,9.800000190734863,9.800000190734863,9.800000190734863
2021-05-26,9.829999923706055,9.789999961853027,9.824000358581543
2021-05-27,9.84000015258789,9.800000190734863,9.84000015258789
2021-05-28,9.84000015258789,9.84000015258789,9.84000015258789
2021-06-01,9.84000015258789,9.84000015258789,9.84000015258789
2021-06-02,9.84000015258789,9.84000015258789,9.84000015258789
2021-06-03,9.84000015258789,9.84000015258789,9.84000015258789
2021-06-04,9.84000015258789,9.84000015258789,9.84000015258789
2021-06-07,9.84000015258789,9.84000015258789,9.84000015258789
2021-06-08,9.84000015258789,9.84000015258789,9.84000015258789
2021-06-09,9.84000015258789,9.84000015258789,9.84000015258789
2021-06-10,9.84000015258789,9.84000015258789,9.84000015258789
2021-06-11,9.84000015258789,9.84000015258789,9.84000015258789
2021-06-14,9.84000015258789,9.84000015258789,9.84000015258789
2021-06-15,9.843000411987305,9.829999923706055,9.843000411987305
2021-06-16,9.850000381469727,9.84000015258789,9.850000381469727
2021-06-17,9.850000381469727,9.789999961853027,9.800000190734863
2021-06-18,9.789999961853027,9.789999961853027,9.789999961853027
2021-06-21,9.789999961853027,9.789999961853027,9.789999961853027
2021-06-22,9.789999961853027,9.789999961853027,9.789999961853027
2021-06-23,9.789999961853027,9.789999961853027,9.789999961853027
2021-06-24,9.850000381469727,9.84000015258789,9.850000381469727
2021-06-25,9.800000190734863,9.800000190734863,9.800000190734863
2021-06-28,9.824999809265137,9.789999961853027,9.824999809265137
2021-06-29,9.824999809265137,9.824999809265137,9.824999809265137
2021-06-30,9.800000190734863,9.789999961853027,9.800000190734863
2021-07-01,9.800000190734863,9.800000190734863,9.800000190734863
2021-07-02,9.819999694824219,9.819999694824219,9.819999694824219
2021-07-06,9.819999694824219,9.819999694824219,9.819999694824219
2021-07-07,9.789999961853027,9.789999961853027,9.789999961853027
2021-07-08,9.789999961853027,9.789999961853027,9.789999961853027
2021-07-09,9.800000190734863,9.800000190734863,9.800000190734863
2021-07-12,9.800000190734863,9.800000190734863,9.800000190734863
2021-07-13,9.800000190734863,9.800000190734863,9.800000190734863
2021-07-14,9.824000358581543,9.800000190734863,9.800000190734863
2021-07-15,9.84000015258789,9.789999961853027,9.789999961853027
2021-07-16,9.789999961853027,9.789999961853027,9.789999961853027
2021-07-19,9.789999961853027,9.789999961853027,9.789999961853027
2021-07-20,9.789999961853027,9.770000457763672,9.770000457763672
2021-07-21,9.770000457763672,9.770000457763672,9.770000457763672
2021-07-22,9.779999732971191,9.760000228881836,9.779999732971191
2021-07-23,9.779999732971191,9.779999732971191,9.779999732971191
2021-07-26,9.779999732971191,9.779999732971191,9.779999732971191
2021-07-27,9.779999732971191,9.779999732971191,9.779999732971191
2021-07-28,9.779999732971191,9.779999732971191,9.779999732971191
2021-07-29,9.779999732971191,9.779999732971191,9.779999732971191
2021-07-30,9.779999732971191,9.779999732971191,9.779999732971191
2021-08-02,9.779999732971191,9.779999732971191,9.779999732971191
2021-08-03,9.779999732971191,9.779999732971191,9.779999732971191
2021-08-04,9.779999732971191,9.779999732971191,9.779999732971191
2021-08-05,9.779999732971191,9.779999732971191,9.779999732971191
2021-08-06,9.779999732971191,9.779999732971191,9.779999732971191
2021-08-09,9.800000190734863,9.800000190734863,9.800000190734863
2021-08-10,9.800000190734863,9.800000190734863,9.800000190734863
2021-08-11,9.8100004196167,9.8100004196167,9.8100004196167
2021-08-12,9.8100004196167,9.8100004196167,9.8100004196167
2021-08-13,9.8100004196167,9.8100004196167,9.8100004196167
2021-08-16,9.819999694824219,9.819999694824219,9.819999694824219
2021-08-17,9.819999694824219,9.819999694824219,9.819999694824219
2021-08-18,9.819999694824219,9.819999694824219,9.819999694824219
2021-08-19,9.8100004196167,9.8100004196167,9.8100004196167
2021-08-20,9.800000190734863,9.800000190734863,9.800000190734863
2021-08-23,9.800000190734863,9.800000190734863,9.800000190734863
2021-08-24,9.800000190734863,9.800000190734863,9.800000190734863
2021-08-25,9.800000190734863,9.800000190734863,9.800000190734863
2021-08-26,9.850000381469727,9.850000381469727,9.850000381469727
2021-08-27,9.859999656677246,9.84000015258789,9.850000381469727
2021-08-30,9.829999923706055,9.829999923706055,9.829999923706055
2021-08-31,9.829999923706055,9.829999923706055,9.829999923706055
2021-09-01,9.859999656677246,9.829999923706055,9.859999656677246
2021-09-02,9.859999656677246,9.859999656677246,9.859999656677246
2021-09-03,9.859999656677246,9.859999656677246,9.859999656677246
2021-09-07,9.859999656677246,9.859999656677246,9.859999656677246
2021-09-08,9.869999885559082,9.859999656677246,9.859999656677246
2021-09-09,9.869999885559082,9.859999656677246,9.859999656677246
2021-09-10,9.869999885559082,9.859999656677246,9.859999656677246
2021-09-13,9.869999885559082,9.859999656677246,9.859999656677246
2021-09-14,9.880000114440918,9.859999656677246,9.859999656677246
2021-09-15,9.859999656677246,9.859999656677246,9.859999656677246
2021-09-16,9.869999885559082,9.869999885559082,9.869999885559082
2021-09-17,9.869999885559082,9.869999885559082,9.869999885559082
2021-09-20,9.880000114440918,9.869999885559082,9.880000114440918
2021-09-21,9.920000076293945,9.880000114440918,9.920000076293945
2021-09-22,9.920000076293945,9.920000076293945,9.920000076293945
2021-09-23,9.920000076293945,9.899999618530273,9.899999618530273
2021-09-24,9.899999618530273,9.899999618530273,9.899999618530273
2021-09-27,9.899999618530273,9.899999618530273,9.899999618530273
2021-09-28,9.899999618530273,9.899999618530273,9.899999618530273
2021-09-29,9.899999618530273,9.899999618530273,9.899999618530273
2021-09-30,9.920000076293945,9.899999618530273,9.920000076293945
2021-10-01,9.920000076293945,9.920000076293945,9.920000076293945
2021-10-04,9.890000343322754,9.859999656677246,9.869999885559082
2021-10-05,9.90999984741211,9.90999984741211,9.90999984741211
2021-10-06,9.90999984741211,9.899999618530273,9.90999984741211
2021-10-07,9.890000343322754,9.890000343322754,9.890000343322754
2021-10-08,9.890000343322754,9.890000343322754,9.890000343322754
2021-10-11,9.890000343322754,9.890000343322754,9.890000343322754
2021-10-12,9.899999618530273,9.890000343322754,9.890000343322754
2021-10-13,9.890000343322754,9.890000343322754,9.890000343322754
2021-10-14,9.890000343322754,9.890000343322754,9.890000343322754
2021-10-15,9.899999618530273,9.899999618530273,9.899999618530273
2021-10-18,9.899999618530273,9.899999618530273,9.899999618530273
2021-10-19,9.949999809265137,9.920000076293945,9.925000190734863
2021-10-20,9.925000190734863,9.925000190734863,9.925000190734863
2021-10-21,9.930000305175781,9.90999984741211,9.930000305175781
2021-10-22,9.949999809265137,9.930000305175781,9.930000305175781
2021-10-25,9.930000305175781,9.930000305175781,9.930000305175781
2021-10-26,9.930000305175781,9.930000305175781,9.930000305175781
2021-10-27,9.930000305175781,9.930000305175781,9.930000305175781
2021-10-28,9.899999618530273,9.899999618530273,9.899999618530273
2021-10-29,9.899999618530273,9.899999618530273,9.899999618530273
2021-11-01,9.9399995803833,9.9399995803833,9.9399995803833
2021-11-02,9.9399995803833,9.9399995803833,9.9399995803833
2021-11-03,9.9399995803833,9.9399995803833,9.9399995803833
2021-11-04,9.9399995803833,9.9399995803833,9.9399995803833
2021-11-05,9.9399995803833,9.9399995803833,9.9399995803833
2021-11-08,9.9399995803833,9.9399995803833,9.9399995803833
2021-11-09,9.9399995803833,9.9399995803833,9.9399995803833
2021-11-10,9.9399995803833,9.9399995803833,9.9399995803833
2021-11-11,9.9399995803833,9.9399995803833,9.9399995803833
2021-11-12,9.9399995803833,9.9399995803833,9.9399995803833
2021-11-15,9.9399995803833,9.9399995803833,9.9399995803833
2021-11-16,9.9399995803833,9.9399995803833,9.9399995803833
2021-11-17,9.9399995803833,9.9399995803833,9.9399995803833
2021-11-18,9.9399995803833,9.9399995803833,9.9399995803833
2021-11-19,9.9399995803833,9.9399995803833,9.9399995803833
2021-11-22,9.9399995803833,9.9399995803833,9.9399995803833
2021-11-23,9.9399995803833,9.9399995803833,9.9399995803833
2021-11-24,9.9399995803833,9.9399995803833,9.9399995803833
2021-11-26,9.9399995803833,9.9399995803833,9.9399995803833
2021-11-29,9.9399995803833,9.9399995803833,9.9399995803833
2021-11-30,9.9399995803833,9.9399995803833,9.9399995803833
2021-12-01,9.9399995803833,9.9399995803833,9.9399995803833
2021-12-02,9.9399995803833,9.9399995803833,9.9399995803833
2021-12-03,9.9399995803833,9.9399995803833,9.9399995803833
2021-12-06,9.9399995803833,9.9399995803833,9.9399995803833
2021-12-07,9.944999694824219,9.9399995803833,9.9399995803833
2021-12-08,9.9399995803833,9.9399995803833,9.9399995803833
2021-12-09,9.9399995803833,9.9399995803833,9.9399995803833
2021-12-10,9.9399995803833,9.9399995803833,9.9399995803833
2021-12-13,9.9399995803833,9.9399995803833,9.9399995803833
2021-12-14,9.9399995803833,9.9399995803833,9.9399995803833
2021-12-15,9.9399995803833,9.9399995803833,9.9399995803833
2021-12-16,9.9399995803833,9.9399995803833,9.9399995803833
2021-12-17,9.9399995803833,9.9399995803833,9.9399995803833
2021-12-20,9.9350004196167,9.920000076293945,9.920000076293945
2021-12-21,9.920000076293945,9.920000076293945,9.920000076293945
2021-12-22,9.949999809265137,9.949999809265137,9.949999809265137
2021-12-23,9.920000076293945,9.920000076293945,9.920000076293945
2021-12-27,9.9399995803833,9.920000076293945,9.920000076293945
2021-12-28,9.920000076293945,9.920000076293945,9.920000076293945
2021-12-29,9.920000076293945,9.920000076293945,9.920000076293945
2021-12-30,9.920000076293945,9.920000076293945,9.920000076293945
2021-12-31,9.920000076293945,9.920000076293945,9.920000076293945
2022-01-03,9.960000038146973,9.960000038146973,9.960000038146973
2022-01-04,9.960000038146973,9.960000038146973,9.960000038146973
2022-01-05,9.949999809265137,9.949999809265137,9.949999809265137
2022-01-06,9.949999809265137,9.949999809265137,9.949999809265137
2022-01-07,9.949999809265137,9.949999809265137,9.949999809265137
2022-01-10,9.949999809265137,9.949999809265137,9.949999809265137
2022-01-11,9.949999809265137,9.949999809265137,9.949999809265137
2022-01-12,9.954999923706055,9.949000358581543,9.949999809265137
2022-01-13,9.949999809265137,9.949999809265137,9.949999809265137
2022-01-14,9.949999809265137,9.949999809265137,9.949999809265137
2022-01-18,9.949999809265137,9.949999809265137,9.949999809265137
2022-01-19,9.970000267028809,9.949999809265137,9.970000267028809
2022-01-20,9.970000267028809,9.970000267028809,9.970000267028809
2022-01-21,9.960000038146973,9.960000038146973,9.960000038146973
2022-01-24,9.970000267028809,9.970000267028809,9.970000267028809
2022-01-25,9.970000267028809,9.970000267028809,9.970000267028809
2022-01-26,9.970000267028809,9.970000267028809,9.970000267028809
2022-01-27,9.970000267028809,9.970000267028809,9.970000267028809
2022-01-28,9.970000267028809,9.970000267028809,9.970000267028809
2022-01-31,9.970000267028809,9.970000267028809,9.970000267028809
2022-02-01,9.960000038146973,9.960000038146973,9.960000038146973
2022-02-02,9.960000038146973,9.960000038146973,9.960000038146973
2022-02-03,10.029999732971191,9.975000381469727,10.029999732971191
2022-02-04,10.029999732971191,10.029999732971191,10.029999732971191
2022-02-07,9.979999542236328,9.979999542236328,9.979999542236328
2022-02-08,9.979999542236328,9.979999542236328,9.979999542236328
2022-02-09,9.979999542236328,9.979999542236328,9.979999542236328
2022-02-10,9.989999771118164,9.979999542236328,9.979999542236328
2022-02-11,9.979999542236328,9.979999542236328,9.979999542236328
2022-02-14,9.979999542236328,9.979999542236328,9.979999542236328
2022-02-15,9.979999542236328,9.979999542236328,9.979999542236328
2022-02-16,9.979999542236328,9.979999542236328,9.979999542236328
2022-02-17,9.989999771118164,9.979999542236328,9.979999542236328
2022-02-18,10.0,10.0,10.0
2022-02-22,10.050000190734863,10.050000190734863,10.050000190734863
2022-02-23,10.020000457763672,10.010000228881836,10.020000457763672
2022-02-24,10.020000457763672,10.020000457763672,10.020000457763672
2022-02-25,10.020000457763672,10.020000457763672,10.020000457763672
2022-02-28,10.020000457763672,10.020000457763672,10.020000457763672
2022-03-01,10.010000228881836,10.010000228881836,10.010000228881836
2022-03-02,10.010000228881836,10.010000228881836,10.010000228881836
2022-03-03,10.010000228881836,10.010000228881836,10.010000228881836
2022-03-04,10.020000457763672,10.020000457763672,10.020000457763672
2022-03-07,10.020000457763672,10.020000457763672,10.020000457763672
2022-03-08,10.069999694824219,10.020000457763672,10.020000457763672
2022-03-09,10.0600004196167,10.0600004196167,10.0600004196167
2022-03-10,10.0600004196167,10.0600004196167,10.0600004196167
2022-03-11,10.029999732971191,10.029999732971191,10.029999732971191
2022-03-14,10.029999732971191,10.029999732971191,10.029999732971191
2022-03-15,10.069999694824219,10.069999694824219,10.069999694824219
2022-03-16,10.069999694824219,10.069999694824219,10.069999694824219
2022-03-17,10.029999732971191,10.029999732971191,10.029999732971191
2022-03-18,10.03499984741211,10.029999732971191,10.029999732971191
2022-03-21,10.039999961853027,10.039999961853027,10.039999961853027
2022-03-22,10.039999961853027,10.039999961853027,10.039999961853027
2022-03-23,10.039999961853027,10.039999961853027,10.039999961853027
2022-03-24,10.079999923706055,10.079999923706055,10.079999923706055
2022-03-25,10.079999923706055,10.079999923706055,10.079999923706055
2022-03-28,10.079999923706055,10.079999923706055,10.079999923706055
2022-03-29,10.079999923706055,10.079999923706055,10.079999923706055
2022-03-30,10.039999961853027,10.039999961853027,10.039999961853027
2022-03-31,10.039999961853027,10.039999961853027,10.039999961853027
2022-04-01,10.039999961853027,10.039999961853027,10.039999961853027
2022-04-04,10.039999961853027,10.039999961853027,10.039999961853027
2022-04-05,10.050000190734863,10.050000190734863,10.050000190734863
2022-04-06,10.050000190734863,10.050000190734863,10.050000190734863
2022-04-07,10.050000190734863,10.050000190734863,10.050000190734863
2022-04-08,10.050000190734863,10.050000190734863,10.050000190734863
2022-04-11,10.050000190734863,10.050000190734863,10.050000190734863
2022-04-12,10.050000190734863,10.050000190734863,10.050000190734863
2022-04-13,10.050000190734863,10.050000190734863,10.050000190734863
2022-04-14,10.050000190734863,10.050000190734863,10.050000190734863
2022-04-18,10.0600004196167,10.0600004196167,10.0600004196167
2022-04-19,10.0600004196167,10.0600004196167,10.0600004196167
2022-04-20,10.0600004196167,10.0600004196167,10.0600004196167
2022-04-21,10.0600004196167,10.0600004196167,10.0600004196167
2022-04-22,10.5,10.09000015258789,10.100000381469727
2022-04-25,10.100000381469727,10.100000381469727,10.100000381469727
2022-04-26,10.5,10.100000381469727,10.100000381469727
2022-04-27,10.079999923706055,10.079999923706055,10.079999923706055
2022-04-28,10.079999923706055,10.079999923706055,10.079999923706055
2022-04-29,10.079999923706055,10.079999923706055,10.079999923706055
2022-05-02,10.079999923706055,10.079999923706055,10.079999923706055
2022-05-03,10.079999923706055,10.079999923706055,10.079999923706055
2022-05-04,10.550000190734863,10.079999923706055,10.09000015258789
2022-05-05,10.079999923706055,10.079999923706055,10.079999923706055
2022-05-06,10.079999923706055,10.079999923706055,10.079999923706055
2022-05-09,10.079999923706055,10.079999923706055,10.079999923706055
2022-05-10,10.079999923706055,10.079999923706055,10.079999923706055
2022-05-11,10.079999923706055,10.079999923706055,10.079999923706055
2022-05-12,10.085000038146973,10.069999694824219,10.079999923706055
2022-05-13,10.079999923706055,10.079999923706055,10.079999923706055
2022-05-16,10.079999923706055,10.079999923706055,10.079999923706055
2022-05-17,10.100000381469727,10.09000015258789,10.100000381469727
2022-05-18,10.100000381469727,10.100000381469727,10.100000381469727
2022-05-19,10.5,10.079999923706055,10.109999656677246
2022-05-20,10.5,10.100000381469727,10.109999656677246
2022-05-23,10.09000015258789,10.09000015258789,10.09000015258789
2022-05-24,10.109999656677246,10.109999656677246,10.109999656677246
2022-05-25,10.109999656677246,10.109999656677246,10.109999656677246
2022-05-26,10.300000190734863,10.109999656677246,10.109999656677246
2022-05-27,10.140000343322754,10.119999885559082,10.119999885559082
2022-05-31,10.140000343322754,10.135000228881836,10.135000228881836
2022-06-01,10.135000228881836,10.135000228881836,10.135000228881836
2022-06-02,10.135000228881836,10.135000228881836,10.135000228881836
2022-06-03,10.140000343322754,10.140000343322754,10.140000343322754
2022-06-06,10.149999618530273,10.119999885559082,10.119999885559082
2022-06-07,10.119999885559082,10.119999885559082,10.119999885559082
2022-06-08,10.119999885559082,10.119999885559082,10.119999885559082
2022-06-09,10.135000228881836,10.135000228881836,10.135000228881836
2022-06-10,10.135000228881836,10.135000228881836,10.135000228881836
2022-06-13,10.649999618530273,10.130000114440918,10.130000114440918
2022-06-14,10.130000114440918,10.130000114440918,10.130000114440918
2022-06-15,10.130000114440918,10.130000114440918,10.130000114440918
2022-06-16,10.130000114440918,10.130000114440918,10.130000114440918
2022-06-17,10.130000114440918,10.130000114440918,10.130000114440918
2022-06-21,10.130000114440918,10.130000114440918,10.130000114440918
2022-06-22,10.130000114440918,10.130000114440918,10.130000114440918
2022-06-23,10.140000343322754,10.140000343322754,10.140000343322754
2022-06-24,10.130000114440918,10.130000114440918,10.130000114440918
2022-06-27,10.140000343322754,10.140000343322754,10.140000343322754
2022-06-28,10.140000343322754,10.140000343322754,10.140000343322754
2022-06-29,10.140000343322754,10.140000343322754,10.140000343322754
2022-06-30,10.140000343322754,10.140000343322754,10.140000343322754
2022-07-01,10.130000114440918,10.130000114440918,10.130000114440918
2022-07-05,10.130000114440918,10.130000114440918,10.130000114440918
2022-07-06,10.130000114440918,10.130000114440918,10.130000114440918
2022-07-07,10.130000114440918,10.130000114440918,10.130000114440918
2022-07-08,10.130000114440918,10.130000114440918,10.130000114440918
2022-07-11,10.130000114440918,10.130000114440918,10.130000114440918
2022-07-12,10.130000114440918,10.130000114440918,10.130000114440918
2022-07-13,10.15999984741211,10.149999618530273,10.15999984741211
2022-07-14,10.15999984741211,10.15999984741211,10.15999984741211
2022-07-15,10.15999984741211,10.15999984741211,10.15999984741211
2022-07-18,10.180000305175781,10.170000076293945,10.170000076293945
2022-07-19,10.170000076293945,10.170000076293945,10.170000076293945
2022-07-20,10.15999984741211,10.15999984741211,10.15999984741211
2022-07-21,10.170000076293945,10.170000076293945,10.170000076293945
2022-07-22,10.170000076293945,10.170000076293945,10.170000076293945
2022-07-25,10.170000076293945,10.170000076293945,10.170000076293945
2022-07-26,10.180000305175781,10.15999984741211,10.170000076293945
2022-07-27,10.187999725341797,10.170000076293945,10.170000076293945
2022-07-28,10.170000076293945,10.170000076293945,10.170000076293945
2022-07-29,10.170000076293945,10.170000076293945,10.170000076293945
2022-08-01,10.180000305175781,10.180000305175781,10.180000305175781
2022-08-02,10.180000305175781,10.180000305175781,10.180000305175781
2022-08-03,10.180000305175781,10.180000305175781,10.180000305175781
2022-08-04,10.180000305175781,10.180000305175781,10.180000305175781
2022-08-05,10.189000129699707,10.189000129699707,10.189000129699707
2022-08-08,10.1899995803833,10.1899995803833,10.1899995803833
2022-08-09,10.1899995803833,10.1899995803833,10.1899995803833
2022-08-10,10.1899995803833,10.1899995803833,10.1899995803833
2022-08-11,10.1899995803833,10.1899995803833,10.1899995803833
2022-08-12,10.1899995803833,10.1899995803833,10.1899995803833
2022-08-15,10.1899995803833,10.1899995803833,10.1899995803833
2022-08-16,10.1899995803833,10.1899995803833,10.1899995803833
2022-08-17,10.1899995803833,10.1899995803833,10.1899995803833
2022-08-18,10.199999809265137,10.199000358581543,10.199999809265137
2022-08-19,10.199999809265137,10.199999809265137,10.199999809265137
2022-08-22,10.199999809265137,10.199999809265137,10.199999809265137
2022-08-23,10.199999809265137,10.199999809265137,10.199999809265137
2022-08-24,10.199999809265137,10.199999809265137,10.199999809265137
2022-08-25,10.199999809265137,10.199999809265137,10.199999809265137
2022-08-26,10.199999809265137,10.199999809265137,10.199999809265137
2022-08-29,10.199999809265137,10.199999809265137,10.199999809265137
2022-08-30,10.199999809265137,10.199999809265137,10.199999809265137
2022-08-31,10.199999809265137,10.199999809265137,10.199999809265137
2022-09-01,10.279999732971191,10.244999885559082,10.244999885559082
2022-09-02,10.244999885559082,10.244999885559082,10.244999885559082
2022-09-06,10.244999885559082,10.244999885559082,10.244999885559082
2022-09-07,10.244999885559082,10.244999885559082,10.244999885559082
2022-09-08,10.239999771118164,10.225000381469727,10.229999542236328
2022-09-09,10.229999542236328,10.229999542236328,10.229999542236328
2022-09-12,10.239999771118164,10.239999771118164,10.239999771118164
2022-09-13,10.270000457763672,10.270000457763672,10.270000457763672
2022-09-14,10.260000228881836,10.260000228881836,10.260000228881836
2022-09-15,10.260000228881836,10.260000228881836,10.260000228881836
2022-09-16,10.270000457763672,10.270000457763672,10.270000457763672
2022-09-19,10.260000228881836,10.260000228881836,10.260000228881836
2022-09-20,10.260000228881836,10.260000228881836,10.260000228881836
2022-09-21,10.270000457763672,10.260000228881836,10.260000228881836
2022-09-22,10.260000228881836,10.260000228881836,10.260000228881836
2022-09-23,10.260000228881836,10.260000228881836,10.260000228881836
2022-09-26,10.260000228881836,10.260000228881836,10.260000228881836
2022-09-27,10.260000228881836,10.255000114440918,10.260000228881836
2022-09-28,10.260000228881836,10.260000228881836,10.260000228881836
2022-09-29,10.260000228881836,10.260000228881836,10.260000228881836
2022-09-30,10.260000228881836,10.260000228881836,10.260000228881836
2022-10-03,10.279999732971191,10.279999732971191,10.279999732971191
2022-10-04,10.289999961853027,10.289999961853027,10.289999961853027
2022-10-05,10.289999961853027,10.289999961853027,10.289999961853027
2022-10-06,10.289999961853027,10.289999961853027,10.289999961853027
2022-10-07,10.289999961853027,10.289999961853027,10.289999961853027
2022-10-10,10.289999961853027,10.289999961853027,10.289999961853027
2022-10-11,10.289999961853027,10.279999732971191,10.279999732971191
2022-10-12,10.279999732971191,10.279999732971191,10.279999732971191
2022-10-13,10.279999732971191,10.279999732971191,10.279999732971191
2022-10-14,10.279999732971191,10.279999732971191,10.279999732971191
2022-10-17,10.279999732971191,10.279999732971191,10.279999732971191
2022-10-18,10.279999732971191,10.279999732971191,10.279999732971191
2022-10-19,10.279999732971191,10.279999732971191,10.279999732971191
2022-10-20,10.279999732971191,10.279999732971191,10.279999732971191
2022-10-21,10.279999732971191,10.279999732971191,10.279999732971191
2022-10-24,10.3100004196167,10.300000190734863,10.3100004196167
2022-10-25,10.319999694824219,10.319999694824219,10.319999694824219
2022-10-26,10.319999694824219,10.319999694824219,10.319999694824219
2022-10-27,10.329999923706055,10.3100004196167,10.329999923706055
2022-10-28,10.34000015258789,10.34000015258789,10.34000015258789
2022-10-31,10.369999885559082,10.329999923706055,10.35200023651123
2022-11-01,10.359999656677246,10.350000381469727,10.359999656677246
2022-11-02,10.359999656677246,10.359999656677246,10.359999656677246
2022-11-03,10.359999656677246,10.319999694824219,10.34000015258789
2022-11-04,10.34000015258789,10.34000015258789,10.34000015258789
2022-11-07,10.34000015258789,10.34000015258789,10.34000015258789
2022-11-08,10.40999984741211,10.369999885559082,10.390000343322754
2022-11-09,10.390000343322754,10.390000343322754,10.390000343322754
2022-11-10,10.390000343322754,10.390000343322754,10.390000343322754
2022-11-11,10.329999923706055,10.329999923706055,10.329999923706055
2022-11-14,10.40999984741211,10.369999885559082,10.380000114440918
2022-11-15,10.399999618530273,10.380000114440918,10.399999618530273
2022-11-16,10.399999618530273,10.380000114440918,10.380000114440918
2022-11-17,10.430000305175781,10.270000457763672,10.380000114440918
2022-11-18,10.40999984741211,10.350000381469727,10.359999656677246
2022-11-21,10.449999809265137,10.359999656677246,10.369999885559082
2022-11-22,10.744999885559082,10.350000381469727,10.359999656677246
2022-11-23,10.359999656677246,10.359999656677246,10.359999656677246
2022-11-25,10.369999885559082,10.350000381469727,10.361000061035156
2022-11-28,10.437999725341797,10.350000381469727,10.350000381469727
2022-11-29,10.399999618530273,10.399999618530273,10.399999618530273
2022-11-30,10.350000381469727,10.265000343322754,10.265000343322754
2022-12-01,10.305000305175781,10.260000228881836,10.260000228881836
2022-12-02,10.324000358581543,10.289999961853027,10.289999961853027
2022-12-05,10.289999961853027,10.270000457763672,10.289999961853027
2022-12-06,10.289999961853027,10.289999961853027,10.289999961853027
2022-12-07,10.289999961853027,10.289999961853027,10.289999961853027
2022-12-08,10.289999961853027,10.289999961853027,10.289999961853027
2022-12-09,10.300000190734863,10.300000190734863,10.300000190734863
2022-12-12,10.300000190734863,10.300000190734863,10.300000190734863
2022-12-13,10.300000190734863,10.300000190734863,10.300000190734863
2022-12-14,10.300000190734863,10.270000457763672,10.289999961853027
2022-12-15,10.3100004196167,10.3100004196167,10.3100004196167
2022-12-16,10.289999961853027,10.289999961853027,10.289999961853027
2022-12-19,10.289999961853027,10.289999961853027,10.289999961853027
2022-12-20,10.289999961853027,10.289999961853027,10.289999961853027
2022-12-21,10.289999961853027,10.289999961853027,10.289999961853027
2022-12-22,10.289999961853027,10.289999961853027,10.289999961853027
2022-12-23,10.289999961853027,10.289999961853027,10.289999961853027
2022-12-27,10.289999961853027,10.289999961853027,10.289999961853027
2022-12-28,10.350000381469727,10.350000381469727,10.350000381469727
2022-12-29,10.350000381469727,10.350000381469727,10.350000381469727
2022-12-30,10.350000381469727,10.350000381469727,10.350000381469727
2023-01-03,10.350000381469727,10.350000381469727,10.350000381469727
2023-01-04,10.350000381469727,10.350000381469727,10.350000381469727
2023-01-05,10.350000381469727,10.350000381469727,10.350000381469727
2023-01-06,10.350000381469727,10.350000381469727,10.350000381469727
2023-01-09,10.350000381469727,10.350000381469727,10.350000381469727
2023-01-10,10.350000381469727,10.350000381469727,10.350000381469727
2023-01-11,10.350000381469727,10.350000381469727,10.350000381469727
2023-01-12,10.399999618530273,10.399999618530273,10.399999618530273
2023-01-13,10.420000076293945,10.399999618530273,10.420000076293945
2023-01-17,10.4399995803833,10.39900016784668,10.4399995803833
2023-01-18,10.399999618530273,10.390000343322754,10.399999618530273
2023-01-19,10.460000038146973,10.399999618530273,10.449999809265137
2023-01-20,10.460000038146973,10.399999618530273,10.40999984741211
2023-01-23,10.40999984741211,10.40999984741211,10.40999984741211
2023-01-24,10.449999809265137,10.40999984741211,10.449999809265137
2023-01-25,10.449999809265137,10.40999984741211,10.40999984741211
2023-01-26,10.40999984741211,10.40999984741211,10.40999984741211
2023-01-27,10.449999809265137,10.444999694824219,10.444999694824219
2023-01-30,10.444999694824219,10.444999694824219,10.444999694824219
2023-01-31,10.449999809265137,10.444999694824219,10.444999694824219
2023-02-01,10.444999694824219,10.444999694824219,10.444999694824219
2023-02-02,10.444999694824219,10.444999694824219,10.444999694824219
2023-02-03,10.420000076293945,10.399999618530273,10.399999618530273
2023-02-06,10.399999618530273,10.399999618530273,10.399999618530273
2023-02-07,10.460000038146973,10.40999984741211,10.460000038146973
2023-02-08,10.460000038146973,10.460000038146973,10.460000038146973
2023-02-09,10.460000038146973,10.460000038146973,10.460000038146973
2023-02-10,10.460000038146973,10.430000305175781,10.449999809265137
2023-02-13,10.449999809265137,10.449999809265137,10.449999809265137
2023-02-14,10.449999809265137,10.449999809265137,10.449999809265137
2023-02-15,10.470000267028809,10.4399995803833,10.454999923706055
2023-02-16,10.454999923706055,10.454999923706055,10.454999923706055
2023-02-17,10.479999542236328,10.470000267028809,10.470000267028809
2023-02-21,10.470000267028809,10.470000267028809,10.470000267028809
2023-02-22,10.470000267028809,10.470000267028809,10.470000267028809
2023-02-23,10.479999542236328,10.470000267028809,10.479999542236328
2023-02-24,10.479999542236328,10.479999542236328,10.479999542236328
2023-02-27,10.479999542236328,10.479999542236328,10.479999542236328
2023-02-28,10.520000457763672,10.5,10.520000457763672
2023-03-01,10.529999732971191,10.510000228881836,10.510000228881836
2023-03-02,10.489999771118164,10.479999542236328,10.489999771118164
2023-03-03,10.5,10.479999542236328,10.5
2023-03-06,10.529999732971191,10.479999542236328,10.529999732971191
2023-03-07,10.510000228881836,10.479999542236328,10.510000228881836
2023-03-08,10.524999618530273,10.479999542236328,10.524999618530273
2023-03-09,10.5,10.5,10.5
2023-03-10,10.5,10.5,10.5
2023-03-13,10.5,10.5,10.5
2023-03-14,10.5,10.5,10.5
2023-03-15,10.510000228881836,10.510000228881836,10.510000228881836
2023-03-16,10.510000228881836,10.510000228881836,10.510000228881836
2023-03-17,10.5,10.5,10.5
2023-03-20,10.550000190734863,10.5,10.550000190734863
2023-03-21,10.550000190734863,10.550000190734863,10.550000190734863
2023-03-22,10.550000190734863,10.550000190734863,10.550000190734863
2023-03-23,10.579999923706055,10.5,10.579999923706055
2023-03-24,10.600000381469727,10.5,10.550000190734863
2023-03-27,10.609999656677246,10.550000190734863,10.609999656677246
2023-03-28,10.609999656677246,10.609999656677246,10.609999656677246
2023-03-29,10.600000381469727,10.600000381469727,10.600000381469727
2023-03-30,10.600000381469727,10.600000381469727,10.600000381469727
2023-03-31,10.75,10.720000267028809,10.729999542236328
2023-04-03,10.75,10.746000289916992,10.746000289916992
2023-04-04,10.75,10.739999771118164,10.75
2023-04-05,10.75,10.739999771118164,10.739999771118164
2023-04-06,10.90999984741211,10.760000228881836,10.789999961853027
2023-04-10,11.085000038146973,10.729999542236328,10.779999732971191
2023-04-11,10.920000076293945,10.600000381469727,10.75
2023-04-12,11.5,9.984999656677246,10.819999694824219
2023-04-13,11.489999771118164,10.399999618530273,10.5
2023-04-14,11.027000427246094,6.710000038146973,8.0
2023-04-17,8.770000457763672,7.324999809265137,7.429999828338623
2023-04-18,8.199999809265137,7.300000190734863,8.170000076293945
2023-04-19,8.899999618530273,7.599999904632568,7.769999980926514
2023-04-20,9.449999809265137,7.840000152587891,8.75
2023-04-21,9.600000381469727,8.069999694824219,8.539999961853027
2023-04-24,9.210000038146973,7.590000152587891,8.0
2023-04-25,8.15999984741211,7.820000171661377,8.050000190734863
2023-04-26,8.300000190734863,7.199999809265137,7.300000190734863
2023-04-27,8.0,7.519999980926514,7.664999961853027
2023-04-28,8.079999923706055,7.650000095367432,7.650000095367432
2023-05-01,8.0,7.610000133514404,7.610000133514404
2023-05-02,8.5,7.460000038146973,8.15999984741211
2023-05-03,8.15999984741211,7.909999847412109,8.09000015258789
2023-05-04,8.88599967956543,8.100000381469727,8.399999618530273
2023-05-05,9.899999618530273,8.210000038146973,8.420000076293945
2023-05-08,9.880000114440918,8.699999809265137,9.279999732971191
2023-05-09,10.0,8.619999885559082,9.0
2023-05-10,9.744999885559082,9.210000038146973,9.210000038146973
2023-05-11,8.850000381469727,8.309000015258789,8.850000381469727
2023-05-12,8.755999565124512,7.599999904632568,7.800000190734863
2023-05-15,7.841000080108643,6.860000133514404,6.860000133514404
2023-05-16,7.699999809265137,6.949999809265137,7.080999851226807
2023-05-17,7.5,4.440000057220459,6.110000133514404
2023-05-18,6.590000152587891,3.799999952316284,4.099999904632568
2023-05-19,8.270000457763672,5.829999923706055,7.800000190734863
2023-05-22,6.769999980926514,4.954999923706055,6.590000152587891
2023-05-23,8.800000190734863,5.809999942779541,8.100000381469727
2023-05-24,9.789999961853027,7.599999904632568,9.329999923706055
2023-05-25,16.8799991607666,8.880000114440918,15.0600004196167
2023-05-26,17.09000015258789,9.359999656677246,16.079999923706055
2023-05-30,19.75,14.300000190734863,19.489999771118164
2023-05-31,43.04999923706055,11.699999809265137,43.04999923706055
2023-06-01,45.72999954223633,26.6299991607666,43.310001373291016
2023-06-02,40.400001525878906,20.940000534057617,23.299999237060547
2023-06-05,24.149999618530273,10.930000305175781,11.680000305175781
2023-06-06,13.8100004196167,11.270000457763672,12.800000190734863
2023-06-07,15.5,11.109999656677246,13.899999618530273
2023-06-08,15.95300006866455,13.100000381469727,14.399999618530273
2023-06-09,14.583000183105469,13.045000076293945,13.699999809265137
2023-06-12,19.440000534057617,12.979999542236328,16.8700008392334
2023-06-13,18.864999771118164,14.720000267028809,16.68000030517578
2023-06-14,18.0,13.300000190734863,17.56999969482422
2023-06-15,23.83099937438965,16.200000762939453,21.200000762939453
2023-06-16,25.940000534057617,20.700000762939453,21.969999313354492
2023-06-20,26.549999237060547,22.209999084472656,25.65999984741211
2023-06-21,27.799999237060547,25.0,25.649999618530273
2023-06-22,26.579999923706055,22.079999923706055,25.104999542236328
2023-06-23,25.350000381469727,23.010000228881836,25.114999771118164
2023-06-26,25.489999771118164,24.170000076293945,25.360000610351562
2023-06-27,27.0,20.100000381469727,24.700000762939453
2023-06-28,25.288999557495117,23.100000381469727,24.610000610351562
2023-06-29,28.334999084472656,24.100000381469727,26.020000457763672
2023-06-30,26.999000549316406,24.989999771118164,25.770000457763672
2023-07-03,25.31999969482422,23.5,24.059999465942383
2023-07-05,24.450000762939453,22.09000015258789,23.540000915527344
2023-07-06,23.09000015258789,21.100000381469727,21.719999313354492
2023-07-07,22.510000228881836,20.290000915527344,22.229999542236328
2023-07-10,22.34000015258789,18.940000534057617,21.719999313354492
2023-07-11,21.575000762939453,13.359999656677246,14.010000228881836
2023-07-12,15.029999732971191,11.550000190734863,11.699999809265137
2023-07-13,12.0,7.610000133514404,8.180000305175781
2023-07-14,9.140999794006348,8.25,8.850000381469727
2023-07-17,11.4399995803833,8.619999885559082,10.899999618530273
2023-07-18,11.121999740600586,9.472999572753906,10.079999923706055
2023-07-19,13.479999542236328,10.003000259399414,12.520000457763672
2023-07-20,15.25,11.90999984741211,12.199999809265137
2023-07-21,13.1899995803833,11.699999809265137,12.25
2023-07-24,16.290000915527344,11.9350004196167,14.960000038146973
2023-07-25,16.729999542236328,14.899999618530273,15.0
2023-07-26,15.5,13.449999809265137,15.0600004196167
2023-07-27,15.470000267028809,14.220000267028809,15.050000190734863
2023-07-28,15.279999732971191,14.369999885559082,15.039999961853027
2023-07-31,15.5,14.529999732971191,15.029999732971191
2023-08-01,15.199999809265137,14.40999984741211,15.100000381469727
2023-08-02,15.140000343322754,14.539999961853027,14.880000114440918
2023-08-03,14.9399995803833,12.720000267028809,13.0
2023-08-04,17.700000762939453,13.0600004196167,17.18000030517578
2023-08-07,20.190000534057617,16.3799991607666,19.989999771118164
2023-08-08,19.950000762939453,15.430999755859375,16.239999771118164
2023-08-09,19.299999237060547,16.809999465942383,18.440000534057617
2023-08-10,18.15999984741211,15.220000267028809,15.220000267028809
2023-08-11,16.549999237060547,14.680000305175781,14.890000343322754
2023-08-14,14.829999923706055,11.510000228881836,11.739999771118164
2023-08-15,12.989999771118164,11.300000190734863,12.0
2023-08-16,12.241999626159668,11.40999984741211,11.8100004196167
2023-08-17,12.5,11.4399995803833,11.760000228881836
2023-08-18,12.109999656677246,11.399999618530273,11.829999923706055
2023-08-21,12.604999542236328,11.539999961853027,12.029999732971191
2023-08-22,12.699999809265137,10.649999618530273,10.789999961853027
2023-08-23,12.373000144958496,10.920000076293945,12.09000015258789
2023-08-24,12.630000114440918,11.550000190734863,11.550000190734863
2023-08-25,12.479999542236328,10.970000267028809,12.3100004196167
2023-08-28,12.640000343322754,11.869999885559082,12.029999732971191
2023-08-29,12.579999923706055,11.550000190734863,12.029999732971191
2023-08-30,12.505000114440918,11.800000190734863,12.25
2023-08-31,12.479999542236328,11.800000190734863,12.039999961853027
2023-09-01,12.369999885559082,11.930000305175781,12.149999618530273
2023-09-05,12.164999961853027,11.850000381469727,12.119999885559082
2023-09-06,12.149999618530273,11.630000114440918,12.050000190734863
2023-09-07,12.119999885559082,11.510000228881836,12.010000228881836
2023-09-08,12.434000015258789,11.899999618530273,12.119999885559082
2023-09-11,12.350000381469727,11.670000076293945,12.029999732971191
2023-09-12,12.050000190734863,11.470000267028809,11.5600004196167
2023-09-13,11.6899995803833,10.899999618530273,11.029999732971191
2023-09-14,11.710000038146973,10.229999542236328,11.039999961853027
2023-09-15,11.6899995803833,10.770000457763672,11.630000114440918
2023-09-18,11.65999984741211,11.100000381469727,11.239999771118164
2023-09-19,11.550000190734863,11.130000114440918,11.4399995803833
2023-09-20,11.550000190734863,10.789999961853027,11.100000381469727
2023-09-21,11.609999656677246,10.829999923706055,11.050000190734863
2023-09-22,11.399999618530273,10.359999656677246,10.979999542236328
2023-09-25,11.289999961853027,10.729999542236328,11.039999961853027
2023-09-26,11.199999809265137,10.399999618530273,10.920000076293945
2023-09-27,10.920000076293945,10.449999809265137,10.520000457763672
2023-09-28,10.699999809265137,10.140000343322754,10.59000015258789
2023-09-29,10.9399995803833,10.399999618530273,10.609999656677246
2023-10-02,10.779999732971191,10.140000343322754,10.539999961853027
2023-10-03,10.755000114440918,9.850000381469727,10.020000457763672
2023-10-04,10.25,9.699999809265137,10.109999656677246
2023-10-05,10.390000343322754,9.100000381469727,9.300000190734863
2023-10-06,9.739999771118164,9.0,9.5
2023-10-09,10.489999771118164,8.9399995803833,10.140000343322754
2023-10-10,10.449999809265137,9.0600004196167,9.3100004196167
2023-10-11,9.319999694824219,9.0,9.0600004196167
2023-10-12,9.670000076293945,8.880000114440918,9.550000190734863
2023-10-13,10.149999618530273,9.100000381469727,9.430000305175781
2023-10-16,9.789999961853027,8.85099983215332,9.369999885559082
2023-10-17,10.449999809265137,9.116000175476074,10.300000190734863
2023-10-18,11.5,9.831000328063965,10.649999618530273
2023-10-19,11.350000381469727,10.510000228881836,11.029999732971191
2023-10-20,11.989999771118164,10.809000015258789,11.199999809265137
2023-10-23,11.5,10.609999656677246,11.180000305175781
2023-10-24,11.380000114440918,10.800000190734863,11.199999809265137
2023-10-25,11.75,10.699999809265137,11.550000190734863
2023-10-26,11.0,7.630000114440918,8.199999809265137
2023-10-27,8.434000015258789,7.800000190734863,8.079999923706055
2023-10-30,8.100000381469727,6.820000171661377,7.119999885559082
2023-10-31,7.5,6.139999866485596,6.420000076293945
2023-11-01,6.5,5.425000190734863,6.0
2023-11-02,6.2789998054504395,5.830999851226807,6.020999908447266
2023-11-03,6.139999866485596,5.960000038146973,6.019999980926514
2023-11-06,6.260000228881836,5.989999771118164,5.989999771118164
2023-11-07,6.199999809265137,6.0,6.050000190734863
2023-11-08,6.789999961853027,6.050000190734863,6.300000190734863
2023-11-09,6.28000020980835,5.960000038146973,6.039999961853027
2023-11-10,6.25,6.0,6.0
2023-11-13,6.164999961853027,5.989999771118164,6.0
2023-11-14,6.072000026702881,5.960000038146973,6.0
2023-11-15,6.300000190734863,6.0,6.03000020980835
2023-11-16,6.186999797821045,6.0,6.019999980926514
2023-11-17,6.150000095367432,6.0,6.019999980926514
2023-11-20,6.664999961853027,6.0,6.510000228881836
2023-11-21,6.795000076293945,6.176000118255615,6.510000228881836
2023-11-22,6.929999828338623,6.440000057220459,6.900000095367432
2023-11-24,8.210000038146973,6.659999847412109,7.800000190734863
2023-11-27,8.479999542236328,7.570000171661377,8.15999984741211
2023-11-28,9.364999771118164,7.829999923706055,8.630000114440918
2023-11-29,9.180000305175781,8.40999984741211,8.699999809265137
2023-11-30,9.0,8.399999618530273,8.699999809265137
2023-12-01,8.760000228881836,8.029999732971191,8.5
2023-12-04,9.428999900817871,8.28499984741211,9.0
2023-12-05,8.979999542236328,8.489999771118164,8.489999771118164
2023-12-06,8.557999610900879,7.599999904632568,7.949999809265137
2023-12-07,8.5,7.710000038146973,8.239999771118164
2023-12-08,9.029999732971191,8.199999809265137,8.600000381469727
2023-12-11,8.899999618530273,8.15999984741211,8.529999732971191
2023-12-12,9.0,8.276000022888184,8.5600004196167
2023-12-13,9.0,8.300000190734863,8.989999771118164
2023-12-14,9.196999549865723,8.699999809265137,8.899999618530273
2023-12-15,8.9399995803833,8.5,8.600000381469727
2023-12-18,8.854999542236328,7.940000057220459,8.199999809265137
2023-12-19,8.630000114440918,7.809999942779541,8.140000343322754
2023-12-20,8.199999809265137,7.5,7.690000057220459
2023-12-21,7.900000095367432,7.400000095367432,7.71999979019165
2023-12-22,8.272000312805176,7.369999885559082,8.15999984741211
2023-12-26,8.319999694824219,7.75,7.75
2023-12-27,8.5,7.809999942779541,7.940000057220459
2023-12-28,8.074999809265137,7.579999923706055,7.900000095367432
2023-12-29,8.979999542236328,7.630000114440918,8.25
2024-01-02,8.5,7.829999923706055,7.889999866485596
2024-01-03,8.729999542236328,7.800000190734863,8.5
2024-01-04,8.515000343322754,8.0,8.1899995803833
2024-01-05,8.5,7.940000057220459,8.130000114440918
2024-01-08,8.699999809265137,7.800000190734863,8.470000267028809
2024-01-09,8.920000076293945,8.149999618530273,8.5
2024-01-10,8.5,8.210000038146973,8.460000038146973
2024-01-11,8.880000114440918,8.3100004196167,8.619999885559082
2024-01-12,8.800000190734863,8.220000267028809,8.470000267028809
2024-01-16,8.789999961853027,7.60099983215332,8.470000267028809
2024-01-17,8.539999961853027,8.0,8.399999618530273
2024-01-18,8.800000190734863,7.849999904632568,8.3100004196167
2024-01-19,8.670000076293945,8.210000038146973,8.300000190734863
2024-01-22,8.75,7.920000076293945,8.3100004196167
2024-01-23,8.600000381469727,8.050000190734863,8.520000457763672
2024-01-24,8.699999809265137,8.420000076293945,8.539999961853027
2024-01-25,8.890000343322754,8.199999809265137,8.34000015258789
2024-01-26,8.451000213623047,7.449999809265137,7.889999866485596
2024-01-29,8.300000190734863,7.684999942779541,8.170000076293945
2024-01-30,8.5,7.800000190734863,8.300000190734863
2024-01-31,9.029999732971191,8.020000457763672,9.0
2024-02-01,10.0,9.0,9.5
2024-02-02,9.640000343322754,9.119999885559082,9.220000267028809
2024-02-05,9.199999809265137,7.199999809265137,7.519999980926514
2024-02-06,7.579999923706055,5.710000038146973,7.099999904632568
2024-02-07,7.349999904632568,6.510000228881836,7.050000190734863
2024-02-08,7.099999904632568,6.289999961853027,6.340000152587891
2024-02-09,7.5,6.260000228881836,7.25
2024-02-12,7.289999961853027,6.349999904632568,6.579999923706055
2024-02-13,6.690000057220459,6.099999904632568,6.190000057220459
2024-02-14,6.659999847412109,6.189000129699707,6.579999923706055
2024-02-15,6.699999809265137,6.360000133514404,6.599999904632568
2024-02-16,6.849999904632568,6.360000133514404,6.429999828338623
2024-02-20,6.824999809265137,6.300000190734863,6.460000038146973
2024-02-21,6.679999828338623,6.300000190734863,6.570000171661377
2024-02-22,6.699999809265137,6.360000133514404,6.440000057220459
2024-02-23,6.789999961853027,6.269999980926514,6.309999942779541
2024-02-26,6.590000152587891,6.289999961853027,6.309999942779541
2024-02-27,6.519999980926514,6.289999961853027,6.320000171661377
2024-02-28,6.449999809265137,6.300000190734863,6.300000190734863
2024-02-29,6.46999979019165,6.269999980926514,6.300000190734863
2024-03-01,6.539999961853027,6.300000190734863,6.360000133514404
2024-03-04,6.550000190734863,6.25,6.340000152587891
2024-03-05,6.400000095367432,6.136000156402588,6.349999904632568
2024-03-06,6.519999980926514,6.28000020980835,6.389999866485596
2024-03-07,6.690000057220459,6.269999980926514,6.349999904632568
2024-03-08,6.769999980926514,6.320000171661377,6.739999771118164
2024-03-11,7.449999809265137,6.599999904632568,6.78000020980835
2024-03-12,7.389999866485596,6.429999828338623,6.989999771118164
2024-03-13,7.460000038146973,6.72599983215332,7.230000019073486
2024-03-14,7.289999961853027,6.519999980926514,6.78000020980835
2024-03-15,6.900000095367432,6.369999885559082,6.900000095367432
2024-03-18,6.900000095367432,6.400000095367432,6.599999904632568
2024-03-19,6.909999847412109,6.400000095367432,6.880000114440918
2024-03-20,7.099999904632568,6.789999961853027,6.96999979019165
2024-03-21,7.25,6.880000114440918,7.0
2024-03-22,7.050000190734863,6.760000228881836,6.829999923706055
2024-03-25,7.0,6.599999904632568,6.659999847412109
2024-03-26,6.96999979019165,6.349999904632568,6.400000095367432
2024-03-27,6.889999866485596,6.400000095367432,6.769999980926514
2024-03-28,7.800000190734863,6.644999980926514,7.510000228881836
2024-04-01,8.225000381469727,7.150000095367432,7.300000190734863
2024-04-02,8.300000190734863,7.300000190734863,8.029999732971191
2024-04-03,8.09000015258789,7.75,7.849999904632568
2024-04-04,8.619999885559082,7.400000095367432,7.519999980926514
2024-04-05,7.730000019073486,7.0,7.050000190734863
2024-04-08,7.349999904632568,7.099999904632568,7.269999980926514
2024-04-09,7.340000152587891,6.980000019073486,7.150000095367432
2024-04-10,7.230000019073486,7.0,7.090000152587891
2024-04-11,7.289999961853027,7.010000228881836,7.159999847412109
2024-04-12,7.269999980926514,7.0,7.0
2024-04-15,7.429999828338623,7.010000228881836,7.099999904632568
2024-04-16,7.590000152587891,7.0,7.5
2024-04-17,8.0,7.050000190734863,7.300000190734863
2024-04-18,7.550000190734863,7.039999961853027,7.170000076293945
2024-04-19,7.510000228881836,7.03000020980835,7.090000152587891
2024-04-22,7.320000171661377,7.039999961853027,7.230000019073486
2024-04-23,7.619999885559082,7.199999809265137,7.550000190734863
2024-04-24,7.699999809265137,7.0,7.170000076293945
2024-04-25,7.610000133514404,7.019999980926514,7.190000057220459
2024-04-26,7.769999980926514,7.210000038146973,7.630000114440918
2024-04-29,8.880000114440918,7.599999904632568,8.300000190734863
2024-04-30,8.3100004196167,7.699999809265137,7.909999847412109
2024-05-01,8.210000038146973,7.699999809265137,7.710000038146973
2024-05-02,8.760000228881836,7.53000020980835,8.5
2024-05-03,8.760000228881836,8.130000114440918,8.1899995803833
2024-05-06,8.350000381469727,7.5,7.900000095367432
2024-05-07,8.449999809265137,7.710000038146973,8.270000457763672
2024-05-08,8.194999694824219,7.309999942779541,7.510000228881836
2024-05-09,8.0,7.5,7.619999885559082
2024-05-10,7.929999828338623,7.510000228881836,7.519999980926514
2024-05-13,7.909999847412109,7.559999942779541,7.710000038146973
2024-05-14,8.0,7.039999961853027,7.099999904632568
2024-05-15,7.820000171661377,7.199999809265137,7.699999809265137
2024-05-16,8.390000343322754,7.579999923706055,7.980000019073486
2024-05-17,8.25,7.829999923706055,7.960000038146973
2024-05-20,8.300000190734863,7.730000019073486,8.300000190734863
2024-05-21,8.699999809265137,7.900000095367432,7.900000095367432
2024-05-22,8.199999809265137,7.599999904632568,7.980000019073486
2024-05-23,8.489999771118164,7.739999771118164,8.300000190734863
2024-05-24,8.640000343322754,7.949999809265137,8.220000267028809
2024-05-28,8.680000305175781,7.789999961853027,7.940000057220459
2024-05-29,8.25,7.730000019073486,8.130000114440918
2024-05-30,8.489999771118164,7.980000019073486,8.25
2024-05-31,8.65999984741211,8.1899995803833,8.65999984741211
2024-06-03,9.100000381469727,7.909999847412109,8.09000015258789
2024-06-04,8.710000038146973,7.929999828338623,8.050000190734863
2024-06-05,8.33899974822998,7.5,7.5
2024-06-06,7.809999942779541,7.199999809265137,7.699999809265137
2024-06-07,8.100000381469727,7.550000190734863,7.820000171661377
2024-06-10,7.75,7.25,7.389999866485596
2024-06-11,7.460000038146973,7.0,7.110000133514404
2024-06-12,7.300000190734863,7.050000190734863,7.230000019073486
2024-06-13,7.909999847412109,7.25,7.690000057220459
2024-06-14,7.800000190734863,7.420000076293945,7.570000171661377
2024-06-17,7.849999904632568,7.232999801635742,7.789999961853027
2024-06-18,7.869999885559082,7.400000095367432,7.519999980926514
2024-06-20,7.710000038146973,7.260000228881836,7.590000152587891
2024-06-21,8.699999809265137,7.559999942779541,8.25
2024-06-24,9.0,7.960000038146973,8.720000267028809
2024-06-25,9.359999656677246,8.600000381469727,9.199999809265137
2024-06-26,9.979999542236328,8.770000457763672,9.010000228881836
2024-06-27,9.100000381469727,8.479999542236328,9.069999694824219
2024-06-28,9.300000190734863,8.75,9.109999656677246
2024-07-01,9.25,8.399999618530273,8.899999618530273
2024-07-02,9.0,7.980000019073486,8.470000267028809
2024-07-03,9.289999961853027,8.100000381469727,9.199999809265137
2024-07-05,9.300000190734863,8.869999885559082,9.09000015258789
2024-07-08,9.1899995803833,8.585000038146973,8.899999618530273
2024-07-09,9.199999809265137,8.489999771118164,8.539999961853027
2024-07-10,8.970000267028809,8.399999618530273,8.5
2024-07-11,8.989999771118164,8.460000038146973,8.960000038146973
2024-07-12,9.300000190734863,8.720000267028809,8.899999618530273
2024-07-15,9.09000015258789,8.25,8.5
2024-07-16,8.699999809265137,8.25,8.449999809265137
2024-07-17,9.789999961853027,8.449999809265137,9.079999923706055
2024-07-18,9.149999618530273,8.5,8.680000305175781
2024-07-19,9.3100004196167,8.40999984741211,9.050000190734863
2024-07-22,9.958000183105469,8.930000305175781,9.729999542236328
2024-07-23,10.260000228881836,8.960000038146973,9.140000343322754
2024-07-24,9.5,9.0,9.199999809265137
2024-07-25,9.5,8.899999618530273,9.010000228881836
2024-07-26,9.779999732971191,8.970000267028809,9.399999618530273
2024-07-29,10.390000343322754,9.0,9.170000076293945
2024-07-30,9.9399995803833,9.100000381469727,9.699999809265137
2024-07-31,10.0,9.569999694824219,9.649999618530273
2024-08-01,9.720000267028809,9.149999618530273,9.149999618530273
2024-08-02,9.40999984741211,8.800000190734863,9.210000038146973
2024-08-05,9.960000038146973,9.010000228881836,9.960000038146973
2024-08-06,10.020000457763672,9.569999694824219,9.779999732971191
2024-08-07,10.029999732971191,8.989999771118164,9.09000015258789
2024-08-08,9.399999618530273,8.720000267028809,9.010000228881836
2024-08-09,9.550000190734863,8.970000267028809,9.100000381469727
2024-08-12,9.619999885559082,9.050000190734863,9.479999542236328
2024-08-13,9.779999732971191,9.180000305175781,9.4399995803833
2024-08-14,9.600000381469727,9.09000015258789,9.25
2024-08-15,9.600000381469727,9.0600004196167,9.3100004196167
2024-08-16,10.34000015258789,9.130000114440918,9.890000343322754
2024-08-19,10.300000190734863,9.800000190734863,10.109999656677246
2024-08-20,11.0,10.020000457763672,10.260000228881836
2024-08-21,10.449999809265137,9.850000381469727,10.229999542236328
2024-08-22,10.899999618530273,9.8100004196167,10.390000343322754
2024-08-23,10.425000190734863,10.109999656677246,10.300000190734863
2024-08-26,10.399999618530273,9.65999984741211,9.890000343322754
2024-08-27,10.350000381469727,9.59000015258789,10.15999984741211
2024-08-28,10.390000343322754,10.0,10.180000305175781
2024-08-29,10.40999984741211,10.100000381469727,10.130000114440918
2024-08-30,10.600000381469727,10.260000228881836,10.40999984741211
2024-09-03,10.489999771118164,9.600000381469727,9.609999656677246
2024-09-04,10.239999771118164,9.550000190734863,10.239999771118164
2024-09-05,10.390000343322754,9.630000114440918,9.680000305175781
2024-09-06,10.09000015258789,9.670000076293945,10.020000457763672
2024-09-09,10.1899995803833,9.890000343322754,9.90999984741211
2024-09-10,10.180000305175781,9.850000381469727,9.989999771118164
2024-09-11,11.0600004196167,10.0,10.899999618530273
2024-09-12,11.0,10.145000457763672,10.380000114440918
2024-09-13,10.329999923706055,9.704000473022461,9.819999694824219
2024-09-16,9.920000076293945,9.0,9.0
2024-09-17,9.789999961853027,8.699999809265137,9.329999923706055
2024-09-18,9.579999923706055,8.756999969482422,9.260000228881836
2024-09-19,9.739999771118164,9.399999618530273,9.5600004196167
2024-09-20,9.800000190734863,9.289999961853027,9.550000190734863
2024-09-23,9.649999618530273,9.319999694824219,9.399999618530273
2024-09-24,10.0,9.069999694824219,9.920000076293945
2024-09-25,10.149999618530273,9.850000381469727,9.850000381469727
2024-09-26,10.899999618530273,9.789999961853027,10.720000267028809
2024-09-27,11.029999732971191,10.210000038146973,10.430000305175781
2024-09-30,11.739999771118164,10.319999694824219,11.020000457763672
2024-10-01,11.5,10.550000190734863,11.25
2024-10-02,11.630000114440918,11.100000381469727,11.40999984741211
2024-10-03,11.670000076293945,11.065999984741211,11.1899995803833
2024-10-04,11.289999961853027,10.300000190734863,10.479999542236328
2024-10-07,10.774999618530273,10.279999732971191,10.5600004196167
2024-10-08,11.0,9.829999923706055,9.9399995803833
2024-10-09,10.079999923706055,9.5,10.069999694824219
2024-10-10,10.670000076293945,9.960000038146973,10.15999984741211
2024-10-11,10.659000396728516,9.760000228881836,9.90999984741211
2024-10-14,9.940999984741211,9.119999885559082,9.289999961853027
2024-10-15,9.859999656677246,9.199999809265137,9.65999984741211
2024-10-16,9.899999618530273,9.300000190734863,9.5600004196167
2024-10-17,9.600000381469727,9.130000114440918,9.199999809265137
2024-10-18,9.539999961853027,9.010000228881836,9.09000015258789
2024-10-21,9.3100004196167,8.760000228881836,9.180000305175781
2024-10-22,10.380000114440918,9.100000381469727,9.9399995803833
2024-10-23,10.050000190734863,9.239999771118164,9.350000381469727
2024-10-24,10.1899995803833,9.25,10.15999984741211
2024-10-25,10.300000190734863,9.420000076293945,9.449999809265137
2024-10-28,10.479999542236328,9.5600004196167,10.369999885559082
2024-10-29,10.449999809265137,9.59000015258789,10.130000114440918
2024-10-30,10.199999809265137,9.574999809265137,9.84000015258789
2024-10-31,10.020000457763672,9.510000228881836,9.850000381469727
2024-11-01,10.4399995803833,9.800000190734863,10.130000114440918
2024-11-04,11.279999732971191,9.789999961853027,10.520000457763672
2024-11-05,10.699999809265137,10.039999961853027,10.399999618530273
2024-11-06,10.609999656677246,9.960000038146973,10.130000114440918
2024-11-07,10.319999694824219,9.75,9.8100004196167
2024-11-08,10.055000305175781,9.350000381469727,9.449999809265137
2024-11-11,9.899999618530273,9.359999656677246,9.699999809265137
2024-11-12,9.930000305175781,9.329999923706055,9.430000305175781
2024-11-13,9.609999656677246,9.149999618530273,9.25
2024-11-14,9.59000015258789,9.100000381469727,9.279999732971191
2024-11-15,9.364999771118164,9.100000381469727,9.220000267028809
2024-11-18,10.25,9.270000457763672,10.199999809265137
2024-11-19,10.314000129699707,9.399999618530273,9.979999542236328
2024-11-20,9.949999809265137,9.336999893188477,9.479999542236328
2024-11-21,9.850000381469727,9.319999694824219,9.5600004196167
2024-11-22,10.729999542236328,9.399999618530273,10.430000305175781
2024-11-25,10.699999809265137,10.029999732971191,10.1899995803833
2024-11-26,10.149999618530273,9.5,9.930000305175781
2024-11-27,10.583000183105469,9.890000343322754,10.470000267028809
2024-11-29,10.5,10.15999984741211,10.420000076293945
2024-12-02,10.510000228881836,9.520000457763672,9.619999885559082
2024-12-03,10.369999885559082,9.40999984741211,9.569999694824219
2024-12-04,10.199999809265137,9.5,9.9399995803833
2024-12-05,10.100000381469727,9.489999771118164,9.640000343322754
2024-12-06,9.619999885559082,9.319999694824219,9.529999732971191
2024-12-09,9.800000190734863,9.25,9.319999694824219
2024-12-10,9.520000457763672,8.550000190734863,8.649999618530273
2024-12-11,8.944999694824219,8.270000457763672,8.819999694824219
2024-12-12,9.029999732971191,8.529999732971191,8.619999885559082
2024-12-13,8.989999771118164,8.3100004196167,8.390000343322754
2024-12-16,9.199999809265137,8.329999923706055,8.760000228881836
2024-12-17,8.949999809265137,8.649999618530273,8.84000015258789
2024-12-18,9.399999618530273,8.699999809265137,8.699999809265137
2024-12-19,8.920000076293945,8.619999885559082,8.829999923706055
2024-12-20,9.430000305175781,8.569999694824219,9.350000381469727
2024-12-23,9.449999809265137,8.699999809265137,8.9399995803833
2024-12-24,9.529999732971191,8.930000305175781,9.350000381469727
2024-12-26,9.699999809265137,9.220000267028809,9.279999732971191
2024-12-27,9.800000190734863,9.279999732971191,9.569999694824219
2024-12-30,9.699999809265137,9.069999694824219,9.460000038146973
2024-12-31,9.979999542236328,9.289999961853027,9.649999618530273
2025-01-02,10.119999885559082,9.0,9.010000228881836
2025-01-03,9.600000381469727,8.970000267028809,9.119999885559082
2025-01-06,9.5,8.899999618530273,9.369999885559082
2025-01-07,9.649999618530273,9.0,9.170000076293945
2025-01-08,9.800000190734863,9.050000190734863,9.239999771118164
2025-01-10,9.399999618530273,8.954999923706055,9.260000228881836
2025-01-13,9.970000267028809,9.100000381469727,9.84000015258789
2025-01-14,10.109999656677246,9.125,9.210000038146973
2025-01-15,9.770000457763672,9.1899995803833,9.569999694824219
2025-01-16,9.899999618530273,9.199999809265137,9.84000015258789
2025-01-17,10.0,9.420000076293945,9.420000076293945
2025-01-21,9.899999618530273,9.069999694824219,9.380000114440918
2025-01-22,9.550000190734863,9.010000228881836,9.399999618530273
2025-01-23,9.779999732971191,9.130000114440918,9.460000038146973
2025-01-24,9.699999809265137,9.1899995803833,9.539999961853027
2025-01-27,9.770000457763672,9.319999694824219,9.770000457763672
2025-01-28,9.699999809265137,9.270000457763672,9.479999542236328
2025-01-29,9.680000305175781,9.220000267028809,9.319999694824219
2025-01-30,10.430000305175781,9.25,10.260000228881836
2025-01-31,10.5,9.869999885559082,10.029999732971191
2025-02-03,10.1899995803833,9.640000343322754,10.149999618530273
2025-02-04,10.609999656677246,9.630000114440918,10.300000190734863
2025-02-05,9.017000198364258,7.5,8.4399995803833
2025-02-06,6.389999866485596,5.179999828338623,5.25
2025-02-07,5.5,4.150000095367432,4.760000228881836
2025-02-10,4.929999828338623,4.480000019073486,4.739999771118164
2025-02-11,5.400000095367432,4.76200008392334,5.0
2025-02-12,5.300000190734863,4.901000022888184,5.210000038146973
2025-02-13,5.300000190734863,5.019999980926514,5.179999828338623
2025-02-14,5.260000228881836,4.980000019073486,5.039999961853027
2025-02-18,5.150000095367432,4.820000171661377,5.0
2025-02-19,5.25,5.0,5.099999904632568
2025-02-20,5.269999980926514,5.130000114440918,5.269999980926514
2025-02-21,5.3480000495910645,4.860000133514404,4.869999885559082
2025-02-24,4.985000133514404,4.579999923706055,4.730000019073486
2025-02-25,4.882999897003174,4.690000057220459,4.75
2025-02-26,5.0,4.630000114440918,4.800000190734863
2025-02-27,4.909999847412109,4.639999866485596,4.809999942779541
2025-02-28,4.960000038146973,4.699999809265137,4.820000171661377
2025-03-03,5.059999942779541,4.71999979019165,4.829999923706055
2025-03-04,4.949999809265137,4.7270002365112305,4.840000152587891
2025-03-05,5.170000076293945,4.872000217437744,5.050000190734863
2025-03-06,5.110000133514404,4.860000133514404,4.989999771118164
2025-03-07,5.079999923706055,4.909999847412109,5.050000190734863
2025-03-10,5.0929999351501465,4.599999904632568,4.849999904632568
2025-03-11,4.980000019073486,4.75,4.900000095367432
2025-03-12,5.0,4.619999885559082,4.929999828338623
2025-03-13,4.989999771118164,4.624000072479248,4.730000019073486
2025-03-14,4.849999904632568,4.590000152587891,4.659999847412109
2025-03-17,5.0,4.46999979019165,4.75
2025-03-18,4.9710001945495605,4.46999979019165,4.510000228881836
2025-03-19,4.605000019073486,4.320000171661377,4.429999828338623
2025-03-20,4.625,4.349999904632568,4.420000076293945
2025-03-21,4.730999946594238,4.389999866485596,4.690000057220459
2025-03-24,4.829999923706055,4.53000020980835,4.699999809265137
2025-03-25,4.77400016784668,4.28000020980835,4.360000133514404
2025-03-26,4.559000015258789,4.320000171661377,4.349999904632568
2025-03-27,4.539999961853027,4.269999980926514,4.369999885559082
2025-03-28,4.550000190734863,4.0,4.079999923706055
2025-03-31,4.289999961853027,3.815000057220459,4.119999885559082
2025-04-01,4.360000133514404,4.0,4.21999979019165
2025-04-02,4.420000076293945,4.070000171661377,4.110000133514404
2025-04-03,4.264999866485596,3.805000066757202,3.8299999237060547
2025-04-04,3.8399999141693115,3.2699999809265137,3.4100000858306885
2025-04-07,3.5739998817443848,2.9200000762939453,3.3299999237060547
2025-04-08,3.569999933242798,2.9700000286102295,3.0399999618530273
2025-04-09,3.302999973297119,2.609999895095825,3.069999933242798
2025-04-10,3.299999952316284,2.619999885559082,2.630000114440918
2025-04-11,3.056999921798706,2.4200000762939453,2.5
2025-04-14,2.7920000553131104,2.4100000858306885,2.5899999141693115
2025-04-15,2.690000057220459,2.5250000953674316,2.619999885559082
2025-04-16,2.7330000400543213,2.4800000190734863,2.640000104904175
2025-04-17,2.890000104904175,2.450000047683716,2.75
2025-04-21,2.890000104904175,2.6500000953674316,2.7899999618530273
2025-04-22,2.9600000381469727,2.609999895095825,2.799999952316284
2025-04-23,2.9749999046325684,2.700000047683716,2.8399999141693115
2025-04-24,2.880000114440918,2.75,2.8499999046325684
2025-04-25,2.9000000953674316,2.674999952316284,2.859999895095825
2025-04-28,2.940000057220459,2.569999933242798,2.5999999046325684
2025-04-29,2.9000000953674316,2.5,2.7200000286102295
2025-04-30,2.7899999618530273,2.640000104904175,2.740000009536743
2025-05-01,2.8259999752044678,2.6500000953674316,2.7300000190734863
2025-05-02,2.990000009536743,2.700000047683716,2.7300000190734863
2025-05-05,2.872999906539917,2.700000047683716,2.799999952316284
2025-05-06,2.8550000190734863,2.7100000381469727,2.7899999618530273
2025-05-07,2.9000000953674316,2.640000104904175,2.7100000381469727
2025-05-08,2.8399999141693115,2.575000047683716,2.700000047683716
2025-05-09,2.799999952316284,2.5799999237060547,2.5899999141693115
2025-05-12,3.1700000762939453,2.6449999809265137,3.0799999237060547
2025-05-13,3.615000009536743,3.0199999809265137,3.3299999237060547
2025-05-14,3.6530001163482666,3.0999999046325684,3.240000009536743
2025-05-15,3.490000009536743,3.109999895095825,3.190000057220459
2025-05-16,3.3399999141693115,3.109999895095825,3.119999885559082
2025-05-19,3.2899999618530273,2.7200000286102295,3.0299999713897705
2025-05-20,3.1519999504089355,2.9100000858306885,3.009999990463257
2025-05-21,3.130000114440918,2.740000009536743,2.930000066757202
2025-05-22,2.984999895095825,2.7899999618530273,2.869999885559082
2025-05-23,2.872999906539917,2.680000066757202,2.825000047683716
2025-05-27,2.9260001182556152,2.75,2.7699999809265137
2025-05-28,2.890000104904175,2.640000104904175,2.8299999237060547
2025-05-29,2.9000000953674316,2.680000066757202,2.690000057220459
2025-05-30,2.890000104904175,2.6500000953674316,2.6600000858306885
2025-06-02,2.7899999618530273,2.6600000858306885,2.7300000190734863
2025-06-03,2.8399999141693115,2.630000114440918,2.7200000286102295
2025-06-04,2.7839999198913574,2.6600000858306885,2.7200000286102295
2025-06-05,2.76200008392334,2.569999933242798,2.6600000858306885
2025-06-06,2.7899999618530273,2.6110000610351562,2.6700000762939453
2025-06-09,2.7699999809265137,2.619999885559082,2.6700000762939453
2025-06-10,3.009999990463257,2.690000057220459,2.859999895095825
2025-06-11,3.0799999237060547,2.859999895095825,2.930000066757202
2025-06-12,3.0199999809265137,2.819999933242798,2.869999885559082
2025-06-13,3.0,2.759999990463257,2.799999952316284
2025-06-16,2.809999942779541,2.5999999046325684,2.5999999046325684
2025-06-17,2.7699999809265137,2.559999942779541,2.5999999046325684
2025-06-18,2.7149999141693115,2.509999990463257,2.680000066757202
2025-06-20,2.7100000381469727,2.5399999618530273,2.5999999046325684
2025-06-23,2.6700000762939453,2.559999942779541,2.5899999141693115
2025-06-24,2.690000057220459,2.549999952316284,2.6500000953674316
2025-06-25,2.700000047683716,2.549999952316284,2.569999933242798
2025-06-26,2.640000104904175,2.5299999713897705,2.559999942779541
2025-06-27,2.640000104904175,2.5399999618530273,2.559999942779541
2025-06-30,2.640000104904175,2.549999952316284,2.549999952316284
2025-07-01,2.6600000858306885,2.549999952316284,2.549999952316284
2025-07-02,2.5859999656677246,2.4200000762939453,2.5
2025-07-03,2.5999999046325684,2.430000066757202,2.5399999618530273
2025-07-07,2.615000009536743,2.440000057220459,2.569999933242798
2025-07-08,2.6500000953674316,2.3499999046325684,2.359999895095825
2025-07-09,2.5,2.380000114440918,2.450000047683716
2025-07-10,2.5910000801086426,2.4200000762939453,2.450000047683716
2025-07-11,2.569999933242798,2.3499999046325684,2.390000104904175
2025-07-14,2.5799999237060547,2.299999952316284,2.4100000858306885
2025-07-15,2.4700000286102295,2.390000104904175,2.4100000858306885
2025-07-16,2.450000047683716,2.380000114440918,2.390000104904175
2025-07-17,2.4570000171661377,2.259999990463257,2.369999885559082
2025-07-18,2.4600000381469727,2.3299999237060547,2.390000104904175
2025-07-21,2.450000047683716,2.299999952316284,2.380000114440918
2025-07-22,2.440000057220459,2.299999952316284,2.3499999046325684
2025-07-23,2.4000000953674316,2.299999952316284,2.390000104904175
2025-07-24,2.3910000324249268,2.299999952316284,2.3299999237060547
2025-07-25,2.4260001182556152,2.25,2.299999952316284
2025-07-28,2.371000051498413,2.2200000286102295,2.25
2025-07-29,2.450000047683716,2.200000047683716,2.25
2025-07-30,2.3589999675750732,2.190000057220459,2.2899999618530273
2025-07-31,2.2990000247955322,2.200000047683716,2.2300000190734863
2025-08-01,2.2820000648498535,2.130000114440918,2.190000057220459
2025-08-04,2.299999952316284,2.1500000953674316,2.240000009536743
2025-08-05,2.2899999618530273,2.119999885559082,2.1700000762939453
2025-08-06,2.240000009536743,2.1630001068115234,2.2200000286102295
2025-08-07,2.265000104904175,2.1700000762939453,2.259999990463257
2025-08-08,2.2899999618530273,2.1600000858306885,2.2300000190734863
2025-08-11,2.25,2.1600000858306885,2.200000047683716
2025-08-12,2.2899999618530273,2.1500000953674316,2.2300000190734863
2025-08-13,2.299999952316284,2.1500000953674316,2.2799999713897705
2025-08-14,2.359999895095825,2.200000047683716,2.359999895095825
2025-08-15,2.4200000762939453,2.240000009536743,2.2699999809265137
2025-08-18,2.3329999446868896,2.257999897003174,2.319999933242798
2025-08-19,2.440000057220459,2.2899999618530273,2.3299999237060547
2025-08-20,2.369999885559082,2.2100000381469727,2.309999942779541
2025-08-21,2.369999885559082,2.2799999713897705,2.2899999618530273
2025-08-22,2.440000057220459,2.2699999809265137,2.3299999237060547
2025-08-25,2.430000066757202,2.2799999713897705,2.359999895095825
2025-08-26,2.4700000286102295,2.319999933242798,2.3499999046325684
2025-08-27,2.6500000953674316,2.4000000953674316,2.490000009536743
2025-08-28,2.5899999141693115,2.4700000286102295,2.4700000286102295
2025-08-29,2.6500000953674316,2.430000066757202,2.5999999046325684
2025-09-02,2.8499999046325684,2.5199999809265137,2.8499999046325684
2025-09-03,2.930000066757202,2.6549999713897705,2.809999942779541
2025-09-04,2.8399999141693115,2.559999942779541,2.630000114440918
2025-09-05,2.8289999961853027,2.569999933242798,2.640000104904175
2025-09-08,2.7690000534057617,2.5999999046325684,2.690000057220459
2025-09-09,2.75,2.630000114440918,2.674999952316284
2025-09-10,2.819999933242798,2.619999885559082,2.6600000858306885
2025-09-11,2.809999942779541,2.5999999046325684,2.740000009536743
2025-09-12,2.7899999618530273,2.63100004196167,2.700000047683716
2025-09-15,2.7200000286102295,2.630000114440918,2.6700000762939453
2025-09-16,2.700000047683716,2.549999952316284,2.6500000953674316
2025-09-17,2.759999990463257,2.5199999809265137,2.6600000858306885
2025-09-18,2.7899999618530273,2.640000104904175,2.6700000762939453
2025-09-19,2.7200000286102295,2.569999933242798,2.5899999141693115
2025-09-22,2.634999990463257,2.5199999809265137,2.5299999713897705
2025-09-23,2.5999999046325684,2.4000000953674316,2.4800000190734863
2025-09-24,2.569999933242798,2.3299999237060547,2.450000047683716
2025-09-25,2.5899999141693115,2.4000000953674316,2.4600000381469727
2025-09-26,2.5299999713897705,2.4100000858306885,2.440000057220459
2025-09-29,2.5199999809265137,2.390000104904175,2.4700000286102295
2025-09-30,2.549999952316284,2.4100000858306885,2.4760000705718994
2025-10-01,2.4700000286102295,2.3499999046325684,2.380000114440918
2025-10-02,2.4549999237060547,2.299999952316284,2.359999895095825
2025-10-03,2.450000047683716,2.309999942779541,2.369999885559082
2025-10-06,2.430000066757202,2.3399999141693115,2.369999885559082
2025-10-07,2.440000057220459,2.299999952316284,2.359999895095825
2025-10-08,2.4200000762939453,2.2899999618530273,2.3399999141693115
2025-10-09,2.4000000953674316,2.2699999809265137,2.3299999237060547
2025-10-10,2.4000000953674316,2.0999999046325684,2.1600000858306885
2025-10-13,2.259999990463257,2.119999885559082,2.190000057220459
2025-10-14,2.1760001182556152,2.0999999046325684,2.130000114440918
