Price,Close
Ticker,HWM
Date,
2016-11-01,13.865303993225098
2016-11-02,13.147123336791992
2016-11-03,12.817344665527344
2016-11-04,12.956583023071289
2016-11-07,12.707418441772461
2016-11-08,12.825287818908691
2016-11-09,12.913687705993652
2016-11-10,13.591413497924805
2016-11-11,13.89344310760498
2016-11-14,14.062877655029297
2016-11-15,14.666938781738281
2016-11-16,14.445940971374512
2016-11-17,14.364908218383789
2016-11-18,14.666938781738281
2016-11-21,14.865839958190918
2016-11-22,14.652206420898438
2016-11-23,14.939502716064453
2016-11-25,15.12367057800293
2016-11-28,14.84373950958252
2016-11-29,14.490140914916992
2016-11-30,14.202841758728027
2016-12-01,14.364908218383789
2016-12-02,14.504876136779785
2016-12-05,14.92477035522461
2016-12-06,14.968969345092773
2016-12-07,15.381502151489258
2016-12-08,15.403603553771973
2016-12-09,16.059226989746094
2016-12-12,15.897167205810547
2016-12-13,15.609867095947266
2016-12-14,15.285736083984375
2016-12-15,15.145769119262695
2016-12-16,14.92477035522461
2016-12-19,14.747974395751953
2016-12-20,14.806905746459961
2016-12-21,14.747974395751953
2016-12-22,14.784804344177246
2016-12-23,14.571173667907715
2016-12-27,14.571173667907715
2016-12-28,14.180742263793945
2016-12-29,13.775580406188965
2016-12-30,13.657711029052734
2017-01-03,14.136543273925781
2017-01-04,14.51224136352539
2017-01-05,14.806905746459961
2017-01-06,15.19733715057373
2017-01-09,15.02053451538086
2017-01-10,15.256268501281738
2017-01-11,15.543569564819336
2017-01-12,15.469902992248535
2017-01-13,15.56566333770752
2017-01-17,15.278368949890137
2017-01-18,15.381502151489258
2017-01-19,15.69826889038086
2017-01-20,15.683534622192383
2017-01-23,15.713001251220703
2017-01-24,16.33179473876953
2017-01-25,16.714866638183594
2017-01-26,16.840089797973633
2017-01-27,16.6485595703125
2017-01-30,16.574893951416016
2017-01-31,16.788528442382812
2017-02-01,18.671972274780273
2017-02-02,18.612886428833008
2017-02-03,19.129907608032227
2017-02-06,19.35149574279785
2017-02-07,19.661706924438477
2017-02-08,20.16396141052246
2017-02-09,20.65143585205078
2017-02-10,21.877531051635742
2017-02-13,21.899682998657227
2017-02-14,21.803665161132812
2017-02-15,21.574697494506836
2017-02-16,21.78150749206543
2017-02-17,22.09172248840332
2017-02-21,22.372390747070312
2017-02-22,22.564430236816406
2017-02-23,21.840591430664062
2017-02-24,21.655948638916016
2017-02-27,21.59685516357422
2017-02-28,21.264482498168945
2017-03-01,21.818439483642578
2017-03-02,21.079832077026367
2017-03-03,20.747459411621094
2017-03-06,20.459402084350586
2017-03-07,19.927600860595703
2017-03-08,19.831581115722656
2017-03-09,19.56568145751953
2017-03-10,19.816814422607422
2017-03-13,19.79465675354004
2017-03-14,19.698633193969727
2017-03-15,20.134414672851562
2017-03-16,20.17872428894043
2017-03-17,20.311681747436523
2017-03-20,20.58496856689453
2017-03-21,19.757720947265625
2017-03-22,19.57307243347168
2017-03-23,19.706024169921875
2017-03-24,19.706024169921875
2017-03-27,19.61739730834961
2017-03-28,19.97191619873047
2017-03-29,19.35149574279785
2017-03-30,19.61739730834961
2017-03-31,19.454896926879883
2017-04-03,19.33671760559082
2017-04-04,19.484439849853516
2017-04-05,19.12252426147461
2017-04-06,19.321941375732422
2017-04-07,19.506601333618164
2017-04-10,19.595230102539062
2017-04-11,19.63953971862793
2017-04-12,19.09297752380371
2017-04-13,19.129907608032227
2017-04-17,19.713403701782227
2017-04-18,19.056045532226562
2017-04-19,19.181610107421875
2017-04-20,19.285017013549805
2017-04-21,19.203767776489258
2017-04-24,19.277631759643555
2017-04-25,19.927600860595703
2017-04-26,20.311681747436523
2017-04-27,20.104873657226562
2017-04-28,20.186113357543945
2017-05-01,20.127031326293945
2017-05-02,20.05316734313965
2017-05-03,19.82369613647461
2017-05-04,19.705249786376953
2017-05-05,20.2086181640625
2017-05-08,20.045764923095703
2017-05-09,20.179006576538086
2017-05-10,20.193811416625977
2017-05-11,20.141996383666992
2017-05-12,20.504714965820312
2017-05-15,20.800811767578125
2017-05-16,20.29004669189453
2017-05-17,19.868106842041016
2017-05-18,19.927322387695312
2017-05-19,20.415884017944336
2017-05-22,20.452896118164062
2017-05-23,20.63055992126465
2017-05-24,20.786006927490234
2017-05-25,20.141996383666992
2017-05-26,20.29744529724121
2017-05-30,20.14940071105957
2017-05-31,20.334453582763672
2017-06-01,20.704580307006836
2017-06-02,20.845224380493164
2017-06-05,20.334453582763672
2017-06-06,20.334453582763672
2017-06-07,19.912525177001953
2017-06-08,20.319652557373047
2017-06-09,20.253032684326172
2017-06-12,19.853303909301758
2017-06-13,20.4751033782959
2017-06-14,19.912525177001953
2017-06-15,19.764469146728516
2017-06-16,19.564613342285156
2017-06-19,19.697851181030273
2017-06-20,19.549800872802734
2017-06-21,18.742935180664062
2017-06-22,18.728132247924805
2017-06-23,18.905786514282227
2017-06-26,17.773218154907227
2017-06-27,16.16689109802246
2017-06-28,17.09960174560547
2017-06-29,16.892330169677734
2017-06-30,16.76649284362793
2017-07-03,16.907136917114258
2017-07-05,17.01816749572754
2017-07-06,16.966358184814453
2017-07-07,17.121803283691406
2017-07-10,17.639972686767578
2017-07-11,17.78061866760254
2017-07-12,17.90645980834961
2017-07-13,18.098926544189453
2017-07-14,18.05451202392578
2017-07-17,18.46904754638672
2017-07-18,18.417232513427734
2017-07-19,18.594886779785156
2017-07-20,18.321001052856445
2017-07-21,18.661508560180664
2017-07-24,18.63190269470215
2017-07-25,19.18708038330078
2017-07-26,18.942800521850586
2017-07-27,18.594886779785156
2017-07-28,18.46904754638672
2017-07-31,18.350608825683594
2017-08-01,18.58008575439453
2017-08-02,18.461366653442383
2017-08-03,18.79526710510254
2017-08-04,18.64686393737793
2017-08-07,18.802682876586914
2017-08-08,18.542980194091797
2017-08-09,18.290695190429688
2017-08-10,17.823226928710938
2017-08-11,17.800968170166016
2017-08-14,18.223918914794922
2017-08-15,18.36490249633789
2017-08-16,18.431684494018555
2017-08-17,18.01615333557129
2017-08-18,18.023571014404297
2017-08-21,18.1645565032959
2017-08-22,19.062395095825195
2017-08-23,18.97334861755371
2017-08-24,18.899152755737305
2017-08-25,18.735904693603516
2017-08-28,18.67654800415039
2017-08-29,18.810110092163086
2017-08-30,18.847211837768555
2017-08-31,18.899152755737305
2017-09-01,18.928836822509766
2017-09-05,18.0977725982666
2017-09-06,18.0606689453125
2017-09-07,18.001314163208008
2017-09-08,18.12003517150879
2017-09-11,18.535564422607422
2017-09-12,18.669126510620117
2017-09-13,18.735904693603516
2017-09-14,18.81752586364746
2017-09-15,18.802682876586914
2017-09-18,18.802682876586914
2017-09-19,19.247894287109375
2017-09-20,19.440824508666992
2017-09-21,19.87860870361328
2017-09-22,19.4482421875
2017-09-25,19.388883590698242
2017-09-26,19.49276351928711
2017-09-27,19.57438850402832
2017-09-28,19.3072566986084
2017-09-29,18.461366653442383
2017-10-02,19.233055114746094
2017-10-03,19.388883590698242
2017-10-04,19.863765716552734
2017-10-05,19.923131942749023
2017-10-06,20.108638763427734
2017-10-09,20.323820114135742
2017-10-10,20.323820114135742
2017-10-11,20.294145584106445
2017-10-12,20.449974060058594
2017-10-13,20.153154373168945
2017-10-16,20.160579681396484
2017-10-17,19.915714263916016
2017-10-18,19.952816009521484
2017-10-19,19.796995162963867
2017-10-20,20.160579681396484
2017-10-23,18.06809425354004
2017-10-24,18.053253173828125
2017-10-25,18.439098358154297
2017-10-26,18.246173858642578
2017-10-27,18.261014938354492
2017-10-30,18.38715934753418
2017-10-31,18.639442443847656
2017-11-01,18.639442443847656
2017-11-02,18.77332878112793
2017-11-03,18.84770393371582
2017-11-06,19.048532485961914
2017-11-07,18.654319763183594
2017-11-08,18.431182861328125
2017-11-09,18.185726165771484
2017-11-10,18.02953338623047
2017-11-13,17.694828033447266
2017-11-14,17.25599479675293
2017-11-15,17.374996185302734
2017-11-16,17.650205612182617
2017-11-17,17.739458084106445
2017-11-20,17.769207000732422
2017-11-21,17.657630920410156
2017-11-22,17.66507911682129
2017-11-24,17.843589782714844
2017-11-27,17.560945510864258
2017-11-28,18.022096633911133
2017-11-29,17.903091430664062
2017-11-30,18.304737091064453
2017-12-01,18.22292137145996
2017-12-04,18.393993377685547
2017-12-05,18.022096633911133
2017-12-06,17.947723388671875
2017-12-07,18.28986358642578
2017-12-08,18.200603485107422
2017-12-11,18.170856475830078
2017-12-12,18.33448600769043
2017-12-13,18.728700637817383
2017-12-14,18.58737564086914
2017-12-15,18.817960739135742
2017-12-18,19.048532485961914
2017-12-19,19.06340217590332
2017-12-20,19.435304641723633
2017-12-21,19.933645248413086
2017-12-22,19.955957412719727
2017-12-26,20.13446807861328
2017-12-27,20.33529281616211
2017-12-28,20.543560028076172
2017-12-29,20.268354415893555
2018-01-02,20.647687911987305
2018-01-03,20.81131935119629
2018-01-04,21.80800437927246
2018-01-05,22.023700714111328
2018-01-08,22.135269165039062
2018-01-09,22.17245864868164
2018-01-10,22.157583236694336
2018-01-11,22.611299514770508
2018-01-12,22.938566207885742
2018-01-16,22.618738174438477
2018-01-17,22.71542739868164
2018-01-18,22.574108123779297
2018-01-19,22.477415084838867
2018-01-22,22.63361358642578
2018-01-23,22.53691864013672
2018-01-24,22.670799255371094
2018-01-25,22.663366317749023
2018-01-26,22.938566207885742
2018-01-29,22.50716781616211
2018-01-30,22.254276275634766
2018-01-31,22.358407974243164
2018-02-01,22.44038963317871
2018-02-02,21.695110321044922
2018-02-05,19.76483726501465
2018-02-06,18.840686798095703
2018-02-07,18.7065372467041
2018-02-08,18.222103118896484
2018-02-09,18.378612518310547
2018-02-12,18.51276397705078
2018-02-13,18.468046188354492
2018-02-14,18.989744186401367
2018-02-15,18.795969009399414
2018-02-16,18.900306701660156
2018-02-20,18.52766990661621
2018-02-21,18.378612518310547
2018-02-22,18.289175033569336
2018-02-23,18.728891372680664
2018-02-26,18.728891372680664
2018-02-27,18.438234329223633
2018-02-28,18.177385330200195
2018-03-01,17.901634216308594
2018-03-02,17.819652557373047
2018-03-05,18.132665634155273
2018-03-06,18.296628952026367
2018-03-07,18.34880256652832
2018-03-08,18.482948303222656
2018-03-09,18.77361297607422
2018-03-12,18.579837799072266
2018-03-13,18.594745635986328
2018-03-14,17.931447982788086
2018-03-15,18.065597534179688
2018-03-16,18.304079055786133
2018-03-19,17.909080505371094
2018-03-20,17.953800201416016
2018-03-21,18.00596809387207
2018-03-22,16.9029541015625
2018-03-23,16.955120086669922
2018-03-26,17.424652099609375
2018-03-27,17.178714752197266
2018-03-28,16.917858123779297
2018-03-29,17.17125701904297
2018-04-02,16.45578956604004
2018-04-03,16.657014846801758
2018-04-04,16.865694046020508
2018-04-05,17.201066970825195
2018-04-06,16.798620223999023
2018-04-09,16.97003173828125
2018-04-10,17.16380500793457
2018-04-11,17.111637115478516
2018-04-12,17.49917984008789
2018-04-13,17.312856674194336
2018-04-16,17.558807373046875
2018-04-17,17.700408935546875
2018-04-18,17.648237228393555
2018-04-19,17.536441802978516
2018-04-20,17.335220336914062
2018-04-23,16.43343162536621
2018-04-24,16.381258010864258
2018-04-25,16.507959365844727
2018-04-26,16.57503318786621
2018-04-27,16.724092483520508
2018-04-30,13.27344036102295
2018-05-01,13.176552772521973
2018-05-02,12.945516586303711
2018-05-03,12.661330223083496
2018-05-04,12.878210067749023
2018-05-07,13.132485389709473
2018-05-08,13.311972618103027
2018-05-09,13.476500511169434
2018-05-10,13.56624698638916
2018-05-11,13.626073837280273
2018-05-14,13.700860977172852
2018-05-15,13.446587562561035
2018-05-16,13.469021797180176
2018-05-17,13.573721885681152
2018-05-18,13.521373748779297
2018-05-21,13.790605545043945
2018-05-22,13.887826919555664
2018-05-23,13.940177917480469
2018-05-24,13.820517539978027
2018-05-25,13.783125877380371
2018-05-29,13.409193992614746
2018-05-30,13.551290512084961
2018-05-31,13.19979190826416
2018-06-01,13.274575233459473
2018-06-04,13.26710033416748
2018-06-05,13.252141952514648
2018-06-06,13.409193992614746
2018-06-07,13.424149513244629
2018-06-08,13.41667366027832
2018-06-11,13.581202507019043
2018-06-12,13.46154499053955
2018-06-13,13.439108848571777
2018-06-14,13.46154499053955
2018-06-15,13.110047340393066
2018-06-18,13.192312240600586
2018-06-19,13.01282787322998
2018-06-20,12.952997207641602
2018-06-21,12.683767318725586
2018-06-22,12.743596076965332
2018-06-25,12.616456985473633
2018-06-26,12.736116409301758
2018-06-27,12.683767318725586
2018-06-28,12.70620346069336
2018-06-29,12.721160888671875
2018-07-02,12.608978271484375
2018-07-03,12.638894081115723
2018-07-05,12.766031265258789
2018-07-06,12.885688781738281
2018-07-09,13.30449104309082
2018-07-10,13.26710033416748
2018-07-11,12.780988693237305
2018-07-12,12.938037872314453
2018-07-13,12.997868537902832
2018-07-16,14.358980178833008
2018-07-17,14.388894081115723
2018-07-18,14.717954635620117
2018-07-19,14.33654499053955
2018-07-20,14.231843948364258
2018-07-23,14.20192813873291
2018-07-24,14.530987739562988
2018-07-25,14.403855323791504
2018-07-26,15.989325523376465
2018-07-27,16.019235610961914
2018-07-30,15.600436210632324
2018-07-31,16.221160888671875
2018-08-01,16.011762619018555
2018-08-02,15.801764488220215
2018-08-03,15.921758651733398
2018-08-06,15.88426399230957
2018-08-07,15.711771965026855
2018-08-08,15.68177318572998
2018-08-09,15.57677936553955
2018-08-10,15.606778144836426
2018-08-13,15.306791305541992
2018-08-14,15.5167818069458
2018-08-15,15.25429630279541
2018-08-16,15.524279594421387
2018-08-17,15.65927505493164
2018-08-20,15.899263381958008
2018-08-21,16.169252395629883
2018-08-22,16.071758270263672
2018-08-23,15.921758651733398
2018-08-24,16.67173194885254
2018-08-27,16.544233322143555
2018-08-28,16.424243927001953
2018-08-29,16.62672996520996
2018-08-30,16.551733016967773
2018-08-31,16.784223556518555
2018-09-04,16.566734313964844
2018-09-05,16.619234085083008
2018-09-06,16.439241409301758
2018-09-07,16.439241409301758
2018-09-10,16.491737365722656
2018-09-11,16.664228439331055
2018-09-12,17.01671600341797
2018-09-13,16.87421989440918
2018-09-14,17.01671600341797
2018-09-17,17.03921127319336
2018-09-18,17.241697311401367
2018-09-19,17.114208221435547
2018-09-20,16.949209213256836
2018-09-21,17.15920639038086
2018-09-24,16.21425437927246
2018-09-25,16.559232711791992
2018-09-26,16.154253005981445
2018-09-27,16.439241409301758
2018-09-28,16.50673484802246
2018-10-01,16.604230880737305
2018-10-02,16.64173126220703
2018-10-03,16.709228515625
2018-10-04,16.656728744506836
2018-10-05,16.379241943359375
2018-10-08,17.54918670654297
2018-10-09,17.12920570373535
2018-10-10,16.31174659729004
2018-10-11,15.8767671585083
2018-10-12,16.20675277709961
2018-10-15,16.109254837036133
2018-10-16,16.64173126220703
2018-10-17,16.889219284057617
2018-10-18,16.52174186706543
2018-10-19,16.409238815307617
2018-10-22,16.086759567260742
2018-10-23,15.486783027648926
2018-10-24,14.901809692382812
2018-10-25,14.961806297302246
2018-10-26,14.879308700561523
2018-10-29,14.414331436157227
2018-10-30,14.77431583404541
2018-10-31,15.246794700622559
2018-11-01,15.998984336853027
2018-11-02,15.916237831115723
2018-11-05,15.615365028381348
2018-11-06,15.73571491241455
2018-11-07,15.90119743347168
2018-11-08,15.833497047424316
2018-11-09,15.622886657714844
2018-11-12,15.10387897491455
2018-11-13,15.126443862915039
2018-11-14,15.299449920654297
2018-11-15,15.540145874023438
2018-11-16,15.156533241271973
2018-11-19,15.299449920654297
2018-11-20,14.923351287841797
2018-11-21,15.412275314331055
2018-11-23,15.41979694366455
2018-11-26,15.38970947265625
2018-11-27,15.329533576965332
2018-11-28,15.66049575805664
2018-11-29,16.05162811279297
2018-11-30,16.156936645507812
2018-12-03,16.18702507019043
2018-12-04,15.683059692382812
2018-12-06,15.442361831665039
2018-12-07,15.26183795928955
2018-12-10,14.960963249206543
2018-12-11,15.149008750915527
2018-12-12,15.239272117614746
2018-12-13,14.998570442199707
2018-12-14,14.848135948181152
2018-12-17,14.404346466064453
2018-12-18,14.065863609313965
2018-12-19,13.479156494140625
2018-12-20,13.208373069763184
2018-12-21,12.772103309631348
2018-12-24,12.140270233154297
2018-12-26,12.666797637939453
2018-12-27,12.809714317321777
2018-12-28,12.6066255569458
2018-12-31,12.681841850280762
2019-01-02,13.960554122924805
2019-01-03,13.862772941589355
2019-01-04,14.261427879333496
2019-01-07,14.59991455078125
2019-01-08,14.64504623413086
2019-01-09,14.682655334472656
2019-01-10,14.750350952148438
2019-01-11,14.803003311157227
2019-01-14,14.569825172424316
2019-01-15,15.096355438232422
2019-01-16,15.118921279907227
2019-01-17,15.179098129272461
2019-01-18,15.299449920654297
2019-01-22,12.85484504699707
2019-01-23,13.57694149017334
2019-01-24,13.84020709991455
2019-01-25,13.945513725280762
2019-01-28,13.734902381896973
2019-01-29,13.832685470581055
2019-01-30,14.073382377624512
2019-01-31,14.156124114990234
2019-02-01,13.915427207946777
2019-02-04,14.08842945098877
2019-02-05,14.148604393005371
2019-02-06,13.780033111572266
2019-02-07,13.342330932617188
2019-02-08,12.904629707336426
2019-02-11,13.198946952819824
2019-02-12,13.52344799041748
2019-02-13,13.500808715820312
2019-02-14,13.198946952819824
2019-02-15,13.24422550201416
2019-02-19,13.62909984588623
2019-02-20,13.878137588500977
2019-02-21,13.764942169189453
2019-02-22,13.795125961303711
2019-02-25,13.893234252929688
2019-02-26,13.900776863098145
2019-02-27,14.059255599975586
2019-02-28,13.953606605529785
2019-03-01,14.112083435058594
2019-03-04,13.953606605529785
2019-03-05,14.04416275024414
2019-03-06,14.04416275024414
2019-03-07,13.825310707092285
2019-03-08,13.953606605529785
2019-03-11,14.195094108581543
2019-03-12,14.240374565124512
2019-03-13,14.30074405670166
2019-03-14,14.30074405670166
2019-03-15,14.3309326171875
2019-03-18,14.512052536010742
2019-03-19,14.429037094116211
2019-03-20,14.398850440979004
2019-03-21,14.489408493041992
2019-03-22,14.12717342376709
2019-03-25,14.036616325378418
2019-03-26,14.18754768371582
2019-03-27,14.278103828430176
2019-03-28,14.436582565307617
2019-03-29,14.421491622924805
2019-04-01,14.836549758911133
2019-04-02,14.904471397399902
2019-04-03,14.776179313659668
2019-04-04,14.995028495788574
2019-04-05,15.1761474609375
2019-04-08,15.289345741271973
2019-04-09,15.093134880065918
2019-04-10,15.153508186340332
2019-04-11,15.372360229492188
2019-04-12,15.628941535949707
2019-04-15,15.508195877075195
2019-04-16,15.606303215026855
2019-04-17,15.032763481140137
2019-04-18,15.123323440551758
2019-04-22,15.304437637329102
2019-04-23,15.606303215026855
2019-04-24,15.923263549804688
2019-04-25,15.576115608215332
2019-04-26,15.606303215026855
2019-04-29,15.621393203735352
2019-04-30,16.210025787353516
2019-05-01,16.19493293762207
2019-05-02,16.54995346069336
2019-05-03,16.92763328552246
2019-05-06,16.91252326965332
2019-05-07,16.836992263793945
2019-05-08,16.91252326965332
2019-05-09,16.685916900634766
2019-05-10,16.98050880432129
2019-05-13,16.24781608581543
2019-05-14,16.512184143066406
2019-05-15,16.625486373901367
2019-05-16,16.708576202392578
2019-05-17,16.587717056274414
2019-05-20,16.625486373901367
2019-05-21,16.904972076416016
2019-05-22,16.897418975830078
2019-05-23,16.776559829711914
2019-05-24,16.806772232055664
2019-05-28,16.723684310913086
2019-05-29,16.640602111816406
2019-05-30,16.61793327331543
2019-05-31,16.542402267456055
2019-06-03,16.708576202392578
2019-06-04,17.03338623046875
2019-06-05,17.35818862915039
2019-06-06,17.58479118347168
2019-06-07,17.781185150146484
2019-06-10,17.59235382080078
2019-06-11,17.38085174560547
2019-06-12,17.116470336914062
2019-06-13,17.516817092895508
2019-06-14,17.35818862915039
2019-06-17,17.282655715942383
2019-06-18,17.773635864257812
2019-06-19,17.89449691772461
2019-06-20,18.24196434020996
2019-06-21,18.377927780151367
2019-06-24,18.355266571044922
2019-06-25,18.423242568969727
2019-06-26,18.80092430114746
2019-06-27,19.178606033325195
2019-06-28,19.5034122467041
2019-07-01,19.699804306030273
2019-07-02,19.7526798248291
2019-07-03,19.541183471679688
2019-07-05,19.71491241455078
2019-07-08,19.5034122467041
2019-07-09,19.51852035522461
2019-07-10,19.480756759643555
2019-07-11,19.427879333496094
2019-07-12,19.639375686645508
2019-07-15,19.5034122467041
2019-07-16,19.473196029663086
2019-07-17,19.110624313354492
2019-07-18,18.989770889282227
2019-07-19,19.01998519897461
2019-07-22,18.982213973999023
2019-07-23,19.00487518310547
2019-07-24,19.374998092651367
2019-07-25,19.344791412353516
2019-07-26,19.442983627319336
2019-07-29,18.997316360473633
2019-07-30,18.989770889282227
2019-07-31,18.91423225402832
2019-08-01,18.41529655456543
2019-08-02,17.96171760559082
2019-08-05,17.810527801513672
2019-08-06,18.57404899597168
2019-08-07,19.0578670501709
2019-08-08,19.22417640686035
2019-08-09,19.06542205810547
2019-08-12,19.050302505493164
2019-08-13,19.19393539428711
2019-08-14,18.72524070739746
2019-08-15,18.57404899597168
2019-08-16,18.77815818786621
2019-08-19,18.92178726196289
2019-08-20,19.072982788085938
2019-08-21,19.050302505493164
2019-08-22,18.974712371826172
2019-08-23,18.377492904663086
2019-08-26,18.936912536621094
2019-08-27,19.035188674926758
2019-08-28,19.22417640686035
2019-08-29,19.511445999145508
2019-08-30,19.534122467041016
2019-09-03,19.639957427978516
2019-09-04,19.639957427978516
2019-09-05,19.662639617919922
2019-09-06,19.64751625061035
2019-09-09,19.881868362426758
2019-09-10,20.191810607910156
2019-09-11,20.327882766723633
2019-09-12,20.426162719726562
2019-09-13,20.47907829284668
2019-09-16,20.562232971191406
2019-09-17,20.592470169067383
2019-09-18,20.645395278930664
2019-09-19,20.516874313354492
2019-09-20,20.19936752319336
2019-09-23,20.237173080444336
2019-09-24,20.05573844909668
2019-09-25,20.02549934387207
2019-09-26,19.881868362426758
2019-09-27,19.73823356628418
2019-09-30,19.655075073242188
2019-10-01,19.095661163330078
2019-10-02,18.294343948364258
2019-10-03,18.332138061523438
2019-10-04,18.513572692871094
2019-10-07,18.710121154785156
2019-10-08,18.800830841064453
2019-10-09,19.345130920410156
2019-10-10,19.670194625854492
2019-10-11,19.995258331298828
2019-10-14,20.290090560913086
2019-10-15,21.061176300048828
2019-10-16,20.796581268310547
2019-10-17,20.94021987915039
2019-10-18,20.418598175048828
2019-10-21,20.441272735595703
2019-10-22,20.471519470214844
2019-10-23,20.592470169067383
2019-10-24,20.736103057861328
2019-10-25,20.89485740661621
2019-10-28,20.909976959228516
2019-10-29,20.93265724182129
2019-10-30,20.81169891357422
2019-10-31,20.766345977783203
2019-11-01,21.575227737426758
2019-11-04,21.75666046142578
2019-11-05,22.308509826660156
2019-11-06,22.255598068237305
2019-11-07,21.869787216186523
2019-11-08,21.915178298950195
2019-11-11,22.32367515563965
2019-11-12,22.31611442565918
2019-11-13,22.31611442565918
2019-11-14,22.860774993896484
2019-11-15,23.344924926757812
2019-11-18,23.496213912963867
2019-11-19,23.45839500427246
2019-11-20,23.32222557067871
2019-11-21,23.15580177307129
2019-11-22,23.11041259765625
2019-11-25,23.420568466186523
2019-11-26,23.67020606994629
2019-11-27,23.647512435913086
2019-11-29,23.420568466186523
2019-12-02,23.117977142333984
2019-12-03,23.223886489868164
2019-12-04,22.936424255371094
2019-12-05,23.057458877563477
2019-12-06,23.46595573425293
2019-12-09,23.291975021362305
2019-12-10,23.45839500427246
2019-12-11,23.62482261657715
2019-12-12,23.91984748840332
2019-12-13,23.942541122436523
2019-12-16,24.056018829345703
2019-12-17,23.813934326171875
2019-12-18,23.27684211730957
2019-12-19,23.450820922851562
2019-12-20,23.7458553314209
2019-12-23,23.851760864257812
2019-12-24,23.68533706665039
2019-12-26,23.60212516784668
2019-12-27,23.556734085083008
2019-12-30,23.35248374938965
2019-12-31,23.27684211730957
2020-01-02,23.85932731628418
2020-01-03,23.821508407592773
2020-01-06,23.609689712524414
2020-01-07,23.760988235473633
2020-01-08,23.239015579223633
2020-01-09,22.52035903930664
2020-01-10,21.824399948120117
2020-01-13,22.278287887573242
2020-01-14,22.376628875732422
2020-01-15,22.08160400390625
2020-01-16,22.694351196289062
2020-01-17,22.179946899414062
2020-01-21,22.24046516418457
2020-01-22,21.816837310791016
2020-01-23,22.33880615234375
2020-01-24,22.02108383178711
2020-01-27,23.20119285583496
2020-01-28,23.806373596191406
2020-01-29,23.56430435180664
2020-01-30,23.03476905822754
2020-01-31,22.65652847290039
2020-02-03,22.739744186401367
2020-02-04,23.057458877563477
2020-02-05,23.647512435913086
2020-02-06,23.76862907409668
2020-02-07,23.69293212890625
2020-02-10,23.957870483398438
2020-02-11,24.237947463989258
2020-02-12,24.835947036743164
2020-02-13,24.941923141479492
2020-02-14,25.252277374267578
2020-02-18,25.116018295288086
2020-02-19,25.78972053527832
2020-02-20,25.509641647338867
2020-02-21,25.33553695678711
2020-02-24,25.03275489807129
2020-02-25,24.003284454345703
2020-02-26,24.109262466430664
2020-02-27,22.996522903442383
2020-02-28,22.21685218811035
2020-03-02,22.671031951904297
2020-03-03,21.792953491210938
2020-03-04,22.07303237915039
2020-03-05,20.248750686645508
2020-03-06,19.643178939819336
2020-03-09,17.44042205810547
2020-03-10,18.394193649291992
2020-03-11,16.736448287963867
2020-03-12,15.048418045043945
2020-03-13,15.532873153686523
2020-03-16,13.201431274414062
2020-03-17,13.360391616821289
2020-03-18,11.86917495727539
2020-03-19,11.997858047485352
2020-03-20,10.029754638671875
2020-03-23,9.075981140136719
2020-03-24,11.467982292175293
2020-03-25,12.240086555480957
2020-03-26,13.41337776184082
2020-03-27,12.626138687133789
2020-03-30,12.414188385009766
2020-03-31,12.156821250915527
2020-04-01,13.029447555541992
2020-04-02,12.338491439819336
2020-04-03,12.377975463867188
2020-04-06,12.52603530883789
2020-04-07,11.953532218933105
2020-04-08,12.910996437072754
2020-04-09,13.078800201416016
2020-04-13,12.437199592590332
2020-04-14,12.042366027832031
2020-04-15,11.22309398651123
2020-04-16,10.60123062133789
2020-04-17,11.499473571777344
2020-04-20,11.489603996276855
2020-04-21,10.453170776367188
2020-04-22,10.690069198608398
2020-04-23,10.857870101928711
2020-04-24,10.670328140258789
2020-04-27,11.262572288513184
2020-04-28,11.835079193115234
2020-04-29,13.710531234741211
2020-04-30,12.901126861572266
2020-05-01,12.377975463867188
2020-05-04,11.795598030090332
2020-05-05,12.052236557006836
2020-05-06,11.34154224395752
2020-05-07,11.716631889343262
2020-05-08,12.456940650939941
2020-05-11,11.608054161071777
2020-05-12,10.976319313049316
2020-05-13,10.512393951416016
2020-05-14,11.104642868041992
2020-05-15,10.630844116210938
2020-05-18,12.180559158325195
2020-05-19,11.894306182861328
2020-05-20,12.585261344909668
2020-05-21,12.269397735595703
2020-05-22,12.210171699523926
2020-05-26,12.891255378723145
2020-05-27,13.838852882385254
2020-05-28,13.108412742614746
2020-05-29,12.910996437072754
2020-06-01,13.236734390258789
2020-06-02,13.809237480163574
2020-06-03,14.973993301391602
2020-06-04,15.329340934753418
2020-06-05,16.938278198242188
2020-06-08,17.50091552734375
2020-06-09,16.01042366027832
2020-06-10,14.776579856872559
2020-06-11,12.812289237976074
2020-06-12,13.819110870361328
2020-06-15,14.332391738891602
2020-06-16,15.033218383789062
2020-06-17,14.60877513885498
2020-06-18,14.391616821289062
2020-06-19,13.75988483428955
2020-06-22,14.460711479187012
2020-06-23,14.845674514770508
2020-06-24,14.431099891662598
2020-06-25,15.003606796264648
2020-06-26,15.220762252807617
2020-06-29,16.01042366027832
2020-06-30,15.645209312438965
2020-07-01,15.082571983337402
2020-07-02,15.1121826171875
2020-07-06,15.536629676818848
2020-07-07,14.944378852844238
2020-07-08,15.131927490234375
2020-07-09,14.57916259765625
2020-07-10,15.131927490234375
2020-07-13,15.033218383789062
2020-07-14,15.487275123596191
2020-07-15,16.484222412109375
2020-07-16,15.99068546295166
2020-07-17,16.237455368041992
2020-07-20,15.47740650177002
2020-07-21,15.891976356506348
2020-07-22,15.93145751953125
2020-07-23,15.546499252319336
2020-07-24,15.349082946777344
2020-07-27,15.04308795928955
2020-07-28,15.122056007385254
2020-07-29,15.07270336151123
2020-07-30,14.934510231018066
2020-07-31,14.589030265808105
2020-08-03,14.934510231018066
2020-08-04,14.825929641723633
2020-08-05,15.872235298156738
2020-08-06,17.056734085083008
2020-08-07,16.740863800048828
2020-08-10,17.6785888671875
2020-08-11,18.04380989074707
2020-08-12,17.85626792907715
2020-08-13,17.254148483276367
2020-08-14,17.323244094848633
2020-08-17,17.125823974609375
2020-08-18,16.711254119873047
2020-08-19,16.898801803588867
2020-08-20,16.721120834350586
2020-08-21,16.691511154174805
2020-08-24,17.214664459228516
2020-08-25,17.214664459228516
2020-08-26,16.967893600463867
2020-08-27,17.204792022705078
2020-08-28,17.777297973632812
2020-08-31,17.293628692626953
2020-09-01,17.313371658325195
2020-09-02,18.10303497314453
2020-09-03,17.50091552734375
2020-09-04,17.471303939819336
2020-09-08,17.076475143432617
2020-09-09,16.898801803588867
2020-09-10,16.760608673095703
2020-09-11,17.570011138916016
2020-09-14,18.152387619018555
2020-09-15,17.974716186523438
2020-09-16,18.537353515625
2020-09-17,18.2510986328125
2020-09-18,17.471303939819336
2020-09-21,16.661897659301758
2020-09-22,16.85931396484375
2020-09-23,16.22758674621582
2020-09-24,16.2571964263916
2020-09-25,16.454612731933594
2020-09-28,16.967893600463867
2020-09-29,17.076475143432617
2020-09-30,16.50396728515625
2020-10-01,17.007373809814453
2020-10-02,17.648977279663086
2020-10-05,17.945098876953125
2020-10-06,17.303504943847656
2020-10-07,17.87601089477539
2020-10-08,18.487995147705078
2020-10-09,18.06355094909668
2020-10-12,17.954973220825195
2020-10-13,17.619367599487305
2020-10-14,18.024072647094727
2020-10-15,18.260969161987305
2020-10-16,18.349803924560547
2020-10-19,18.369543075561523
2020-10-20,17.98458480834961
2020-10-21,17.905614852905273
2020-10-22,18.606447219848633
2020-10-23,18.705148696899414
2020-10-26,18.04380989074707
2020-10-27,17.303504943847656
2020-10-28,16.46448516845703
2020-10-29,16.98763656616211
2020-10-30,17.027118682861328
2020-11-02,17.619367599487305
2020-11-03,18.3892879486084
2020-11-04,17.93522834777832
2020-11-05,18.59657859802246
2020-11-06,18.606447219848633
2020-11-09,22.140188217163086
2020-11-10,22.70282745361328
2020-11-11,21.99212646484375
2020-11-12,21.162979125976562
2020-11-13,22.07109260559082
2020-11-16,22.8804988861084
2020-11-17,23.196365356445312
2020-11-18,22.890369415283203
2020-11-19,23.265457153320312
2020-11-20,23.640554428100586
2020-11-23,24.005769729614258
2020-11-24,24.913881301879883
2020-11-25,24.232799530029297
2020-11-27,24.282150268554688
2020-11-30,23.156883239746094
2020-12-01,23.462875366210938
2020-12-02,23.94654083251953
2020-12-03,24.72633934020996
2020-12-04,25.04220199584961
2020-12-07,25.24949073791504
2020-12-08,25.121173858642578
2020-12-09,25.121173858642578
2020-12-10,25.792381286621094
2020-12-11,26.088504791259766
2020-12-14,26.463598251342773
2020-12-15,26.591917037963867
2020-12-16,26.483341217041016
2020-12-17,26.611658096313477
2020-12-18,26.917654037475586
2020-12-21,26.118120193481445
2020-12-22,26.118120193481445
2020-12-23,27.411191940307617
2020-12-24,27.02623176574707
2020-12-28,27.3717098236084
2020-12-29,27.608604431152344
2020-12-30,27.993568420410156
2020-12-31,28.171245574951172
2021-01-04,26.5228214263916
2021-01-05,27.54938507080078
2021-01-06,27.66783332824707
2021-01-07,27.381580352783203
2021-01-08,27.54938507080078
2021-01-11,27.84550666809082
2021-01-12,28.49698257446289
2021-01-13,27.76654052734375
2021-01-14,28.220600128173828
2021-01-15,27.588869094848633
2021-01-19,27.391448974609375
2021-01-20,27.04596710205078
2021-01-21,26.572172164916992
2021-01-22,26.414241790771484
2021-01-25,25.496257781982422
2021-01-26,24.676982879638672
2021-01-27,23.29507064819336
2021-01-28,24.440086364746094
2021-01-29,24.262407302856445
2021-02-01,24.72633934020996
2021-02-02,25.77264404296875
2021-02-03,26.51295280456543
2021-02-04,26.98674964904785
2021-02-05,26.77945899963379
2021-02-08,27.381580352783203
2021-02-09,27.401323318481445
2021-02-10,27.963956832885742
2021-02-11,28.378528594970703
2021-02-12,27.91460418701172
2021-02-16,28.013309478759766
2021-02-17,28.26995277404785
2021-02-18,27.450674057006836
2021-02-19,28.30943489074707
2021-02-22,28.279817581176758
2021-02-23,28.704265594482422
2021-02-24,29.750568389892578
2021-02-25,27.98369789123535
2021-02-26,27.746801376342773
2021-03-01,28.57594871520996
2021-03-02,28.605554580688477
2021-03-03,29.908504486083984
2021-03-04,29.168193817138672
2021-03-05,29.977598190307617
2021-03-08,29.424833297729492
2021-03-09,29.37548065185547
2021-03-10,31.04364776611328
2021-03-11,31.221317291259766
2021-03-12,31.14235496520996
2021-03-15,31.40886688232422
2021-03-16,30.737651824951172
2021-03-17,31.744470596313477
2021-03-18,31.349637985229492
2021-03-19,31.40886688232422
2021-03-22,31.14235496520996
2021-03-23,29.977598190307617
2021-03-24,29.957862854003906
2021-03-25,30.944936752319336
2021-03-26,31.5766658782959
2021-03-29,31.112741470336914
2021-03-30,31.349637985229492
2021-03-31,31.714862823486328
2021-04-01,31.40886688232422
2021-04-05,31.6556396484375
2021-04-06,30.99428939819336
2021-04-07,31.38912010192871
2021-04-08,31.39899253845215
2021-04-09,31.813566207885742
2021-04-12,31.90240478515625
2021-04-13,31.724733352661133
2021-04-14,32.12943649291992
2021-04-15,31.932010650634766
2021-04-16,32.27749252319336
2021-04-19,32.14917755126953
2021-04-20,30.599464416503906
2021-04-21,31.517440795898438
2021-04-22,31.014036178588867
2021-04-23,31.547054290771484
2021-04-26,31.803693771362305
2021-04-27,31.616147994995117
2021-04-28,31.704980850219727
2021-04-29,31.724733352661133
2021-04-30,31.547054290771484
2021-05-03,31.616147994995117
2021-05-04,31.774085998535156
2021-05-05,31.932010650634766
2021-05-06,31.7938232421875
2021-05-07,33.13624954223633
2021-05-10,32.1590461730957
2021-05-11,31.98137092590332
2021-05-12,31.46808624267578
2021-05-13,31.932010650634766
2021-05-14,32.82038497924805
2021-05-17,33.274444580078125
2021-05-18,33.28430938720703
2021-05-19,33.15599060058594
2021-05-20,33.3534049987793
2021-05-21,33.323795318603516
2021-05-24,33.60018539428711
2021-05-25,33.33367156982422
2021-05-26,33.580440521240234
2021-05-27,35.02157211303711
2021-05-28,35.02157211303711
2021-06-01,35.149898529052734
2021-06-02,34.95248031616211
2021-06-03,34.37997055053711
2021-06-04,34.74519348144531
2021-06-07,34.84389877319336
2021-06-08,35.268348693847656
2021-06-09,34.577392578125
2021-06-10,34.55764389038086
2021-06-11,34.91299819946289
2021-06-14,34.508296966552734
2021-06-15,34.55764389038086
2021-06-16,34.47868728637695
2021-06-17,33.580440521240234
2021-06-18,32.76116180419922
2021-06-21,33.629791259765625
2021-06-22,33.37314987182617
2021-06-23,33.37314987182617
2021-06-24,34.13320541381836
2021-06-25,34.38984680175781
2021-06-28,33.44224166870117
2021-06-29,33.23496627807617
2021-06-30,34.024620056152344
2021-07-01,34.172691345214844
2021-07-02,33.99500274658203
2021-07-06,33.07701873779297
2021-07-07,32.81052017211914
2021-07-08,32.5143928527832
2021-07-09,33.5113410949707
2021-07-12,33.43238067626953
2021-07-13,32.46503448486328
2021-07-14,32.37620162963867
2021-07-15,31.99124526977539
2021-07-16,31.25092887878418
2021-07-19,30.096050262451172
2021-07-20,31.47796058654785
2021-07-21,32.44529342651367
2021-07-22,31.912273406982422
2021-07-23,31.96162986755371
2021-07-26,32.08994674682617
2021-07-27,32.307106018066406
2021-07-28,32.38608169555664
2021-07-29,32.67232894897461
2021-07-30,32.395938873291016
2021-08-02,32.307106018066406
2021-08-03,32.5736198425293
2021-08-04,30.30333709716797
2021-08-05,31.26142692565918
2021-08-06,31.350324630737305
2021-08-09,31.172531127929688
2021-08-10,31.9034423828125
2021-08-11,32.604736328125
2021-08-12,32.27878189086914
2021-08-13,31.72565460205078
2021-08-16,31.58737564086914
2021-08-17,31.09351348876953
2021-08-18,31.834306716918945
2021-08-19,31.360198974609375
2021-08-20,31.41946029663086
2021-08-23,31.80467987060547
2021-08-24,32.120750427246094
2021-08-25,32.535587310791016
2021-08-26,31.814546585083008
2021-08-27,32.387420654296875
2021-08-30,31.389833450317383
2021-08-31,31.360198974609375
2021-09-01,31.508358001708984
2021-09-02,31.49848175048828
2021-09-03,30.984865188598633
2021-09-07,30.876220703125
2021-09-08,30.70830535888672
2021-09-09,31.28118324279785
2021-09-10,30.836700439453125
2021-09-13,31.854063034057617
2021-09-14,31.20216178894043
2021-09-15,31.61700439453125
2021-09-16,31.054000854492188
2021-09-17,30.609529495239258
2021-09-20,30.560142517089844
2021-09-21,30.224315643310547
2021-09-22,30.728057861328125
2021-09-23,31.3206844329834
2021-09-24,31.142900466918945
2021-09-27,32.5948600769043
2021-09-28,32.01209259033203
2021-09-29,31.518239974975586
2021-09-30,30.816951751708984
2021-10-01,32.03185272216797
2021-10-04,31.488605499267578
2021-10-05,31.715778350830078
2021-10-06,31.56761360168457
2021-10-07,31.74541664123535
2021-10-08,31.251550674438477
2021-10-11,31.034252166748047
2021-10-12,31.024372100830078
2021-10-13,30.96510887145996
2021-10-14,30.51075553894043
2021-10-15,30.945358276367188
2021-10-18,30.5206356048584
2021-10-19,30.50088119506836
2021-10-20,30.560142517089844
2021-10-21,30.342844009399414
2021-10-22,30.086034774780273
2021-10-25,29.997140884399414
2021-10-26,29.59217643737793
2021-10-27,29.0192928314209
2021-10-28,29.33536720275879
2021-10-29,29.325490951538086
2021-11-01,30.125545501708984
2021-11-02,30.30333709716797
2021-11-03,30.056407928466797
2021-11-04,30.639545440673828
2021-11-05,33.01164245605469
2021-11-08,32.37907791137695
2021-11-09,32.705238342285156
2021-11-10,31.91455078125
2021-11-11,31.627914428710938
2021-11-12,31.5982666015625
2021-11-15,32.665706634521484
2021-11-16,31.341283798217773
2021-11-17,31.11396026611328
2021-11-18,30.955821990966797
2021-11-19,29.82908058166504
2021-11-22,29.92791748046875
2021-11-23,30.422101974487305
2021-11-24,30.372682571411133
2021-11-26,28.415708541870117
2021-11-29,28.16861343383789
2021-11-30,27.802915573120117
2021-12-01,27.09128761291504
2021-12-02,28.465124130249023
2021-12-03,28.72210693359375
2021-12-06,30.076173782348633
2021-12-07,30.47152328491211
2021-12-08,30.718616485595703
2021-12-09,30.49129295349121
2021-12-10,30.501171112060547
2021-12-13,29.730243682861328
2021-12-14,29.334896087646484
2021-12-15,29.641292572021484
2021-12-16,29.137218475341797
2021-12-17,29.61164093017578
2021-12-20,28.919776916503906
2021-12-21,30.234312057495117
2021-12-22,29.947681427001953
2021-12-23,30.76803207397461
2021-12-27,30.9854736328125
2021-12-28,31.272104263305664
2021-12-29,31.262222290039062
2021-12-30,31.272104263305664
2021-12-31,31.459897994995117
2022-01-03,31.954082489013672
2022-01-04,33.14012908935547
2022-01-05,32.93256759643555
2022-01-06,33.25872802734375
2022-01-07,33.61454391479492
2022-01-10,33.58488845825195
2022-01-11,33.525596618652344
2022-01-12,33.51571273803711
2022-01-13,33.98025131225586
2022-01-14,34.66221618652344
2022-01-18,33.920936584472656
2022-01-19,33.43663787841797
2022-01-20,33.18954849243164
2022-01-21,32.25059509277344
2022-01-24,32.438385009765625
2022-01-25,31.855243682861328
2022-01-26,31.252334594726562
2022-01-27,30.283733367919922
2022-01-28,30.4023380279541
2022-01-31,30.728500366210938
2022-02-01,31.252334594726562
2022-02-02,32.23082733154297
2022-02-03,32.16159439086914
2022-02-04,31.825347900390625
2022-02-07,32.46818923950195
2022-02-08,33.14067840576172
2022-02-09,34.090110778808594
2022-02-10,34.179115295410156
2022-02-11,33.96154022216797
2022-02-14,33.69450378417969
2022-02-15,34.60437774658203
2022-02-16,35.33622360229492
2022-02-17,34.594486236572266
2022-02-18,34.179115295410156
2022-02-22,34.03076171875
2022-02-23,33.437381744384766
2022-02-24,34.0010986328125
2022-02-25,35.355995178222656
2022-02-28,35.52412796020508
2022-03-01,32.745086669921875
2022-03-02,34.742835998535156
2022-03-03,34.465911865234375
2022-03-04,33.47694396972656
2022-03-07,32.06269454956055
2022-03-08,32.567073822021484
2022-03-09,33.60550308227539
2022-03-10,33.90220260620117
2022-03-11,33.3582649230957
2022-03-14,33.05168151855469
2022-03-15,33.72418212890625
2022-03-16,34.545040130615234
2022-03-17,34.55492401123047
2022-03-18,35.33622360229492
2022-03-21,35.48456573486328
2022-03-22,36.90869903564453
2022-03-23,36.325199127197266
2022-03-24,36.61200714111328
2022-03-25,36.59221649169922
2022-03-28,36.08784103393555
2022-03-29,36.473548889160156
2022-03-30,36.038394927978516
2022-03-31,35.543907165527344
2022-04-01,35.91971969604492
2022-04-04,35.425228118896484
2022-04-05,34.07033157348633
2022-04-06,33.78351974487305
2022-04-07,34.0406608581543
2022-04-08,34.139564514160156
2022-04-11,33.85275650024414
2022-04-12,34.29779052734375
2022-04-13,34.89118194580078
2022-04-14,35.0889778137207
2022-04-18,35.049415588378906
2022-04-19,36.23619079589844
2022-04-20,36.433982849121094
2022-04-21,35.276885986328125
2022-04-22,34.57469940185547
2022-04-25,34.436241149902344
2022-04-26,33.88241958618164
2022-04-27,34.02088165283203
2022-04-28,34.5648193359375
2022-04-29,33.743961334228516
2022-05-02,33.46704864501953
2022-05-03,34.60437774658203
2022-05-04,36.15707778930664
2022-05-05,35.04880905151367
2022-05-06,34.662899017333984
2022-05-09,32.92134475708008
2022-05-10,33.623905181884766
2022-05-11,33.188507080078125
2022-05-12,32.50574493408203
2022-05-13,33.43589401245117
2022-05-16,33.70306396484375
2022-05-17,34.870704650878906
2022-05-18,33.23798751831055
2022-05-19,33.09945297241211
2022-05-20,32.8124885559082
2022-05-23,33.940547943115234
2022-05-24,33.35672378540039
2022-05-25,33.59421157836914
2022-05-26,34.24728775024414
2022-05-27,35.65241622924805
2022-05-31,35.3951416015625
2022-06-01,35.306087493896484
2022-06-02,36.602359771728516
2022-06-03,36.246131896972656
2022-06-06,36.26591873168945
2022-06-07,37.03774642944336
2022-06-08,36.08780288696289
2022-06-09,34.801429748535156
2022-06-10,33.623905181884766
2022-06-13,31.852659225463867
2022-06-14,31.862558364868164
2022-06-15,32.367210388183594
2022-06-16,30.477222442626953
2022-06-17,31.189682006835938
2022-06-21,31.328214645385742
2022-06-22,31.100624084472656
2022-06-23,30.378271102905273
2022-06-24,31.84276580810547
2022-06-27,31.466745376586914
2022-06-28,31.545907974243164
2022-06-29,30.991775512695312
2022-06-30,31.12041664123535
2022-07-01,31.466745376586914
2022-07-05,30.774080276489258
2022-07-06,31.60527801513672
2022-07-07,32.20888137817383
2022-07-08,32.39689254760742
2022-07-11,32.59479904174805
2022-07-12,33.05987548828125
2022-07-13,32.832279205322266
2022-07-14,32.70364761352539
2022-07-15,32.97081756591797
2022-07-18,32.654170989990234
2022-07-19,34.11865234375
2022-07-20,34.484779357910156
2022-07-21,34.38582992553711
2022-07-22,33.99991226196289
2022-07-25,34.46499252319336
2022-07-26,34.46499252319336
2022-07-27,34.801429748535156
2022-07-28,35.662315368652344
2022-07-29,36.74089813232422
2022-08-01,36.95858383178711
2022-08-02,36.81016159057617
2022-08-03,36.83984375
2022-08-04,36.740840911865234
2022-08-05,36.69132614135742
2022-08-08,37.18635940551758
2022-08-09,37.06755065917969
2022-08-10,37.532875061035156
2022-08-11,37.84969711303711
2022-08-12,38.166507720947266
2022-08-15,38.33482360839844
2022-08-16,38.3447151184082
2022-08-17,38.0675163269043
2022-08-18,38.05760192871094
2022-08-19,37.22595977783203
2022-08-22,36.11709976196289
2022-08-23,36.31511306762695
2022-08-24,36.66162872314453
2022-08-25,37.404170989990234
2022-08-26,36.295310974121094
2022-08-29,36.235904693603516
2022-08-30,35.51316833496094
2022-08-31,35.07754898071289
2022-09-01,34.701324462890625
2022-09-02,34.671627044677734
2022-09-06,34.3845100402832
2022-09-07,35.00824737548828
2022-09-08,35.49337387084961
2022-09-09,36.04780578613281
2022-09-12,36.6517333984375
2022-09-13,34.8498420715332
2022-09-14,34.96863555908203
2022-09-15,33.948890686035156
2022-09-16,33.27565383911133
2022-09-19,33.87958526611328
2022-09-20,33.938987731933594
2022-09-21,33.097442626953125
2022-09-22,32.46381378173828
2022-09-23,31.51336097717285
2022-09-26,30.731220245361328
2022-09-27,30.79062271118164
2022-09-28,31.53316307067871
2022-09-29,30.632213592529297
2022-09-30,30.622314453125
2022-10-03,31.770780563354492
2022-10-04,33.17665100097656
2022-10-05,32.99843978881836
2022-10-06,32.86973571777344
2022-10-07,32.21629333496094
2022-10-10,32.61231994628906
2022-10-11,32.671714782714844
2022-10-12,31.79058074951172
2022-10-13,32.56281661987305
2022-10-14,31.96878433227539
2022-10-17,32.602413177490234
2022-10-18,33.27565383911133
2022-10-19,33.89938735961914
2022-10-20,33.681575775146484
2022-10-21,35.01814270019531
2022-10-24,35.047847747802734
2022-10-25,35.21615219116211
2022-10-26,34.364707946777344
2022-10-27,34.74093246459961
2022-10-28,35.8101921081543
2022-10-31,35.196353912353516
2022-11-01,36.127010345458984
2022-11-02,34.98844909667969
2022-11-03,34.91905975341797
2022-11-04,35.7219123840332
2022-11-07,36.2868766784668
2022-11-08,36.51485061645508
2022-11-09,36.019264221191406
2022-11-10,37.96196365356445
2022-11-11,37.099639892578125
2022-11-14,36.3265266418457
2022-11-15,36.2274055480957
2022-11-16,36.51485061645508
2022-11-17,36.14812088012695
2022-11-18,36.77254867553711
2022-11-21,36.94105911254883
2022-11-22,37.89258575439453
2022-11-23,37.684444427490234
2022-11-25,37.70425796508789
2022-11-28,36.70316696166992
2022-11-29,36.89149856567383
2022-11-30,37.3375244140625
2022-12-01,38.07099914550781
2022-12-02,38.735076904296875
2022-12-05,38.199851989746094
2022-12-06,37.535762786865234
2022-12-07,37.535762786865234
2022-12-08,37.30779266357422
2022-12-09,37.664608001708984
2022-12-12,38.53684616088867
2022-12-13,38.863929748535156
2022-12-14,38.655792236328125
2022-12-15,37.59523391723633
2022-12-16,37.7934684753418
2022-12-19,37.24832534790039
2022-12-20,37.942142486572266
2022-12-21,38.705345153808594
2022-12-22,38.199851989746094
2022-12-23,38.71526336669922
2022-12-27,39.05226135253906
2022-12-28,38.378257751464844
2022-12-29,39.0423469543457
2022-12-30,39.062171936035156
2023-01-03,38.71526336669922
2023-01-04,39.200927734375
2023-01-05,38.97296905517578
2023-01-06,40.10289764404297
2023-01-09,39.72625732421875
2023-01-10,40.192108154296875
2023-01-11,40.033504486083984
2023-01-12,40.31104278564453
2023-01-13,40.390342712402344
2023-01-17,40.25157928466797
2023-01-18,39.18111038208008
2023-01-19,38.0908203125
2023-01-20,38.35843276977539
2023-01-23,39.081993103027344
2023-01-24,39.062171936035156
2023-01-25,39.260398864746094
2023-01-26,40.45972442626953
2023-01-27,40.04343795776367
2023-01-30,39.83528137207031
2023-01-31,40.330875396728516
2023-02-01,40.23175811767578
2023-02-02,39.874935150146484
2023-02-03,39.508201599121094
2023-02-06,39.60730743408203
2023-02-07,40.499366760253906
2023-02-08,40.479549407958984
2023-02-09,40.132293701171875
2023-02-10,40.201751708984375
2023-02-13,40.75735855102539
2023-02-14,42.682106018066406
2023-02-15,43.06904602050781
2023-02-16,42.6126594543457
2023-02-17,42.682106018066406
2023-02-21,41.75941848754883
2023-02-22,41.66020202636719
2023-02-23,41.69988250732422
2023-02-24,41.630435943603516
2023-02-27,41.98760986328125
2023-02-28,41.84870910644531
2023-03-01,42.463836669921875
2023-03-02,43.0095100402832
2023-03-03,43.406375885009766
2023-03-06,43.416297912597656
2023-03-07,43.0095100402832
2023-03-08,43.38653564453125
2023-03-09,41.72965621948242
2023-03-10,40.51923370361328
2023-03-13,39.7155876159668
2023-03-14,40.45969772338867
2023-03-15,39.070701599121094
2023-03-16,40.132293701171875
2023-03-17,38.90203094482422
2023-03-20,39.169918060302734
2023-03-21,40.231510162353516
2023-03-22,40.19182205200195
2023-03-23,39.87433624267578
2023-03-24,39.93386459350586
2023-03-27,40.43986129760742
2023-03-28,40.797035217285156
2023-03-29,41.48161697387695
2023-03-30,41.61058807373047
2023-03-31,42.03721618652344
2023-04-03,42.63250732421875
2023-04-04,41.78917694091797
2023-04-05,41.779258728027344
2023-04-06,41.22365951538086
2023-04-10,41.78917694091797
2023-04-11,42.3249397277832
2023-04-12,43.06904602050781
2023-04-13,43.178184509277344
2023-04-14,42.20588302612305
2023-04-17,42.53329086303711
2023-04-18,43.01944351196289
2023-04-19,42.940067291259766
2023-04-20,42.86069869995117
2023-04-21,42.59281539916992
2023-04-24,42.93014144897461
2023-04-25,42.65234375
2023-04-26,42.076900482177734
2023-04-27,43.38653564453125
2023-04-28,43.94213104248047
2023-05-01,43.952064514160156
2023-05-02,44.60687255859375
2023-05-03,44.348915100097656
2023-05-04,42.968597412109375
2023-05-05,43.693519592285156
2023-05-08,43.50483322143555
2023-05-09,44.44822311401367
2023-05-10,43.95170593261719
2023-05-11,43.65378952026367
2023-05-12,43.65378952026367
2023-05-15,44.219818115234375
2023-05-16,43.93183898925781
2023-05-17,44.35884475708008
2023-05-18,44.86529541015625
2023-05-19,44.64682388305664
2023-05-22,44.50779724121094
2023-05-23,43.46511459350586
2023-05-24,42.93880844116211
2023-05-25,42.95866775512695
2023-05-26,43.19699478149414
2023-05-30,43.17713165283203
2023-05-31,42.45222473144531
2023-06-01,43.42538833618164
2023-06-02,44.81563949584961
2023-06-05,44.487945556640625
2023-06-06,44.974525451660156
2023-06-07,45.848392486572266
2023-06-08,46.027137756347656
2023-06-09,45.62000274658203
2023-06-12,45.85832595825195
2023-06-13,45.689510345458984
2023-06-14,45.38166427612305
2023-06-15,45.71930694580078
2023-06-16,45.65971374511719
2023-06-20,46.245609283447266
2023-06-21,46.83150100708008
2023-06-22,46.23568344116211
2023-06-23,46.027137756347656
2023-06-26,46.35484313964844
2023-06-27,47.76495361328125
2023-06-28,47.77488327026367
2023-06-29,48.420352935791016
2023-06-30,49.214786529541016
2023-07-03,48.78778076171875
2023-07-05,48.55938720703125
2023-07-06,48.609031677246094
2023-07-07,49.0558967590332
2023-07-10,49.89004898071289
2023-07-11,50.34684371948242
2023-07-12,49.314083099365234
2023-07-13,49.363739013671875
2023-07-14,49.0558967590332
2023-07-17,49.85032653808594
2023-07-18,49.75102615356445
2023-07-19,49.39353561401367
2023-07-20,50.038997650146484
2023-07-21,49.56234359741211
2023-07-24,49.72123718261719
2023-07-25,49.87017822265625
2023-07-26,50.128379821777344
2023-07-27,49.83047103881836
2023-07-28,50.078731536865234
2023-07-31,50.78377151489258
2023-08-01,48.64875793457031
2023-08-02,47.71529769897461
2023-08-03,47.88426208496094
2023-08-04,48.74891662597656
2023-08-07,50.14031982421875
2023-08-08,50.19001770019531
2023-08-09,49.484378814697266
2023-08-10,49.534061431884766
2023-08-11,49.13651657104492
2023-08-14,48.917877197265625
2023-08-15,48.47063446044922
2023-08-16,48.55014419555664
2023-08-17,48.31161880493164
2023-08-18,48.480567932128906
2023-08-21,48.27186584472656
2023-08-22,48.39112091064453
2023-08-23,48.83835983276367
2023-08-24,47.824623107910156
2023-08-25,47.88426208496094
2023-08-28,48.560081481933594
2023-08-29,49.00732421875
2023-08-30,49.41481018066406
2023-08-31,49.16633987426758
2023-09-01,49.38498306274414
2023-09-05,48.013458251953125
2023-09-06,48.13272476196289
2023-09-07,47.90412902832031
2023-09-08,47.357513427734375
2023-09-11,47.54634094238281
2023-09-12,47.427085876464844
2023-09-13,46.791011810302734
2023-09-14,46.80094528198242
2023-09-15,46.393463134765625
2023-09-18,46.80094528198242
2023-09-19,46.83076477050781
2023-09-20,46.254329681396484
2023-09-21,45.787208557128906
2023-09-22,45.51885986328125
2023-09-25,46.01579284667969
2023-09-26,45.52880859375
2023-09-27,45.797149658203125
2023-09-28,46.1946907043457
2023-09-29,45.96610641479492
2023-10-02,45.14119338989258
2023-10-03,45.24058532714844
2023-10-04,45.439361572265625
2023-10-05,45.349910736083984
2023-10-06,45.67789077758789
2023-10-09,46.13505554199219
2023-10-10,46.17481231689453
2023-10-11,46.184757232666016
2023-10-12,45.1710205078125
2023-10-13,44.0976448059082
2023-10-16,44.326229095458984
2023-10-17,44.96229934692383
2023-10-18,44.07776641845703
2023-10-19,43.44169235229492
2023-10-20,43.17335510253906
2023-10-23,43.28267288208008
2023-10-24,43.23298645019531
2023-10-25,42.964637756347656
2023-10-26,43.20317077636719
2023-10-27,42.82550048828125
2023-10-30,43.33237075805664
2023-10-31,43.82929992675781
2023-11-01,44.44549560546875
2023-11-02,47.953826904296875
2023-11-03,47.685482025146484
2023-11-06,48.430877685546875
2023-11-07,47.97370529174805
2023-11-08,48.043270111083984
2023-11-09,48.510868072509766
2023-11-10,49.29682922363281
2023-11-13,50.082801818847656
2023-11-14,51.24681854248047
2023-11-15,51.286617279052734
2023-11-16,51.266719818115234
2023-11-17,51.2070198059082
2023-11-20,51.216976165771484
2023-11-21,51.754215240478516
2023-11-22,52.01288986206055
2023-11-24,52.0029411315918
2023-11-27,52.35115051269531
2023-11-28,51.68457794189453
2023-11-29,51.326416015625
2023-11-30,52.33125305175781
2023-12-01,52.62971878051758
2023-12-04,52.63966369628906
2023-12-05,51.91339874267578
2023-12-06,52.04273223876953
2023-12-07,52.47053909301758
2023-12-08,52.98788070678711
2023-12-11,53.385833740234375
2023-12-12,53.86338424682617
2023-12-13,53.93302917480469
2023-12-14,52.51033401489258
2023-12-15,52.53023147583008
2023-12-18,52.91823959350586
2023-12-19,53.37588882446289
2023-12-20,52.45063781738281
2023-12-21,53.196807861328125
2023-12-22,53.29629898071289
2023-12-26,53.56491470336914
2023-12-27,53.77383804321289
2023-12-28,53.83353805541992
2023-12-29,53.843482971191406
2024-01-02,53.45547866821289
2024-01-03,52.49043655395508
2024-01-04,52.33125305175781
2024-01-05,53.554969787597656
2024-01-08,53.813636779785156
2024-01-09,53.43558120727539
2024-01-10,55.286075592041016
2024-01-11,55.226383209228516
2024-01-12,55.25623321533203
2024-01-16,53.385833740234375
2024-01-17,53.29629898071289
2024-01-18,54.908016204833984
2024-01-19,55.45521545410156
2024-01-22,55.78351593017578
2024-01-23,56.141685485839844
2024-01-24,56.052146911621094
2024-01-25,54.98760986328125
2024-01-26,55.14678955078125
2024-01-29,55.4950065612793
2024-01-30,55.6939811706543
2024-01-31,55.97254943847656
2024-02-01,57.086830139160156
2024-02-02,57.42509460449219
2024-02-05,57.49473190307617
2024-02-06,58.131465911865234
2024-02-07,58.7880973815918
2024-02-08,58.91753387451172
2024-02-09,58.349971771240234
2024-02-12,58.5789909362793
2024-02-13,61.71554946899414
2024-02-14,63.10957717895508
2024-02-15,63.00004196166992
2024-02-16,62.55196762084961
2024-02-20,62.84072494506836
2024-02-21,63.24897384643555
2024-02-22,64.78240966796875
2024-02-23,65.58895874023438
2024-02-26,65.57899475097656
2024-02-27,65.68852233886719
2024-02-28,66.47515106201172
2024-02-29,66.26605224609375
2024-03-01,66.7141342163086
2024-03-04,67.50074768066406
2024-03-05,67.67003631591797
2024-03-06,68.48653411865234
2024-03-07,69.0839614868164
2024-03-08,67.45097351074219
2024-03-11,64.72266387939453
2024-03-12,65.78809356689453
2024-03-13,65.34998321533203
2024-03-14,65.22052001953125
2024-03-15,65.95736694335938
2024-03-18,66.45524597167969
2024-03-19,66.88340759277344
2024-03-20,67.24186706542969
2024-03-21,67.3912353515625
2024-03-22,67.80944061279297
2024-03-25,67.07260131835938
2024-03-26,67.36134338378906
2024-03-27,67.78952026367188
2024-03-28,68.13802337646484
2024-04-01,65.82791900634766
2024-04-02,64.98155975341797
2024-04-03,65.71839904785156
2024-04-04,65.25039672851562
2024-04-05,66.77387237548828
2024-04-08,66.44528198242188
2024-04-09,65.56903839111328
2024-04-10,64.97159576416016
2024-04-11,65.31013488769531
2024-04-12,63.726932525634766
2024-04-15,63.2191047668457
2024-04-16,63.74684143066406
2024-04-17,63.189231872558594
2024-04-18,63.229061126708984
2024-04-19,63.13945007324219
2024-04-22,62.661495208740234
2024-04-23,64.48368835449219
2024-04-24,64.42394256591797
2024-04-25,64.52351379394531
2024-04-26,66.11669158935547
2024-04-29,66.82366180419922
2024-04-30,66.46520233154297
2024-05-01,66.49506378173828
2024-05-02,76.77103424072266
2024-05-03,78.55339050292969
2024-05-06,79.83789825439453
2024-05-07,79.48938751220703
2024-05-08,81.07259368896484
2024-05-09,81.73019409179688
2024-05-10,80.57443237304688
2024-05-13,79.92680358886719
2024-05-14,80.58438873291016
2024-05-15,82.44756317138672
2024-05-16,82.22836303710938
2024-05-17,82.62689971923828
2024-05-20,83.75276947021484
2024-05-21,84.48011016845703
2024-05-22,83.15496826171875
2024-05-23,82.11875915527344
2024-05-24,84.41035461425781
2024-05-28,84.96831512451172
2024-05-29,83.76273345947266
2024-05-30,83.92215728759766
2024-05-31,84.34061431884766
2024-06-03,84.32068634033203
2024-06-04,81.98924255371094
2024-06-05,84.32068634033203
2024-06-06,82.96565246582031
2024-06-07,83.47379302978516
2024-06-10,83.34426879882812
2024-06-11,82.8759994506836
2024-06-12,83.12506866455078
2024-06-13,82.49738311767578
2024-06-14,78.6514892578125
2024-06-17,79.70760345458984
2024-06-18,79.90687561035156
2024-06-20,79.21940612792969
2024-06-21,79.84709930419922
2024-06-24,78.34261322021484
2024-06-25,77.91419219970703
2024-06-26,78.71126556396484
2024-06-27,79.30907440185547
2024-06-28,77.34626770019531
2024-07-01,77.0174789428711
2024-07-02,77.78466033935547
2024-07-03,79.0400619506836
2024-07-05,78.51200103759766
2024-07-08,80.17589569091797
2024-07-09,79.94673156738281
2024-07-10,79.88695526123047
2024-07-11,79.36885833740234
2024-07-12,78.9404296875
2024-07-15,78.61164093017578
2024-07-16,81.08256530761719
2024-07-17,77.57543182373047
2024-07-18,78.49207305908203
2024-07-19,77.74481964111328
2024-07-22,79.95670318603516
2024-07-23,82.10880279541016
2024-07-24,79.29911041259766
2024-07-25,82.03905487060547
2024-07-26,82.37782287597656
2024-07-29,82.54719543457031
2024-07-30,93.46713256835938
2024-07-31,95.35022735595703
2024-08-01,94.52326965332031
2024-08-02,89.83048248291016
2024-08-05,86.43292999267578
2024-08-06,88.75442504882812
2024-08-07,87.59866333007812
2024-08-08,91.62389373779297
2024-08-09,92.83052062988281
2024-08-12,92.57124328613281
2024-08-13,93.65821075439453
2024-08-14,93.61832427978516
2024-08-15,95.31359100341797
2024-08-16,95.55291748046875
2024-08-19,96.10137939453125
2024-08-20,95.36344146728516
2024-08-21,95.99168395996094
2024-08-22,96.2808837890625
2024-08-23,96.80940246582031
2024-08-26,96.37063598632812
2024-08-27,96.67975616455078
2024-08-28,96.25096130371094
2024-08-29,96.68972778320312
2024-08-30,96.39057922363281
2024-09-03,92.7607192993164
2024-09-04,94.0870132446289
2024-09-05,93.94740295410156
2024-09-06,91.18513488769531
2024-09-09,93.4288558959961
2024-09-10,92.89036560058594
2024-09-11,93.8277359008789
2024-09-12,93.96734619140625
2024-09-13,95.0144271850586
2024-09-16,94.87480926513672
2024-09-17,94.32633972167969
2024-09-18,94.41609954833984
2024-09-19,97.1584243774414
2024-09-20,97.17835998535156
2024-09-23,98.35507202148438
2024-09-24,99.04315185546875
2024-09-25,99.44204711914062
2024-09-26,99.0232162475586
2024-09-27,98.93346405029297
2024-09-30,99.97056579589844
2024-10-01,100.6386947631836
2024-10-02,101.00765991210938
2024-10-03,100.46916961669922
2024-10-04,101.74559783935547
2024-10-07,102.54337310791016
2024-10-08,102.70292663574219
2024-10-09,103.41094970703125
2024-10-10,101.8154067993164
2024-10-11,103.53062438964844
2024-10-14,102.36387634277344
2024-10-15,103.62036895751953
2024-10-16,105.0164566040039
2024-10-17,105.91395568847656
2024-10-18,105.2458267211914
2024-10-21,106.02364349365234
2024-10-22,102.36387634277344
2024-10-23,102.54337310791016
2024-10-24,100.33953094482422
2024-10-25,101.10739135742188
2024-10-28,102.0946273803711
2024-10-29,99.81100463867188
2024-10-30,100.85808563232422
2024-10-31,99.44204711914062
2024-11-01,99.75117492675781
2024-11-04,99.56171417236328
2024-11-05,101.875244140625
2024-11-06,114.53984832763672
2024-11-07,110.90998840332031
2024-11-08,113.41480255126953
2024-11-11,114.44266510009766
2024-11-12,113.34494018554688
2024-11-13,115.53040313720703
2024-11-14,112.98568725585938
2024-11-15,111.7781982421875
2024-11-18,112.93578338623047
2024-11-19,115.75993347167969
2024-11-20,117.85558319091797
2024-11-21,116.7379150390625
2024-11-22,118.19488525390625
2024-11-25,115.60025787353516
2024-11-26,116.93749237060547
2024-11-27,116.45848083496094
2024-11-29,118.13500213623047
2024-12-02,117.44644165039062
2024-12-03,118.86349487304688
2024-12-04,119.84146881103516
2024-12-05,119.82151794433594
2024-12-06,118.06515502929688
2024-12-09,113.51458740234375
2024-12-10,113.84391021728516
2024-12-11,115.83976745605469
2024-12-12,113.46469116210938
2024-12-13,113.19525146484375
2024-12-16,113.04556274414062
2024-12-17,111.6983642578125
2024-12-18,107.46713256835938
2024-12-19,109.12369537353516
2024-12-20,110.60063934326172
2024-12-23,110.31123352050781
2024-12-24,111.8081283569336
2024-12-26,112.297119140625
2024-12-27,110.99980926513672
2024-12-30,110.05177307128906
2024-12-31,109.1436538696289
2025-01-02,110.56071472167969
2025-01-03,112.52664947509766
2025-01-06,112.23724365234375
2025-01-07,111.42891693115234
2025-01-08,114.81190490722656
2025-01-10,112.40689086914062
2025-01-13,114.51251983642578
2025-01-14,118.9433364868164
2025-01-15,121.6078109741211
2025-01-16,122.72549438476562
2025-01-17,125.04068756103516
2025-01-21,126.89683532714844
2025-01-22,126.44776916503906
2025-01-23,127.47563171386719
2025-01-24,126.7671127319336
2025-01-27,121.82736206054688
2025-01-28,126.14839172363281
2025-01-29,126.09849548339844
2025-01-30,127.10640716552734
2025-01-31,126.31803131103516
2025-02-03,126.11845397949219
2025-02-04,125.22032165527344
2025-02-05,127.53551483154297
2025-02-06,128.7330322265625
2025-02-07,127.53458404541016
2025-02-10,128.033935546875
2025-02-11,129.15249633789062
2025-02-12,127.924072265625
2025-02-13,127.91409301757812
2025-02-14,133.24716186523438
2025-02-18,136.4929656982422
2025-02-19,139.20944213867188
2025-02-20,138.26068115234375
2025-02-21,129.66183471679688
2025-02-24,129.39218139648438
2025-02-25,130.06130981445312
2025-02-26,131.8090362548828
2025-02-27,133.24716186523438
2025-02-28,136.42306518554688
2025-03-03,130.85028076171875
2025-03-04,126.85546875
2025-03-05,130.13121032714844
2025-03-06,124.32874298095703
2025-03-07,124.2388687133789
2025-03-10,122.15157318115234
2025-03-11,125.33743286132812
2025-03-12,127.76428985595703
2025-03-13,122.61096954345703
2025-03-14,126.34613037109375
2025-03-17,129.10255432128906
2025-03-18,128.08387756347656
2025-03-19,131.8090362548828
2025-03-20,131.4994354248047
2025-03-21,130.68051147460938
2025-03-24,135.9237060546875
2025-03-25,137.54161071777344
2025-03-26,133.96624755859375
2025-03-27,132.25845336914062
2025-03-28,129.5220184326172
2025-03-31,129.56195068359375
2025-04-01,131.6092987060547
2025-04-02,133.7265625
2025-04-03,124.83808898925781
2025-04-04,112.18449401855469
2025-04-07,115.6300277709961
2025-04-08,114.47152709960938
2025-04-09,127.924072265625
2025-04-10,124.02913665771484
2025-04-11,125.50721740722656
2025-04-14,127.2948989868164
2025-04-15,124.30877685546875
2025-04-16,123.76947021484375
2025-04-17,123.07038116455078
2025-04-21,119.31524658203125
2025-04-22,124.13899230957031
2025-04-23,129.531982421875
2025-04-24,133.3170928955078
2025-04-25,135.58413696289062
2025-04-28,136.17340087890625
2025-04-29,137.3218994140625
2025-04-30,138.40049743652344
2025-05-01,147.8382568359375
2025-05-02,153.8704376220703
2025-05-05,154.14007568359375
2025-05-06,155.5981903076172
2025-05-07,156.91647338867188
2025-05-08,157.29598999023438
2025-05-09,157.3059844970703
2025-05-12,156.8562774658203
2025-05-13,158.1953887939453
2025-05-14,159.35462951660156
2025-05-15,161.18341064453125
2025-05-16,162.69241333007812
2025-05-19,166.13014221191406
2025-05-20,164.99090576171875
2025-05-21,162.65243530273438
2025-05-22,162.9022674560547
2025-05-23,164.98089599609375
2025-05-27,169.57786560058594
2025-05-28,170.20745849609375
2025-05-29,169.97760009765625
2025-05-30,169.77772521972656
2025-06-02,172.53590393066406
2025-06-03,172.49594116210938
2025-06-04,173.82505798339844
2025-06-05,174.89434814453125
2025-06-06,175.2541046142578
2025-06-09,172.75575256347656
2025-06-10,168.50856018066406
2025-06-11,170.62716674804688
2025-06-12,171.4066619873047
2025-06-13,171.0868682861328
2025-06-16,171.48660278320312
2025-06-17,172.00625610351562
2025-06-18,170.1175079345703
2025-06-20,173.22544860839844
2025-06-23,175.51394653320312
2025-06-24,176.4533233642578
2025-06-25,175.96363830566406
2025-06-26,176.73313903808594
2025-06-27,184.77780151367188
2025-06-30,186.0070037841797
2025-07-01,176.10354614257812
2025-07-02,175.83372497558594
2025-07-03,180.9403533935547
2025-07-07,180.13088989257812
2025-07-08,179.34141540527344
2025-07-09,181.30010986328125
2025-07-10,178.41201782226562
2025-07-11,179.56124877929688
2025-07-14,184.1981964111328
2025-07-15,184.55795288085938
2025-07-16,184.17820739746094
2025-07-17,188.70521545410156
2025-07-18,190.36412048339844
2025-07-21,187.70587158203125
2025-07-22,183.21884155273438
2025-07-23,186.2768096923828
2025-07-24,186.6765594482422
2025-07-25,189.39476013183594
2025-07-28,188.045654296875
2025-07-29,189.04498291015625
2025-07-30,192.01303100585938
2025-07-31,179.6511993408203
2025-08-01,184.1382293701172
2025-08-04,181.040283203125
2025-08-05,179.20150756835938
2025-08-06,181.93968200683594
2025-08-07,181.4600067138672
2025-08-08,180.75
2025-08-11,179.8800048828125
2025-08-12,180.89999389648438
2025-08-13,176.8000030517578
2025-08-14,175.99000549316406
2025-08-15,171.25
2025-08-18,173.0500030517578
2025-08-19,171.89999389648438
2025-08-20,171.94000244140625
2025-08-21,173.25
2025-08-22,171.0
2025-08-25,171.24000549316406
2025-08-26,175.9199981689453
2025-08-27,175.64999389648438
2025-08-28,176.16000366210938
2025-08-29,174.10000610351562
2025-09-02,173.22000122070312
2025-09-03,174.49000549316406
2025-09-04,179.52999877929688
2025-09-05,178.1999969482422
2025-09-08,179.42999267578125
2025-09-09,178.97999572753906
2025-09-10,183.8000030517578
2025-09-11,184.2100067138672
2025-09-12,185.77000427246094
2025-09-15,189.25
2025-09-16,187.4600067138672
2025-09-17,185.38999938964844
2025-09-18,191.83999633789062
2025-09-19,190.22999572753906
2025-09-22,192.14999389648438
2025-09-23,193.5800018310547
2025-09-24,190.22000122070312
2025-09-25,189.85000610351562
2025-09-26,193.14999389648438
2025-09-29,191.9199981689453
2025-09-30,196.22999572753906
2025-10-01,194.85000610351562
2025-10-02,191.0800018310547
2025-10-03,189.25
2025-10-06,190.47999572753906
2025-10-07,191.4600067138672
2025-10-08,191.64999389648438
2025-10-09,188.8300018310547
2025-10-10,184.08999633789062
2025-10-13,189.99000549316406
2025-10-14,193.02999877929688
