especie;fecha;apertura;maximo;minimo;cierre;volumen;timestamp
TO26;4/10/2019;71;71;71;71;845;1570158000
TO26;11/10/2019;42.75;42.75;42.75;42.75;2034000;1570762800
TO26;1/11/2019;34.3;34.3;34.3;34.3;15054;1572577200
TO26;27/11/2019;26.25;26.25;26.25;26.25;43524000;1574823600
TO26;3/12/2019;26;26;25.5;25.5;47039;1575342000
TO26;5/12/2019;26;26;25.25;25.25;1564800;1575514800
TO26;12/12/2019;26;26;26;26;5692;1576119600
TO26;23/12/2019;31;31;31;31;32500;1577070000
TO26;30/12/2019;32.55;32.55;32.5;32.5;76442;1577674800
TO26;8/1/2020;33;33;33;33;2000;1578452400
TO26;9/1/2020;40;45;40;45;30054;1578538800
TO26;10/1/2020;45.9;46;45.05;45.4;200142608;1578625200
TO26;13/1/2020;46;46;44.75;45;125762320;1578884400
TO26;14/1/2020;44.5;48.5;43.5;48.5;160309;1578970800
TO26;15/1/2020;49.45;49.45;49.45;49.45;61416;1579057200
TO26;16/1/2020;49.45;49.45;49.45;49.45;10600;1579143600
TO26;17/1/2020;49;49;49;49;2523;1579230000
TO26;20/1/2020;48.9;48.9;48.9;48.9;5000;1579489200
TO26;21/1/2020;45;45;44.75;44.75;2402939;1579575600
TO26;22/1/2020;43.86;44.5;43.86;44.5;140008;1579662000
TO26;23/1/2020;42.3;42.6;42;42.6;328419616;1579748400
TO26;24/1/2020;43;43;43;43;47787;1579834800
TO26;30/1/2020;42;43;42;43;32000;1580353200
TO26;31/1/2020;41;41;38.5;39.45;702355;1580439600
TO26;4/2/2020;39.9;39.95;39.75;39.95;35000;1580785200
TO26;5/2/2020;40;40;38.5;39.25;145000;1580871600
TO26;7/2/2020;40.5;40.5;40.49;40.5;18250618;1581044400
TO26;11/2/2020;41;41;41;41;4000;1581390000
TO26;14/2/2020;40;40;40;40;6000;1581649200
TO26;17/2/2020;40;40;39.8;40;124026;1581908400
TO26;18/2/2020;40;40;40;40;5258;1581994800
TO26;21/2/2020;44;45;43.1;45;3366706;1582254000
TO26;26/2/2020;45;45.9;45;45.5;26348;1582686000
TO26;28/2/2020;47;47;47;47;30508;1582858800
TO26;2/3/2020;47.5;48;47.48;48;658136;1583118000
TO26;3/3/2020;48.1;49.25;48.1;49;136106;1583204400
TO26;4/3/2020;49;49.9;49;49.9;3097280;1583290800
TO26;5/3/2020;50;50;50;50;2000;1583377200
TO26;6/3/2020;50;50.5;50;50.25;109392;1583463600
TO26;9/3/2020;50.1;51;48;50;952035;1583722800
TO26;10/3/2020;50;50;50;50;1958670;1583809200
TO26;11/3/2020;49;49.5;48;48;215498;1583895600
TO26;12/3/2020;47.05;47.05;45;45;121253;1583982000
TO26;16/3/2020;44.9;44.9;44.9;44.9;10000;1584327600
TO26;20/3/2020;42.7;42.7;42.7;42.7;250;1584673200
TO26;25/3/2020;42.6;42.6;40.5;40.5;14694;1585105200
TO26;26/3/2020;40;41;40;40;70001;1585191600
TO26;27/3/2020;40;41;40;40;16984;1585278000
TO26;3/4/2020;41;42;40.7;41;112482000;1585882800
TO26;6/4/2020;42;43;41.5;42;1736002;1586142000
TO26;7/4/2020;42.7;43.5;42.2;42.3;104111184;1586228400
TO26;8/4/2020;43.5;43.5;43;43.5;2863990;1586314800
TO26;13/4/2020;43.6;45;43.6;44.2;2463053;1586746800
TO26;14/4/2020;43.9;44;42.5;43.75;139419072;1586833200
TO26;16/4/2020;42.59;42.59;40;40;64214164;1587006000
TO26;17/4/2020;41;42.5;40;42.5;4831716;1587092400
TO26;20/4/2020;42.45;44;42.45;43.4;653471;1587351600
TO26;21/4/2020;43.5;43.5;41.5;42;855820;1587438000
TO26;22/4/2020;42;42;41;41.5;624751;1587524400
TO26;23/4/2020;42.5;42.5;42.4;42.4;25050;1587610800
TO26;24/4/2020;42.4;42.4;41.1;41.5;194393;1587697200
TO26;27/4/2020;42;44.9;42;44.9;7202694;1587956400
TO26;28/4/2020;45.5;47.5;45.5;47;645398;1588042800
TO26;29/4/2020;47.5;52.5;47.5;52.4;5438351;1588129200
TO26;30/4/2020;55;58.5;53;53;8621007;1588215600
TO26;4/5/2020;53.1;53.25;49.5;52;411903;1588561200
TO26;5/5/2020;52.15;53;51.1;52.3;3210599;1588647600
TO26;6/5/2020;53;53;50;50;301712;1588734000
TO26;7/5/2020;50;50.5;48;48.9;283221;1588820400
TO26;8/5/2020;48.9;51.95;48.05;51.9;1336162;1588906800
TO26;11/5/2020;52;52;49.9;50;972929;1589166000
TO26;12/5/2020;50;51.5;49.5;49.75;560909;1589252400
TO26;13/5/2020;49.5;49.5;49;49.1;439583;1589338800
TO26;14/5/2020;49;49.5;47.7;47.7;1441533;1589425200
TO26;15/5/2020;47.7;48;46;46;686772;1589511600
TO26;18/5/2020;46;46.95;45.6;45.6;381635;1589770800
TO26;19/5/2020;45.65;46.25;44.5;44.5;515887;1589857200
TO26;20/5/2020;44.7;45;42.3;43.25;2607185;1589943600
TO26;21/5/2020;43;44.9;41.85;44;378975;1590030000
TO26;22/5/2020;44.5;44.5;42;42.75;10629925;1590116400
TO26;26/5/2020;43;43;42;42.5;368778;1590462000
TO26;27/5/2020;43.5;43.5;42;42.9;5996528;1590548400
TO26;28/5/2020;44;44;43.5;43.6;225744;1590634800
TO26;29/5/2020;44;44;43;43.89;885716;1590721200
TO26;1/6/2020;44;44;42.2;43;400293888;1590980400
TO26;2/6/2020;42.28;42.6;42;42.49;474288;1591066800
TO26;3/6/2020;42.3;42.8;42;42.7;1130945;1591153200
TO26;4/6/2020;42.7;43.5;42.7;43.45;151710;1591239600
TO26;5/6/2020;44;44;42;42.75;374748;1591326000
TO26;8/6/2020;43;43;41.52;42;625039;1591585200
TO26;9/6/2020;42;42;40.6;41.6;1985132;1591671600
TO26;10/6/2020;41.6;41.6;40.1;41;216370;1591758000
TO26;11/6/2020;41;41.8;40;41.5;923882;1591844400
TO26;12/6/2020;40.5;41;40.35;40.5;563966;1591930800
TO26;16/6/2020;41;41;39.6;39.9;14162506;1592276400
TO26;17/6/2020;39.85;41;39.8;40.25;75256576;1592362800
TO26;18/6/2020;40.1;41;39.15;40.5;18465228;1592449200
TO26;19/6/2020;40.51;43.9;40;41.5;167991328;1592535600
TO26;22/6/2020;42.01;44.1;41.5;42.2;166891312;1592794800
TO26;23/6/2020;43.4;43.99;41.2;42.1;79090880;1592881200
TO26;24/6/2020;42.6;42.6;40.31;41.3;50634436;1592967600
TO26;25/6/2020;42.09;42.09;41;41;45122444;1593054000
TO26;26/6/2020;41.8;41.8;40.35;40.7;24907988;1593140400
TO26;29/6/2020;42;42.85;40.51;41.7;81809784;1593399600
TO26;30/6/2020;42;42.8;41.7;41.7;46243808;1593486000
TO26;1/7/2020;41;42.2;41;42.18;46948384;1593572400
TO26;2/7/2020;42.18;42.3;41.6;42.1;13403376;1593658800
TO26;3/7/2020;42.25;42.6;41.7;41.9;37126220;1593745200
TO26;6/7/2020;42.5;43.26;41.75;41.95;41998616;1594004400
TO26;7/7/2020;42;42;41.4;41.5;59593908;1594090800
TO26;8/7/2020;41.51;42;41.51;41.7;11379034;1594177200
TO26;13/7/2020;41.5;42.98;41.5;41.7;18496912;1594609200
TO26;14/7/2020;42.77;42.77;41.3;41.65;3705545;1594695600
TO26;15/7/2020;41.25;41.5;40.81;41;13906527;1594782000
TO26;16/7/2020;41.89;41.89;40.07;40.25;58205840;1594868400
TO26;17/7/2020;40.25;41.4;40.25;40.85;430241408;1594954800
TO26;20/7/2020;41;42;40.7;41;31976568;1595214000
TO26;21/7/2020;41;41.5;40.7;41.25;35426092;1595300400
TO26;22/7/2020;41.84;41.84;40.85;41.2;41045092;1595386800
TO26;23/7/2020;41.8;41.8;41.14;41.5;150941088;1595473200
TO26;24/7/2020;41.5;42.5;41.35;41.84;35915736;1595559600
TO26;27/7/2020;42.65;42.65;41.4;41.86;88419376;1595818800
TO26;28/7/2020;42.4;42.4;41.51;41.95;22646112;1595905200
TO26;29/7/2020;42.1;43.5;41.7;42.8;58053604;1595991600
TO26;30/7/2020;43.4;46;42.6;43.8;100596464;1596078000
TO26;31/7/2020;43.5;44.9;43.1;43.84;67636784;1596164400
TO26;3/8/2020;43.84;44.8;43.2;44.8;83169408;1596423600
TO26;4/8/2020;45.5;46.9;44.7;44.9;83223576;1596510000
TO26;5/8/2020;45.89;45.89;44.6;44.9;65704112;1596596400
TO26;6/8/2020;45;45.5;44.66;44.66;315350528;1596682800
TO26;7/8/2020;45.26;45.26;43.4;43.5;80708616;1596769200
TO26;10/8/2020;43.55;44.3;43.5;43.7;37728332;1597028400
TO26;11/8/2020;43.7;44.49;43.7;44.09;51225404;1597114800
TO26;12/8/2020;44.98;44.98;43;43.5;44721048;1597201200
TO26;13/8/2020;43.5;43.75;43.2;43.5;25619152;1597287600
TO26;14/8/2020;43.5;44;43.16;43.2;28975448;1597374000
TO26;18/8/2020;43.5;43.79;42;42.1;21243498;1597719600
TO26;19/8/2020;42.5;43.35;42.2;43;35129764;1597806000
TO26;20/8/2020;43.82;43.82;43;43.4;18718754;1597892400
TO26;21/8/2020;43.75;43.75;43.22;43.4;15535025;1597978800
TO26;24/8/2020;43.4;44;43.05;43.2;34103768;1598238000
TO26;25/8/2020;43.9;43.9;42.75;43.15;43886816;1598324400
TO26;26/8/2020;43;43.65;42.77;42.9;16394305;1598410800
TO26;27/8/2020;43;43.1;42.1;42.2;17255358;1598497200
TO26;28/8/2020;42;43.25;42;43.1;7226296;1598583600
TO26;31/8/2020;43.49;43.49;42.9;43.4;20922532;1598842800
TO26;1/9/2020;43.9;44;43.35;44;36238212;1598929200
TO26;2/9/2020;44.2;44.9;44;44.35;37431892;1599015600
TO26;3/9/2020;45;45;44;44.24;30662488;1599102000
TO26;4/9/2020;44.3;45.9;43.51;44.3;6535393;1599188400
TO26;7/9/2020;44.99;44.99;44.06;44.5;9869689;1599447600
TO26;8/9/2020;44.75;44.98;44.45;44.6;7358658;1599534000
TO26;9/9/2020;44.9;44.97;44.44;44.7;17547260;1599620400
TO26;10/9/2020;44.99;45.65;44.7;45.63;17868036;1599706800
TO26;11/9/2020;45.98;47.57;45.97;46.95;106950928;1599793200
TO26;14/9/2020;47.5;47.5;46.8;47.3;13523574;1600052400
TO26;15/9/2020;47.7;49.29;47.01;48.75;104104232;1600138800
TO26;16/9/2020;47.9;48.74;46.01;48.25;40792868;1600225200
TO26;17/9/2020;48;48.89;47.5;48.4;20015596;1600311600
TO26;18/9/2020;49.59;50.19;48.36;50.1;96405392;1600398000
TO26;21/9/2020;50.1;52.4;49.8;51.6;208836240;1600657200
TO26;22/9/2020;51.95;52.95;51;52.1;117607712;1600743600
TO26;23/9/2020;52.3;52.3;50.21;50.25;20174254;1600830000
TO26;24/9/2020;50.22;50.89;48.5;49.88;76159024;1600916400
TO26;25/9/2020;50;50.4;49;49.74;24002774;1601002800
TO26;28/9/2020;49;50.5;49;50.11;37245608;1601262000
TO26;29/9/2020;48.75;50.95;48.75;50;63995560;1601348400
TO26;30/9/2020;48.61;50.38;48.61;49.75;64011960;1601434800
TO26;1/10/2020;49;50;49;49.9;77191328;1601521200
TO26;2/10/2020;50;50.9;49.4;49.55;13809177;1601607600
TO26;5/10/2020;49.5;50;48.64;49.35;12894368;1601866800
TO26;6/10/2020;50;50.5;48.52;50.47;104834328;1601953200
TO26;7/10/2020;51;51.9;50.5;50.98;15971503;1602039600
TO26;8/10/2020;51.4;51.8;50.95;51;10914377;1602126000
TO26;9/10/2020;51;51.78;49.49;49.8;12410634;1602212400
TO26;13/10/2020;50;50;48;48.4;24008016;1602558000
TO26;14/10/2020;48;49;47.11;48.6;36239664;1602644400
TO26;15/10/2020;41.2;41.2;38.7;39;17924320;1602730800
TO26;16/10/2020;39;39.8;37.5;39.5;29955640;1602817200
TO26;19/10/2020;39;40.4;39;39.8;9116994;1603076400
TO26;20/10/2020;40;40.2;38.3;39.8;16313633;1603162800
TO26;21/10/2020;39.5;39.5;38.02;38.5;17246770;1603249200
TO26;22/10/2020;38.35;38.46;37.5;38;52468720;1603335600
TO26;23/10/2020;38.1;38.1;37.01;37.5;7224133;1603422000
TO26;26/10/2020;37.01;37.5;36.3;36.6;6500591;1603681200
TO26;27/10/2020;36.6;37.5;36.25;36.9;5072976;1603767600
TO26;28/10/2020;36.39;36.39;35.75;36;3563947;1603854000
TO26;29/10/2020;36;36.75;36;36.75;3647332;1603940400
TO26;30/10/2020;36.75;36.89;36.3;36.3;4973043;1604026800
TO26;2/11/2020;36.3;37.3;36.3;37;5474011;1604286000
TO26;3/11/2020;38;38;36.61;36.95;1341876;1604372400
TO26;4/11/2020;36.95;36.95;36.3;36.45;2500328;1604458800
TO26;5/11/2020;36.6;36.6;36.01;36.15;4935547;1604545200
TO26;6/11/2020;36.02;36.5;36;36.05;686724;1604631600
TO26;9/11/2020;36;36.43;34.8;35.5;5659726;1604890800
TO26;10/11/2020;36;36;35.15;35.83;5217088;1604977200
TO26;11/11/2020;35.5;35.5;35.3;35.5;2107266;1605063600
TO26;12/11/2020;35.8;35.8;34.67;35.1;8423622;1605150000
TO26;13/11/2020;35.74;35.74;32.5;34.49;13502024;1605236400
TO26;16/11/2020;34.9;34.9;33.8;34.3;4598296;1605495600
TO26;17/11/2020;34.4;34.5;34;34.1;5534934;1605582000
TO26;18/11/2020;35;35;34;34.9;28255958;1605668400
TO26;19/11/2020;35.33;35.4;34.7;34.99;24101562;1605754800
TO26;20/11/2020;35.4;36;35;35.05;14914984;1605841200
TO26;24/11/2020;36;37;35.1;35.25;7909524;1606186800
TO26;25/11/2020;35.3;35.98;34.61;35.15;7219301;1606273200
TO26;26/11/2020;35.99;35.99;35.3;35.9;582811;1606359600
TO26;27/11/2020;35.3;36.1;35;35.85;2513891;1606446000
TO26;30/11/2020;36;36.28;35.27;36.25;6366224;1606705200
TO26;1/12/2020;36.4;36.5;35.58;35.8;420769;1606791600
TO26;2/12/2020;36;36.3;36;36.28;50803308;1606878000
TO26;3/12/2020;35.26;36.18;35.26;35.89;1490970;1606964400
TO26;4/12/2020;35.99;35.99;35.55;35.85;717364;1607050800
TO26;9/12/2020;34.78;35.88;34.78;35.45;1308022;1607482800
TO26;10/12/2020;35.98;35.98;35.25;35.4;1373651;1607569200
TO26;11/12/2020;34.17;36.5;34.17;35.63;4321101;1607655600
TO26;14/12/2020;36.25;36.25;35.3;35.36;738234;1607914800
TO26;15/12/2020;35.02;36.05;35.02;36;3972347;1608001200
TO26;16/12/2020;37.3;37.3;36;36.5;1741871;1608087600
TO26;17/12/2020;36.01;36.7;36;36.5;5199940;1608174000
TO26;18/12/2020;36.98;36.98;36;36.2;1371865;1608260400
TO26;21/12/2020;36.5;36.8;36.2;36.3;1323070;1608519600
TO26;22/12/2020;36.5;36.99;36.05;36.35;2778840;1608606000
TO26;23/12/2020;36.69;37;36.69;36.75;1661478;1608692400
TO26;28/12/2020;37.1;37.1;36.2;36.75;11622474;1609124400
TO26;29/12/2020;37;37;36.15;36.79;698612;1609210800
TO26;30/12/2020;37.14;37.14;36.5;37;5746881;1609297200
TO26;4/1/2021;37.51;37.51;36.51;37.48;2535475;1609729200
TO26;5/1/2021;37.45;39;37;39;13510818;1609815600
TO26;6/1/2021;40;40;38.7;39.05;4023068;1609902000
TO26;7/1/2021;39.15;39.15;38.5;38.71;11234139;1609988400
TO26;8/1/2021;38.5;39.9;38.5;38.5;22577656;1610074800
TO26;11/1/2021;38.99;38.99;38.25;38.25;2599048;1610334000
TO26;12/1/2021;38.25;38.5;38;38.15;17003372;1610420400
TO26;13/1/2021;38;38.4;37.55;38.05;28765164;1610506800
TO26;14/1/2021;38.7;38.89;38;38.4;43426048;1610593200
TO26;15/1/2021;38.5;38.5;38;38.25;8693642;1610679600
TO26;18/1/2021;38.39;39.5;38.2;38.4;11006819;1610938800
TO26;19/1/2021;39.39;39.39;38.21;38.75;10723766;1611025200
TO26;20/1/2021;39;39;38.5;38.9;182824784;1611111600
TO26;21/1/2021;39.45;39.45;38.7;38.8;78361528;1611198000
TO26;22/1/2021;39.45;39.5;38.61;39.29;21742632;1611284400
TO26;25/1/2021;39.3;39.5;39.1;39.4;156756512;1611543600
TO26;26/1/2021;39.39;39.95;39.2;39.9;46479616;1611630000
TO26;27/1/2021;40.38;40.99;40;40;18752806;1611716400
TO26;28/1/2021;40.89;40.89;40;40.1;24966060;1611802800
TO26;29/1/2021;40.5;40.7;39.9;40;21870200;1611889200
TO26;1/2/2021;40.5;40.5;39.9;39.9;98229488;1612148400
TO26;2/2/2021;40.01;40.5;40;40.2;18243252;1612234800
TO26;3/2/2021;40.5;40.9;40.3;40.75;138683632;1612321200
TO26;4/2/2021;41;41.99;40.63;40.63;13759160;1612407600
TO26;5/2/2021;40.6;41.49;40.14;40.85;113347832;1612494000
TO26;8/2/2021;40.51;41.59;40.51;40.85;5301428;1612753200
TO26;9/2/2021;40.77;41.9;40.77;41.9;62319200;1612839600
TO26;10/2/2021;42.25;42.35;41.1;42;17434236;1612926000
TO26;11/2/2021;42;44.5;42;44.37;29105508;1613012400
TO26;12/2/2021;45.5;46.49;44;45.55;49313580;1613098800
TO26;17/2/2021;45.85;46.84;45.85;46.7;23329976;1613530800
TO26;18/2/2021;46.3;47.75;46.3;47.6;51026632;1613617200
TO26;19/2/2021;47.73;48;47.25;47.65;13327709;1613703600
TO26;22/2/2021;48;48;46.5;47.65;92912216;1613962800
TO26;23/2/2021;47.8;48.25;46.61;48.24;24590624;1614049200
TO26;24/2/2021;49.99;49.99;47.5;48.7;848873408;1614135600
TO26;25/2/2021;49.2;49.5;48.7;48.97;49838268;1614222000
TO26;26/2/2021;49.85;49.85;48.6;48.71;35079424;1614308400
TO26;1/3/2021;49.4;49.5;48.42;48.6;27654340;1614567600
TO26;2/3/2021;48;48.5;47.91;47.91;2500;1614654000
TO26;3/3/2021;47.5;48.5;47.5;47.7;2149;1614740400
TO26;4/3/2021;49;49;47.6;48;6900;1614826800
TO26;5/3/2021;47.92;48.6;47.7;47.85;8286;1614913200
TO26;8/3/2021;48.45;48.8;47.51;47.85;1140;1615172400
TO26;9/3/2021;48.5;48.5;47.9;48;49960;1615258800
TO26;10/3/2021;48.8;48.8;47.25;48.8;400;1615345200
TO26;11/3/2021;48;49;45.5;47.33;19200;1615431600
TO26;12/3/2021;47.33;48;46.53;47.8;2204468;1615518000
TO26;15/3/2021;47.86;47.86;46.93;47.25;27537856;1615777200
TO26;16/3/2021;47.01;47.25;46.5;47;37694912;1615863600
TO26;17/3/2021;47.7;47.7;46.75;47.15;95464072;1615950000
TO26;18/3/2021;48;48;47;47.4;12901384;1616036400
TO26;19/3/2021;47.4;48.2;46.95;47.95;33152208;1616122800
TO26;22/3/2021;48;48.3;47.45;47.45;58853060;1616382000
TO26;23/3/2021;47.45;48.1;46.9;47.45;18438884;1616468400
TO26;25/3/2021;46.64;47.73;46.6;47;242500;1616641200
TO26;26/3/2021;46.85;47;46.8;47;8511137;1616727600
TO26;29/3/2021;47;47;46.2;46.2;6538051;1616986800
TO26;30/3/2021;46.5;47.2;46.1;47;7958284;1617073200
TO26;31/3/2021;48;48;47;47.99;45563740;1617159600
TO26;5/4/2021;47.5;47.9;47.45;47.7;14097360;1617591600
TO26;6/4/2021;46.3;47.9;46.3;46.85;7747201;1617678000
TO26;7/4/2021;46.85;47.9;46.85;46.91;109501688;1617764400
TO26;8/4/2021;47.5;47.5;46.94;47;6663987;1617850800
TO26;9/4/2021;47;47.49;46.6;47.45;133360968;1617937200
TO26;12/4/2021;47.5;47.9;47.25;47.25;19108882;1618196400
TO26;13/4/2021;47.75;48.5;47.31;47.45;9625228;1618282800
TO26;14/4/2021;48;48;47.2;47.2;69732960;1618369200
TO26;15/4/2021;39.7;39.7;38.6;38.8;11212776;1618455600
TO26;16/4/2021;39.5;39.96;38.51;39.25;52311720;1618542000
TO26;19/4/2021;38.65;39.2;38.45;38.5;47282808;1618801200
TO26;20/4/2021;38.5;39.19;37.8;38.8;230200624;1618887600
TO26;21/4/2021;39;39;38.79;38.88;106248168;1618974000
TO26;22/4/2021;39.2;39.2;38.4;38.59;18448880;1619060400
TO26;23/4/2021;39.2;39.45;38.5;39.2;51454636;1619146800
TO26;26/4/2021;39.65;39.65;38;39.1;22000;1619406000
TO26;27/4/2021;39.2;39.25;38.9;39.25;12719714;1619492400
TO26;28/4/2021;39.99;39.99;39;39.01;4478184;1619578800
TO26;29/4/2021;39.99;39.99;39.01;39.3;1529237;1619665200
TO26;30/4/2021;39.3;39.99;39.3;39.9;5000;1619751600
TO26;3/5/2021;39.9;39.99;39.3;39.84;10553495;1620010800
TO26;4/5/2021;39.84;39.84;39.01;39.6;14581558;1620097200
TO26;5/5/2021;39.6;39.75;39.25;39.75;3924290;1620183600
TO26;6/5/2021;39.75;40.25;39.5;40;16714352;1620270000
TO26;7/5/2021;40.4;40.45;40;40.35;4347718;1620356400
TO26;10/5/2021;40.6;41.28;40.4;40.9;8895549;1620615600
TO26;11/5/2021;41.48;41.48;40.31;41;10689425;1620702000
TO26;12/5/2021;40.4;41.19;40.17;41.19;3515817;1620788400
TO26;13/5/2021;40.9;41.4;40.9;41.1;2050822;1620874800
TO26;14/5/2021;41.25;41.6;40.8;41.06;204930656;1620961200
TO26;17/5/2021;41;41.5;40.5;40.97;2428;1621220400
TO26;18/5/2021;40.67;41.5;40.67;40.97;25000;1621306800
TO26;19/5/2021;41.24;41.49;40.77;41.49;220000;1621393200
TO26;20/5/2021;41.5;42;41.5;41.5;164738;1621479600
TO26;21/5/2021;41.5;41.95;41;41.7;0;1621566000
TO26;26/5/2021;41.05;41.7;41;41.1;22377164;1621998000
TO26;27/5/2021;41.34;42;41;41.99;35063316;1622084400
TO26;28/5/2021;42;42.35;42;42.35;40000;1622170800
TO26;31/5/2021;42.9;42.9;42.4;42.8;2882017;1622430000
TO26;1/6/2021;42.8;43.35;42.2;42.42;2716368;1622516400
TO26;2/6/2021;43;43.34;42.5;43.34;2379498;1622602800
TO26;3/6/2021;43;43.43;42.99;43;4217282;1622689200
TO26;4/6/2021;43.37;44.29;43;43.45;21654434;1622775600
TO26;7/6/2021;43.88;43.88;43;43.75;453839;1623034800
TO26;8/6/2021;43.27;44;42.5;43.29;7654226;1623121200
TO26;9/6/2021;43.29;43.29;42.57;43.25;571338;1623207600
TO26;10/6/2021;42.63;42.99;42;42.75;36301480;1623294000
TO26;11/6/2021;42.53;42.8;42;42.55;23479728;1623380400
TO26;14/6/2021;43;43;42.25;43;3806304;1623639600
TO26;15/6/2021;43;43.2;42.5;43.2;2510615;1623726000
TO26;16/6/2021;43.3;43.3;41.25;43.3;16838508;1623812400
TO26;17/6/2021;43.4;44.42;43.4;43.9;10575484;1623898800
TO26;18/6/2021;44.3;44.3;43.69;44.1;3422306;1623985200
TO26;22/6/2021;44.29;44.29;43.5;44.2;2509207;1624330800
TO26;23/6/2021;45;45;43.7;44.5;4878462;1624417200
TO26;24/6/2021;44.8;45.19;44;44;6579118;1624503600
TO26;25/6/2021;44.01;44.59;44;44.38;1326021;1624590000
TO26;28/6/2021;44.38;44.38;43.7;43.7;1361890;1624849200
TO26;29/6/2021;44;44.25;43;43.6;1535621;1624935600
TO26;30/6/2021;43.5;44;43.1;43.9;105148936;1625022000
TO26;1/7/2021;43.9;44.5;43.1;43.97;6902015;1625108400
TO26;2/7/2021;44;44.4;43.6;44;17143964;1625194800
TO26;5/7/2021;44.4;44.4;43.75;44.25;7283071;1625454000
TO26;6/7/2021;44;44.6;44;44.4;61925952;1625540400
TO26;7/7/2021;45.05;45.05;44.03;44.7;51373884;1625626800
TO26;8/7/2021;44.9;44.9;44.5;44.9;30093092;1625713200
TO26;12/7/2021;44.9;45.24;44.55;45;63820608;1626058800
TO26;13/7/2021;45.2;45.2;44.9;45.1;127167464;1626145200
TO26;14/7/2021;45.48;45.69;45;45.5;6667900;1626231600
TO26;15/7/2021;46;46;45.01;45.6;61100304;1626318000
TO26;16/7/2021;45.47;46.15;45.47;45.99;5192803;1626404400
TO26;19/7/2021;46.1;46.1;45.12;45.84;2404789;1626663600
TO26;20/7/2021;45.21;46;45.21;46;8868626;1626750000
TO26;21/7/2021;46.1;46.1;45.34;45.75;23797742;1626836400
TO26;22/7/2021;45.24;45.99;45.24;45.5;2786240;1626922800
TO26;23/7/2021;45.5;46.3;45.4;46;6099603;1627009200
TO26;26/7/2021;45.51;45.9;45.32;45.5;2040201;1627268400
TO26;27/7/2021;45.22;45.69;44.53;45.69;37483916;1627354800
TO26;28/7/2021;45.61;46;45.6;46;2807171;1627441200
TO26;29/7/2021;46.21;46.6;46;46.5;11448800;1627527600
TO26;30/7/2021;46.9;47;46.15;46.88;5140639;1627614000
TO26;2/8/2021;46.88;46.92;46.2;46.91;3198810;1627873200
TO26;3/8/2021;47.1;47.1;46.4;46.9;5725986;1627959600
TO26;4/8/2021;47;48.54;46.55;48.54;1156823;1628046000
TO26;5/8/2021;48;48;46.95;47.65;17546204;1628132400
TO26;6/8/2021;48;48.5;47.62;48;3800214;1628218800
TO26;9/8/2021;48;48;47.1;47.4;684673;1628478000
TO26;10/8/2021;47.4;47.4;46.85;47.1;4730188;1628564400
TO26;11/8/2021;47.2;47.75;47;47.7;5691774;1628650800
TO26;12/8/2021;47.8;47.8;47.5;47.7;3203906;1628737200
TO26;13/8/2021;47.8;47.93;47.45;47.55;5765783;1628823600
TO26;17/8/2021;47;47.99;47;47.75;1401051;1629169200
TO26;18/8/2021;47.6;47.74;46.5;46.5;4736057;1629255600
TO26;19/8/2021;46;47;46;46.5;8698043;1629342000
TO26;20/8/2021;46.43;46.8;46.1;46.4;5489957;1629428400
TO26;23/8/2021;46.24;46.96;46.01;46.55;3083164;1629687600
TO26;24/8/2021;46.8;47;46.35;46.9;4705575;1629774000
TO26;25/8/2021;46.85;47.25;46.7;46.9;7609247;1629860400
TO26;26/8/2021;46.8;47.25;46.77;46.77;1583103;1629946800
TO26;27/8/2021;46.16;47.25;46.16;46.9;4525616;1630033200
TO26;30/8/2021;47;47;46.47;46.7;3798191;1630292400
TO26;31/8/2021;47;47;46.6;46.8;1873851;1630378800
TO26;1/9/2021;46.8;46.8;46.7;46.8;2174412;1630465200
TO26;2/9/2021;47;47;46.25;46.6;9260771;1630551600
TO26;3/9/2021;46.53;46.77;46;46.69;2485766;1630638000
TO26;6/9/2021;46.28;46.65;45.25;46.5;21124700;1630897200
TO26;7/9/2021;46.6;46.6;45.45;46;9754251;1630983600
TO26;8/9/2021;46.63;46.65;45.4;45.99;4514717;1631070000
TO26;9/9/2021;45.75;46.48;45.18;46.3;5285581;1631156400
TO26;10/9/2021;46.25;46.9;45.7;46.25;5102409;1631242800
TO26;13/9/2021;46.5;47;46.5;47;6560465;1631502000
TO26;14/9/2021;47;47;45.8;47;4358842;1631588400
TO26;15/9/2021;46.5;47;45.8;46.25;17296364;1631674800
TO26;16/9/2021;46.5;47;45.8;46.11;1359029;1631761200
TO26;17/9/2021;46.7;46.8;44.66;45.8;10140193;1631847600
TO26;20/9/2021;44.8;45.6;44.05;45.6;18712804;1632106800
TO26;21/9/2021;45.5;45.9;45.4;45.9;3035235;1632193200
TO26;22/9/2021;45.9;46.5;45;46;4058811;1632279600
TO26;23/9/2021;46.25;46.25;45;45.48;27544272;1632366000
TO26;24/9/2021;45.85;46;44.49;45.5;31790748;1632452400
TO26;27/9/2021;45.63;45.89;45;45.62;1148285;1632711600
TO26;28/9/2021;46.09;46.09;44.26;44.7;4628913;1632798000
TO26;29/9/2021;44.5;45.95;44.5;44.9;2294708;1632884400
TO26;30/9/2021;45.1;45.75;45.01;45.55;25138872;1632970800
TO26;1/10/2021;45.6;46.7;45.26;46;25137436;1633057200
TO26;4/10/2021;45.88;46;45.05;45.9;29812888;1633316400
TO26;5/10/2021;46.35;46.82;45.5;46;35722584;1633402800
TO26;6/10/2021;46.5;46.5;45.3;46;108043480;1633489200
TO26;7/10/2021;45.9;47.24;45.8;46.8;31988130;1633575600
TO26;12/10/2021;46.8;47.5;46.8;47.2;12300696;1634007600
TO26;13/10/2021;47;47.25;46.31;46.8;12247346;1634094000
TO26;14/10/2021;41.49;41.49;38.7;38.85;34869272;1634180400
TO26;15/10/2021;38.85;38.9;38;38.89;18515416;1634266800
TO26;18/10/2021;38.89;38.89;38.2;38.5;12669694;1634526000
TO26;19/10/2021;38.99;38.99;38.25;38.49;16625806;1634612400
TO26;20/10/2021;38.89;39.35;38.31;38.75;39469184;1634698800
TO26;21/10/2021;38.7;38.7;38.4;38.6;9747627;1634785200
TO26;22/10/2021;39;39;38.4;38.49;13304960;1634871600
TO26;25/10/2021;38.89;38.97;38.24;38.5;48481716;1635130800
TO26;26/10/2021;38.01;38.89;38.01;38.7;10104923;1635217200
TO26;28/10/2021;38.85;38.99;38.35;38.55;29166840;1635390000
TO26;29/10/2021;38.85;38.85;38.4;38.5;11216160;1635476400
TO26;1/11/2021;38.65;38.7;37.8;38.09;34757408;1635735600
TO26;3/11/2021;37.95;38.5;36.65;38.5;41121156;1635908400
TO26;4/11/2021;3834;39;38;39;28027728;1635994800
TO26;5/11/2021;38;38;38;38;7476070;1636081200
TO26;8/11/2021;38.58;39.34;38.58;39.34;25587948;1636340400
TO26;9/11/2021;39.75;39.9;39.33;39.83;133701616;1636426800
TO26;10/11/2021;40;40;39.37;39.75;15123127;1636513200
TO26;11/11/2021;39.73;39.99;38.9;39.99;12344379;1636599600
TO26;12/11/2021;39.98;40;39.05;39.55;3226844;1636686000
TO26;15/11/2021;39.54;39.54;39;39.15;736637;1636945200
TO26;16/11/2021;39.2;39.2;38.92;39.05;1967831;1637031600
TO26;17/11/2021;39.1;39.6;38.91;39.11;1062536;1637118000
TO26;18/11/2021;39.5;39.7;39.1;39.15;3395290;1637204400
TO26;19/11/2021;39.15;39.5;39.14;39.48;1402911;1637290800
TO26;23/11/2021;39;39.34;39;39.12;950289;1637636400
TO26;24/11/2021;39.22;39.71;39;39.66;338622;1637722800
TO26;25/11/2021;40;40.33;39.5;39.94;389851;1637809200
TO26;26/11/2021;40.19;40.19;38.75;39.73;3578372;1637895600
TO26;29/11/2021;39.8;39.96;39.03;39.2;3791781;1638154800
TO26;30/11/2021;39.21;39.59;39;39.54;4312799;1638241200
TO26;1/12/2021;39.99;40.08;39.01;39.99;10625344;1638327600
TO26;2/12/2021;40.1;40.4;39.75;40.4;3493403;1638414000
TO26;3/12/2021;40.1;40.75;39.95;40.75;4238661;1638500400
TO26;6/12/2021;41.25;41.25;40.4;40.5;1061546;1638759600
TO26;7/12/2021;40.4;41.2;40.21;41;3647685;1638846000
TO26;9/12/2021;40.4;41.33;40.4;41.33;2876557;1639018800
TO26;10/12/2021;41.48;41.48;40.7;40.75;5021237;1639105200
TO26;13/12/2021;41.22;41.22;40.5;40.5;2742424;1639364400
TO26;15/12/2021;41.47;41.47;40.45;40.45;9899594;1639537200
TO26;16/12/2021;40.05;40.85;40;40.69;22522294;1639623600
TO26;17/12/2021;40.5;41.2;40.5;41.2;4629411;1639710000
TO26;20/12/2021;41.45;41.48;40.8;41.48;5774628;1639969200
TO26;21/12/2021;41.49;41.74;41.49;41.6;3096605;1640055600
TO26;22/12/2021;41.75;42.5;41.74;42.4;8553702;1640142000
TO26;23/12/2021;42.4;42.9;42.2;42.88;1799720;1640228400
TO26;27/12/2021;43.15;43.5;42.75;43.44;6490768;1640574000
TO26;28/12/2021;43.6;43.74;43.1;43.74;71570320;1640660400
TO26;29/12/2021;43.7;43.8;42.2;42.2;22278334;1640746800
TO26;30/12/2021;42.35;42.35;41.6;42.1;31813980;1640833200
TO26;3/1/2022;42.7;43.06;42.7;43.06;2254876;1641178800
TO26;4/1/2022;43.5;43.5;43;43.5;4662881;1641265200
TO26;5/1/2022;44;44;43.5;43.49;13746286;1641351600
TO26;6/1/2022;44;44;43.35;43.4;858024;1641438000
TO26;7/1/2022;43.99;43.99;43.61;43.69;1251645;1641524400
TO26;10/1/2022;44;44;43;43.5;1766462;1641783600
TO26;11/1/2022;43.51;43.95;43.51;43.7;2828587;1641870000
TO26;12/1/2022;43.69;44.99;43.69;44.99;23060418;1641956400
TO26;13/1/2022;44.98;44.98;44.12;44.8;600553;1642042800
TO26;14/1/2022;44.79;44.9;44.45;44.65;5281773;1642129200
TO26;17/1/2022;44.9;45;44.5;44.9;3861655;1642388400
TO26;18/1/2022;45;45;44;44;40940804;1642474800
TO26;19/1/2022;44.1;44.5;43.55;44;18115992;1642561200
TO26;20/1/2022;44.6;44.6;44;44;805346;1642647600
TO26;21/1/2022;44.55;44.55;44;44.5;15294495;1642734000
TO26;24/1/2022;44.6;44.6;44.1;44.5;3144809;1642993200
TO26;25/1/2022;45;45;44.5;44.6;5537277;1643079600
TO26;26/1/2022;44.85;45;44.6;44.78;2074868;1643166000
TO26;27/1/2022;44.78;44.78;44.1;44.5;9124726;1643252400
TO26;28/1/2022;45;45;44.25;44.7;3547226;1643338800
TO26;31/1/2022;44.99;44.99;43.8;44;34483992;1643598000
TO26;1/2/2022;44.23;44.65;43.95;44;20910854;1643684400
TO26;2/2/2022;44.5;44.63;43.8;44.63;360641120;1643770800
TO26;3/2/2022;44.02;44.6;44;44.39;4281935;1643857200
TO26;4/2/2022;44.39;44.5;44;44.44;1673325;1643943600
TO26;7/2/2022;44.88;44.88;43.72;44.39;2708561;1644202800
TO26;8/2/2022;44.39;44.8;43.9;43.9;8590236;1644289200
TO26;9/2/2022;43.9;44.5;43.9;44.05;818324;1644375600
TO26;10/2/2022;43.9;43.99;43.7;43.99;7682838;1644462000
TO26;11/2/2022;44.6;44.99;44;44.1;3168891;1644548400
TO26;14/2/2022;44.6;45.2;44.1;44.75;6535734;1644807600
TO26;15/2/2022;44.8;45.4;44.8;45.39;3679154;1644894000
TO26;16/2/2022;46;46;45.4;45.5;4470634;1644980400
TO26;17/2/2022;45.99;45.99;45.5;45.8;9297565;1645066800
TO26;18/2/2022;46;46;45.4;45.88;1047632;1645153200
TO26;21/2/2022;46.5;46.7;45;45.97;6688695;1645412400
TO26;22/2/2022;46;46.4;45.5;46;1745776;1645498800
TO26;23/2/2022;46.2;46.2;45.8;46.1;1042443;1645585200
TO26;24/2/2022;46;46;45.5;45.9;2821084;1645671600
TO26;25/2/2022;46.28;46.3;46.1;46.3;2886867;1645758000
TO26;2/3/2022;46.3;47.4;46;46.38;4763875;1646190000
TO26;3/3/2022;46.73;46.95;46;46.72;2341321;1646276400
TO26;4/3/2022;46.1;47.2;46.1;46.89;3520763;1646362800
TO26;7/3/2022;46.89;47.45;46.21;46.75;3965018;1646622000
TO26;8/3/2022;47.2;47.2;46.6;46.7;2270863;1646708400
TO26;9/3/2022;46.15;46.99;46.11;46.71;910020;1646794800
TO26;10/3/2022;47.2;47.75;46.7;47.45;24512624;1646881200
TO26;11/3/2022;47.7;47.7;46.99;47.25;2312955;1646967600
TO26;14/3/2022;47.59;47.59;46.75;47.44;3120494;1647226800
TO26;15/3/2022;47.5;47.67;46.8;46.95;2052416;1647313200
TO26;16/3/2022;47.65;47.65;46.72;47.25;6814665;1647399600
TO26;17/3/2022;47.19;47.2;46.21;46.45;3424361;1647486000
TO26;18/3/2022;46.45;46.8;46.2;46.5;1562748;1647572400
TO26;21/3/2022;46.5;47.53;46.5;47.3;22049872;1647831600
TO26;22/3/2022;47.48;47.49;46.8;47.48;3146799;1647918000
TO26;23/3/2022;47.49;47.49;46.8;46.82;868431;1648004400
TO26;25/3/2022;46.8;47.45;45.95;47.19;4824181;1648177200
TO26;28/3/2022;47.46;47.46;46.5;47.45;1500544;1648436400
TO26;29/3/2022;47.45;47.92;47.2;47.75;31712080;1648522800
TO26;30/3/2022;47.95;47.99;47.2;47.3;732078;1648609200
TO26;31/3/2022;47.97;48;47.89;47.9;145966;1648695600
TO26;1/4/2022;47.2;47.9;47;47.9;1446544;1648782000
TO26;4/4/2022;47.9;47.9;46.75;47.4;674185;1649041200
TO26;5/4/2022;47.89;47.89;46.51;47.29;11385442;1649127600
TO26;6/4/2022;47.74;47.74;46.7;46.9;6064328;1649214000
TO26;7/4/2022;47;47.9;46.9;47.5;3691202;1649300400
TO26;8/4/2022;47.87;47.88;47;47.6;9774825;1649386800
TO26;11/4/2022;47.95;47.95;47;47.59;3785136;1649646000
TO26;12/4/2022;40;40.6;40;40.44;11177577;1649732400
TO26;13/4/2022;40;41;40;40.49;25883594;1649818800
TO26;18/4/2022;40;40.6;39.5;40.28;12831523;1650250800
TO26;19/4/2022;40.3;40.45;39.6;40;18765676;1650337200
TO26;20/4/2022;40.53;40.6;39.25;39.5;16232909;1650423600
TO26;21/4/2022;39.6;39.6;38.4;38.5;15824936;1650510000
TO26;22/4/2022;38.3;39.1;38.3;38.9;4775079;1650596400
TO26;25/4/2022;39.1;39.5;38.7;39;9796497;1650855600
TO26;26/4/2022;39;39;38.38;38.75;13422486;1650942000
TO26;27/4/2022;38.8;39;38.2;38.5;34226532;1651028400
TO26;28/4/2022;38.21;39;38.2;38.75;4061774;1651114800
TO26;29/4/2022;39;39.39;38.32;38.5;10658860;1651201200
TO26;2/5/2022;39.07;39.07;38.22;38.25;1708412;1651460400
TO26;3/5/2022;38.5;38.5;38.2;38.4;7334305;1651546800
TO26;4/5/2022;38.01;38.5;38;38.5;19850256;1651633200
TO26;5/5/2022;38.4;38.5;38.21;38.4;2262852;1651719600
TO26;6/5/2022;38.5;38.6;38.45;38.45;2776477;1651806000
TO26;9/5/2022;38.3;38.61;38;38.55;16967196;1652065200
TO26;10/5/2022;38.9;38.9;38.55;38.55;1083913;1652151600
TO26;11/5/2022;38;38.2;37.6;38.2;2774524;1652238000
TO26;12/5/2022;38.59;38.59;38.01;38.46;916055;1652324400
TO26;13/5/2022;38.89;38.89;38.3;38.3;142630;1652410800
TO26;16/5/2022;38.3;38.59;38.3;38.48;142522;1652670000
TO26;17/5/2022;38;38.4;37.41;37.41;6050692;1652756400
TO26;19/5/2022;37.91;38;37.05;37.4;9860383;1652929200
TO26;20/5/2022;37.7;37.99;36.8;37.35;2499481;1653015600
TO26;23/5/2022;37.15;37.3;36.5;37;1335404;1653274800
TO26;24/5/2022;36.51;37;36;36.7;4039896;1653361200
TO26;26/5/2022;36.6;37.2;36.6;36.8;7353574;1653534000
TO26;27/5/2022;37.15;37.19;36.75;37;15300449;1653620400
TO26;30/5/2022;37.1;37.1;36.4;36.8;7298230;1653879600
TO26;31/5/2022;36.96;37.4;36.7;36.8;11708976;1653966000
TO26;1/6/2022;37.13;37.13;36.76;36.9;11404730;1654052400
TO26;2/6/2022;36.76;37.3;36.72;36.9;6671383;1654138800
TO26;3/6/2022;36.94;37.1;36.7;37;11269201;1654225200
TO26;6/6/2022;37.12;37.4;37.12;37.4;5837939;1654484400
TO26;7/6/2022;37.79;37.79;36.76;37;4207523;1654570800
TO26;8/6/2022;37;37;36.6;36.6;4077757;1654657200
TO26;9/6/2022;37;37;35.6;36;8230072;1654743600
TO26;10/6/2022;36;36;35;35.01;15876912;1654830000
TO26;13/6/2022;35.3;36;33.88;35.75;8483949;1655089200
TO26;14/6/2022;35.46;35.46;35;35.46;4934939;1655175600
TO26;15/6/2022;35.3;35.3;34.8;35;7028411;1655262000
TO26;16/6/2022;35.17;35.85;35.17;35.2;1746699;1655348400
TO26;21/6/2022;35.29;35.5;34.51;34.85;6158842;1655780400
TO26;22/6/2022;34.7;34.7;34.1;34.4;6445004;1655866800
TO26;23/6/2022;34.45;34.93;33;33.6;5814886;1655953200
TO26;24/6/2022;33.6;33.6;32;32.45;17648348;1656039600
TO26;27/6/2022;32.3;33;31.9;32;9244571;1656298800
TO26;28/6/2022;32;33.9;31.5;33.29;11336920;1656385200
TO26;29/6/2022;33.03;33.79;32.3;33;8981227;1656471600
TO26;30/6/2022;32.9;34;32.8;33.49;10191707;1656558000
TO26;1/7/2022;33;33.84;33;33.7;5933606;1656644400
TO26;4/7/2022;33.1;33.1;32.4;32.6;6356051;1656903600
TO26;5/7/2022;32.8;34.4;32.8;33;1670117;1656990000
TO26;6/7/2022;33;33;32.25;32.5;3804249;1657076400
TO26;7/7/2022;32.2;33;31.6;32.49;4681505;1657162800
TO26;8/7/2022;32.9;33.7;32.49;33;23664040;1657249200
TO26;11/7/2022;33.01;34.95;33.01;34.5;6102052;1657508400
TO26;12/7/2022;34.5;35.9;34.05;35.45;11827020;1657594800
TO26;13/7/2022;35.5;35.8;35;35.5;3140311;1657681200
TO26;14/7/2022;35.5;35.9;35;35.39;2625952;1657767600
TO26;15/7/2022;35.4;35.4;35;35.4;2130275;1657854000
TO26;18/7/2022;35.8;35.8;34.6;34.76;3022460;1658113200
TO26;19/7/2022;34.4;34.7;34.31;34.4;3264016;1658199600
TO26;20/7/2022;34.4;34.4;33;34;4789866;1658286000
TO26;21/7/2022;34;34.5;33.85;33.85;14166044;1658372400
TO26;22/7/2022;33.85;34;33.2;34;3299148;1658458800
TO26;25/7/2022;33;34.2;31.8;34.19;44821148;1658718000
TO26;26/7/2022;33.5;36;33.5;35;9470424;1658804400
TO26;27/7/2022;34.5;35.6;34.5;35.2;693075;1658890800
TO26;28/7/2022;36.7;37.36;35.5;36.8;2894413;1658977200
TO26;29/7/2022;36.8;37.37;35.5;35.51;3338289;1659063600
TO26;1/8/2022;36;36;35.5;36;1808687;1659322800
TO26;2/8/2022;35.75;36;34.55;34.55;4393703;1659409200
TO26;3/8/2022;36.45;36.45;33.25;33.25;6285833;1659495600
TO26;4/8/2022;34.1;34.5;33.4;34;55856128;1659582000
TO26;5/8/2022;34;34.5;34;34;2617348;1659668400
TO26;8/8/2022;33.1;34.5;33.1;34.45;1978692;1659927600
TO26;9/8/2022;34;34.5;33.71;33.75;7014757;1660014000
TO26;10/8/2022;34;34.7;33.4;33.4;49973520;1660100400
TO26;11/8/2022;34;34.49;31.9;32;97708752;1660186800
TO26;12/8/2022;32;34.61;31.2;34.4;25303288;1660273200
TO26;16/8/2022;32;35.5;29.98;34.5;445552384;1660618800
TO26;17/8/2022;30.11;32.6;29.5;30.4;1340989696;1660705200
TO26;18/8/2022;30.95;31;30.3;30.3;721686272;1660791600
TO26;19/8/2022;30.6;30.79;30.22;30.45;1830324992;1660878000
TO26;22/8/2022;30.74;31.45;30.46;30.85;1869403776;1661137200
TO26;23/8/2022;31;31.19;30;30.35;972597568;1661223600
TO26;24/8/2022;30.5;30.739;30;30.25;1191344256;1661310000
TO26;25/8/2022;30.101;30.58;29.57;29.939;1455867904;1661396400
TO26;26/8/2022;29.899;30.75;28.4;30.6;3554537984;1661482800
TO26;29/8/2022;30.68;30.68;30.1;30.5;1152073728;1661742000
TO26;30/8/2022;30.69;30.9;30.1;30.651;605501952;1661828400
TO26;31/8/2022;30.85;31.8;30.501;31.05;730533440;1661914800
TO26;1/9/2022;31.339;31.499;30.03;30.95;714782848;1662001200
TO26;5/9/2022;31.1;31.7;30.78;31.001;2515033600;1662346800
TO26;6/9/2022;31.39;31.39;30.57;30.7;178245504;1662433200
TO26;7/9/2022;30.6;31.01;30.5;30.7;259544800;1662519600
TO26;8/9/2022;30.5;31.5;30.02;31.5;377100416;1662606000
TO26;9/9/2022;31.49;31.5;30.9;31.18;305394080;1662692400
TO26;12/9/2022;31.289;31.3;30.65;31.22;55608488;1662951600
TO26;13/9/2022;31.47;31.47;30.79;30.8;624447552;1663038000
TO26;14/9/2022;31.69;31.69;30.8;30.8;193108688;1663124400
TO26;15/9/2022;31;31;30.4;30.55;204956864;1663210800
TO26;16/9/2022;30.25;30.6;30.25;30.45;124506328;1663297200
TO26;19/9/2022;30.5;30.9;30;30.5;147409424;1663556400
TO26;20/9/2022;30.35;30.75;30.3;30.69;350026656;1663642800
TO26;21/9/2022;30.8;30.8;30.1;30.539;258274000;1663729200
TO26;22/9/2022;30.6;30.6;30.25;30.45;254179440;1663815600
TO26;23/9/2022;30.6;30.6;30.1;30.489;126530816;1663902000
TO26;26/9/2022;30.799;30.799;30.05;30.45;63915236;1664161200
TO26;27/9/2022;30.7;30.7;29.3;29.5;250367792;1664247600
TO26;28/9/2022;29.9;30;28.95;29;553717824;1664334000
TO26;29/9/2022;29.6;30;28.75;30;259287328;1664420400
TO26;30/9/2022;30;30.5;29.2;30.5;199388800;1664506800
TO26;3/10/2022;30.2;30.74;30;30.05;259919040;1664766000
TO26;4/10/2022;30.5;30.5;30.001;30.275;69106512;1664852400
TO26;5/10/2022;30.6;30.6;30.22;30.48;62589812;1664938800
TO26;6/10/2022;30.2;30.8;30.2;30.7;215590112;1665025200
TO26;11/10/2022;30.7;30.84;30;30.39;46167236;1665457200
TO26;12/10/2022;30.7;30.7;30.2;30.35;159215072;1665543600
TO26;13/10/2022;23;23.3;22.3;23.085;188338368;1665630000
TO26;14/10/2022;24;24;22.5;23.65;42551156;1665716400
TO26;17/10/2022;26;26;23.651;24;179853216;1665975600
TO26;18/10/2022;24;24.35;23.65;23.9;142865360;1666062000
TO26;19/10/2022;24.2;24.2;23.311;23.9;135544176;1666148400
TO26;20/10/2022;23.989;23.989;23.02;23.5;47275168;1666234800
TO26;21/10/2022;23.97;23.97;23.03;23.4;72259680;1666321200
TO26;24/10/2022;23.4;23.4;22;22.71;129931896;1666580400
TO26;25/10/2022;22.745;22.9;22;22.45;284689728;1666666800
TO26;26/10/2022;22.45;22.45;22.02;22.249;81221496;1666753200
TO26;27/10/2022;22.01;22.48;21.85;22.189;59546736;1666839600
TO26;28/10/2022;22.27;22.9;21.72;22.75;121181760;1666926000
TO26;31/10/2022;22.99;23.5;21.8;23.5;219788896;1667185200
TO26;1/11/2022;23.3;23.3;22.5;22.85;73269744;1667271600
TO26;2/11/2022;23;23;22.3;22.6;20994208;1667358000
TO26;3/11/2022;22.98;22.98;22.05;22.4;26848460;1667444400
TO26;4/11/2022;22.41;22.9;22.3;22.4;33754216;1667530800
TO26;7/11/2022;22.2;22.45;21.9;22.33;49236888;1667790000
TO26;8/11/2022;22.4;22.7;21.2;22.3;129797784;1667876400
TO26;9/11/2022;22.4;22.4;21.75;21.89;37055388;1667962800
TO26;10/11/2022;21.8;22.2;21.3;21.899;46510448;1668049200
TO26;11/11/2022;21.61;22.24;21.35;21.75;45473888;1668135600
TO26;14/11/2022;21.93;22;21.52;21.98;13071749;1668394800
TO26;15/11/2022;22;22.6;21.72;21.74;54742648;1668481200
TO26;16/11/2022;22;22;21.45;21.7;27545844;1668567600
TO26;17/11/2022;21.55;22;21.55;21.8;49806032;1668654000
TO26;18/11/2022;22.2;23.099;21.8;22.6;289931936;1668740400
TO26;22/11/2022;22.6;23.07;22.01;22.8;82536208;1669086000
TO26;23/11/2022;23;23.5;22.501;22.82;59982456;1669172400
TO26;24/11/2022;22.9;22.9;22.5;22.53;7999568;1669258800
TO26;25/11/2022;23;23;22.5;22.55;4431807;1669345200
TO26;28/11/2022;22.9;23.15;22.52;23;92749200;1669604400
TO26;29/11/2022;22.85;23.42;22.85;23.4;67225408;1669690800
TO26;30/11/2022;23.2;23.9;23.1;23.75;168972112;1669777200
TO26;1/12/2022;24.1;24.75;23.3;23.75;6229861;1669863600
TO26;2/12/2022;24.33;25.5;23.85;24.51;121570064;1669950000
TO26;5/12/2022;25;25.8;24.8;25.74;226443104;1670209200
TO26;6/12/2022;25.9;25.9;25.15;25.69;12128700;1670295600
TO26;7/12/2022;26;26.39;25.5;26.2;23291390;1670382000
TO26;12/12/2022;26.5;26.5;25.8;26.25;46935376;1670814000
TO26;13/12/2022;26.25;26.9;25.93;26.7;29845602;1670900400
TO26;14/12/2022;26.9;26.9;26.05;26.25;5537370;1670986800
TO26;15/12/2022;26.9;28;26.35;27.5;77926992;1671073200
TO26;16/12/2022;27.25;28;27;27.88;21642550;1671159600
TO26;19/12/2022;27.899;28.9;27.899;28.65;470341984;1671418800
TO26;20/12/2022;29;29;28.65;28.7;20257476;1671505200
TO26;21/12/2022;28.7;29.6;28.7;29.4;147924720;1671591600
TO26;22/12/2022;29.7;29.99;29.4;29.5;61058892;1671678000
TO26;23/12/2022;29.9;30;28.5;29;71618640;1671764400
TO26;26/12/2022;29;29.75;28;28.4;11563764;1672023600
TO26;27/12/2022;28.4;28.999;27.25;27.9;7885591;1672110000
TO26;28/12/2022;27.85;27.9;26.5;27.4;62402584;1672196400
TO26;29/12/2022;27;27.65;27;27.2;1700691;1672282800
TO26;30/12/2022;26.501;28;26.1;26.2;210714656;1672369200
TO26;2/1/2023;26.25;26.999;26.25;26.6;21020272;1672628400
TO26;3/1/2023;26.21;26.99;26.2;26.67;6734242;1672714800
TO26;4/1/2023;26.7;27.75;26.45;27.7;31173988;1672801200
TO26;5/1/2023;27.1;27.9;27.1;27.73;52438824;1672887600
TO26;6/1/2023;28;29;27.25;28.5;62508392;1672974000
TO26;9/1/2023;28.5;28.7;27.9;28.69;20035884;1673233200
TO26;10/1/2023;28.65;28.68;28;28.55;9756390;1673319600
TO26;11/1/2023;28.55;28.68;28.349;28.349;7176435;1673406000
TO26;12/1/2023;28.5;28.95;28;28.849;24444920;1673492400
TO26;13/1/2023;28.9;28.95;28.2;28.85;23962622;1673578800
TO26;16/1/2023;28.8;29.15;28.2;29.14;25653226;1673838000
TO26;17/1/2023;29.45;29.5;28.5;28.65;695750144;1673924400
TO26;18/1/2023;29;29.55;28.21;28.75;1002318336;1674010800
TO26;19/1/2023;28.25;28.99;28.25;28.85;30616558;1674097200
TO26;20/1/2023;29.2;29.2;28.82;28.82;67091636;1674183600
TO26;23/1/2023;29.3;30.2;28.8;29.1;38404028;1674442800
TO26;24/1/2023;29.4;29.4;28.5;28.989;1613833;1674529200
TO26;25/1/2023;28.5;28.749;27.9;28.45;140198448;1674615600
TO26;26/1/2023;28.55;29;28.4;28.65;48017680;1674702000
TO26;27/1/2023;29;29.2;28.2;28.7;68311376;1674788400
TO26;30/1/2023;28.9;28.999;28.401;28.92;85055424;1675047600
TO26;31/1/2023;29;29.2;28.5;28.85;69508624;1675134000
TO26;1/2/2023;29;29.2;28.75;29;28860894;1675220400
TO26;2/2/2023;29;29.34;28.85;29.1;120127680;1675306800
TO26;3/2/2023;29.1;29.5;28.6;29.15;3785345;1675393200
TO26;6/2/2023;29.8;29.8;29.51;29.7;25150726;1675652400
TO26;7/2/2023;29.899;30;29.3;29.4;18511348;1675738800
TO26;8/2/2023;29.3;29.789;29.3;29.55;8929656;1675825200
TO26;9/2/2023;29.48;29.79;29.2;29.64;16510173;1675911600
TO26;10/2/2023;29.52;29.8;28.9;29.25;18245952;1675998000
TO26;13/2/2023;29.25;29.45;28.6;28.9;24642030;1676257200
TO26;14/2/2023;28.95;29.5;28.62;28.85;10222654;1676343600
TO26;15/2/2023;29;30;28.66;29.08;19768916;1676430000
TO26;16/2/2023;29.1;29.78;28.8;29.7;40527712;1676516400
TO26;17/2/2023;29.11;29.95;29;29.6;23494996;1676602800
TO26;22/2/2023;29.95;29.95;29.2;29.7;12653716;1677034800
TO26;23/2/2023;29.94;29.97;29.5;29.97;22632644;1677121200
TO26;24/2/2023;30.75;30.75;29.66;29.85;16973272;1677207600
TO26;27/2/2023;29.85;29.99;29.5;29.7;6374433;1677466800
TO26;28/2/2023;29.4;30;29.4;29.95;18985240;1677553200
TO26;1/3/2023;29.95;30;29.55;29.65;9966413;1677639600
TO26;2/3/2023;29.65;29.85;29.35;29.5;54383156;1677726000
TO26;3/3/2023;30;30;29.62;29.7;23201614;1677812400
TO26;6/3/2023;29.75;30.1;29.62;29.95;15136844;1678071600
TO26;7/3/2023;29.73;30.6;29.6;30;11190931;1678158000
TO26;8/3/2023;29.8;30.84;29.55;29.55;54886028;1678244400
TO26;9/3/2023;29.6;30.35;29.6;29.95;34450016;1678330800
TO26;10/3/2023;29.96;30.2;29.66;29.8;21906712;1678417200
TO26;13/3/2023;29.6;30.2;29.6;29.76;2475112;1678676400
TO26;14/3/2023;29.8;30.2;29.75;29.75;3976229;1678762800
TO26;15/3/2023;29.7;31.3;29.6;30.3;254884128;1678849200
TO26;16/3/2023;31.44;31.44;29.6;30.25;55893560;1678935600
TO26;17/3/2023;30.749;31;29.8;29.5;341244800;1679022000
TO26;20/3/2023;29.5;29.67;28.5;28.8;6274336;1679281200
TO26;21/3/2023;29.5;29.5;28.02;28.6;23378968;1679367600
TO26;22/3/2023;28.65;29.05;28.5;28.9;7072243;1679454000
TO26;23/3/2023;28.6;29.25;28.6;29.2;100463896;1679540400
TO26;27/3/2023;29.9;29.9;28.65;29.1;9872960;1679886000
TO26;28/3/2023;29.2;29.55;28.66;29.08;155735696;1679972400
TO26;29/3/2023;29.5;29.8;28.7;28.99;9357583;1680058800
TO26;30/3/2023;28.91;30;28.91;29.75;109706720;1680145200
TO26;31/3/2023;29.4;31.39;29.4;31.2;20550050;1680231600
TO26;3/4/2023;32;32.5;30;30;23163580;1680490800
TO26;4/4/2023;30.05;31.5;29.35;29.85;28003242;1680577200
TO26;5/4/2023;29.6;30.4;29;30;32544264;1680663600
TO26;10/4/2023;30.7;31.15;30;30.99;23065522;1681095600
TO26;11/4/2023;30.99;31.35;29.87;30.35;39243904;1681182000
TO26;12/4/2023;30.36;31.42;29.89;30.35;22713800;1681268400
TO26;13/4/2023;22.05;23.55;22.05;23.17;29684408;1681354800
TO26;14/4/2023;23;23.9;23;23.5;73141056;1681441200
TO26;17/4/2023;23.9;23.9;23;23.65;44325712;1681700400
TO26;18/4/2023;23.65;24;23;23.15;65742800;1681786800
TO26;19/4/2023;22.9;23.5;22.5;22.85;469176352;1681873200
TO26;20/4/2023;22.7;23.1;22.5;22.58;8353024;1681959600
TO26;21/4/2023;22.5;22.79;21.5;21.8;52828072;1682046000
TO26;24/4/2023;21.8;21.9;21.12;21.15;47407904;1682305200
TO26;25/4/2023;21.2;21.45;20.6;21.21;39914344;1682391600
TO26;26/4/2023;20.65;21.3;20.65;20.71;12261921;1682478000
TO26;27/4/2023;20.72;21.2;20.2;20.35;25199188;1682564400
TO26;28/4/2023;20.3;21.5;19.8;20.8;285697024;1682650800
TO26;2/5/2023;20.5;20.91;20.5;20.55;10844153;1682996400
TO26;3/5/2023;20.9;20.9;20.2;20.22;10710091;1683082800
TO26;4/5/2023;20;20.45;20;20.1;21876544;1683169200
TO26;5/5/2023;20.1;20.3;19.69;20.3;28001228;1683255600
TO26;8/5/2023;19.8;20.8;19.8;20.4;11935243;1683514800
TO26;9/5/2023;20.61;20.61;19.82;20;13955936;1683601200
TO26;10/5/2023;20;20.3;20;20.3;15008179;1683687600
TO26;11/5/2023;19.7;20.57;19.7;20;16688811;1683774000
TO26;12/5/2023;20.05;20.46;20;20;6074647;1683860400
TO26;15/5/2023;20.4;20.5;19.01;19.21;37267784;1684119600
TO26;16/5/2023;19.42;19.65;18.9;19.02;41281136;1684206000
TO26;17/5/2023;19.02;19.02;18.36;18.95;39481912;1684292400
TO26;18/5/2023;19.3;20.2;18.6;18.9;46233260;1684378800
TO26;19/5/2023;18.9;19.39;18.43;18.8;25499338;1684465200
TO26;22/5/2023;18.87;19.69;17.5;19.5;35811728;1684724400
TO26;23/5/2023;19.5;19.99;19.25;19.8;7594753;1684810800
TO26;24/5/2023;19.7;20;19.5;19.75;9274139;1684897200
TO26;29/5/2023;19.75;20;19.1;19.59;17903722;1685329200
TO26;30/5/2023;19.8;19.8;18.7;19.54;14023844;1685415600
TO26;31/5/2023;19.4;20.4;19.3;19.5;11305952;1685502000
TO26;1/6/2023;19.5;20.1;19.5;19.73;6243877;1685588400
TO26;2/6/2023;19.73;20.19;19.5;19.7;32507388;1685674800
TO26;5/6/2023;20;20.3;19.51;19.53;5621824;1685934000
TO26;6/6/2023;19.51;20.2;19.51;19.7;13805854;1686020400
TO26;7/6/2023;19.9;20.19;19.65;20.1;13438116;1686106800
TO26;8/6/2023;19.93;20.39;19.93;20.33;7288749;1686193200
TO26;9/6/2023;20.9;20.9;19.9;20.2;31700728;1686279600
TO26;12/6/2023;20.26;20.4;20;20.1;7485129;1686538800
TO26;13/6/2023;20;20.49;20;20.43;8126092;1686625200
TO26;14/6/2023;20.6;20.9;20.2;20.2;28391480;1686711600
TO26;15/6/2023;20.2;20.5;20.2;20.389;253481600;1686798000
TO26;16/6/2023;21;21;20;20.2;85421088;1686884400
TO26;21/6/2023;20.4;20.69;20.09;20.66;56539240;1687316400
TO26;22/6/2023;20.9;21.5;20.7;21;24793352;1687402800
TO26;23/6/2023;21;21.5;20.85;21.45;11843038;1687489200
TO26;26/6/2023;21.35;22.79;21.05;22.55;22535178;1687748400
TO26;27/6/2023;22.56;22.7;21.9;22.39;127374784;1687834800
TO26;28/6/2023;22.62;22.88;22.16;22.62;77793232;1687921200
TO26;29/6/2023;22.8;22.999;22.1;22.7;22869664;1688007600
TO26;30/6/2023;22.5;24.45;22.5;24.14;275546592;1688094000
TO26;3/7/2023;24.45;26.55;24.15;26.4;35092224;1688353200
TO26;4/7/2023;27;27.5;26.2;27.3;68066952;1688439600
TO26;5/7/2023;27.5;28.4;27;27.5;123008576;1688526000
TO26;6/7/2023;27.5;28.1;26.8;26.801;17766540;1688612400
TO26;7/7/2023;26.6;27.9;26.6;27.55;4165121;1688698800
TO26;10/7/2023;27.85;27.85;26.85;26.9;16269185;1688958000
TO26;11/7/2023;27;27.5;26.1;26.901;4378905;1689044400
TO26;12/7/2023;27;27.5;27;27.01;41233464;1689130800
TO26;13/7/2023;27.5;27.5;27.1;27.2;33485696;1689217200
TO26;14/7/2023;27.2;27.7;26.8;27.35;9005250;1689303600
TO26;17/7/2023;27.1;27.54;26.8;27.5;416524288;1689562800
TO26;18/7/2023;27.84;28;27.28;27.551;862937536;1689649200
TO26;19/7/2023;27.55;27.9;27.02;27.2;25633816;1689735600
TO26;20/7/2023;27;28.5;26.901;28.28;36697768;1689822000
TO26;21/7/2023;28.47;28.47;28;28.35;57586992;1689908400
TO26;24/7/2023;28.5;29.2;28;28.5;8754778;1690167600
TO26;25/7/2023;29.2;29.2;28.29;28.95;62212032;1690254000
TO26;26/7/2023;28.7;29;27.8;28.3;2949873;1690340400
TO26;27/7/2023;28;29.25;28;28.4;16054636;1690426800
TO26;28/7/2023;28.7;29;28.15;28.3;18232588;1690513200
TO26;31/7/2023;28.1;29.45;28;28.7;31434216;1690772400
TO26;1/8/2023;28.9;29.3;27.3;28.5;22851594;1690858800
TO26;2/8/2023;29;29;28.3;28.3;182089088;1690945200
TO26;3/8/2023;29.8;30.84;29.55;29.55;54886028;1691031600
TO26;4/8/2023;28.1;28.8;28;28.5;18193658;1691118000
TO26;7/8/2023;28.7;28.7;28.001;28.5;26563908;1691377200
TO26;8/8/2023;28.8;29.1;28;28.031;18985444;1691463600
TO26;9/8/2023;28;28.1;27.6;28;13600572;1691550000
TO26;10/8/2023;28;29.2;27.21;29;9104941;1691636400
TO26;11/8/2023;28.8;29.9;28.2;28.75;77092944;1691722800
TO26;14/8/2023;28.5;29.23;25.001;25.3;64929688;1691982000
TO26;15/8/2023;25.3;27.45;24.6;26.4;69675720;1692068400
TO26;16/8/2023;26;27.1;25.051;25.1;33885944;1692154800
TO26;17/8/2023;25.1;25.15;24.3;24.7;68623072;1692241200
TO26;18/8/2023;24.7;24.7;23.8;23.9;97642272;1692327600
TO26;22/8/2023;24;25;23.511;25;41606804;1692673200
TO26;23/8/2023;25.2;25.2;24.14;25;65040600;1692759600
TO26;24/8/2023;25;25.15;24.41;24.999;25879162;1692846000
TO26;25/8/2023;25;25.349;23.86;24.2;112295776;1692932400
TO26;28/8/2023;24.4;24.4;23.39;23.4;105781568;1693191600
TO26;29/8/2023;23.3;24.81;23.05;23.35;94702648;1693278000
TO26;30/8/2023;23.5;23.7;22.7;23.6;216697696;1693364400
TO26;31/8/2023;23.8;23.8;22.41;23.05;221938224;1693450800
TO26;1/9/2023;23.2;23.79;22.9;23.6;176443456;1693537200
TO26;4/9/2023;23.9;23.9;23;23.45;88339736;1693796400
TO26;5/9/2023;23.9;23.9;22.9;23.35;124716856;1693882800
TO26;6/9/2023;23.78;23.78;22.42;22.5;197716592;1693969200
TO26;7/9/2023;23;23.5;22.95;23.19;215389808;1694055600
TO26;8/9/2023;23;23.8;22.8;23.6;62682824;1694142000
TO26;11/9/2023;23.79;24;23.1;23.5;9241313;1694401200
TO26;12/9/2023;23.5;23.8;23;23.1;17364928;1694487600
TO26;13/9/2023;23.5;24.19;23.1;24.1;29532732;1694574000
TO26;14/9/2023;23.9;24.8;23.45;24;3267542;1694660400
TO26;15/9/2023;24.5;25.299;24.4;24.85;28951672;1694746800
TO26;18/9/2023;24.9;25.54;24.55;25.49;38120412;1695006000
TO26;19/9/2023;25.5;25.89;24.85;25.55;290616992;1695092400
TO26;20/9/2023;25.8;26;24.1;24.8;43642336;1695178800
TO26;21/9/2023;25;25.95;24;25;80030424;1695265200
TO26;22/9/2023;25.3;25.3;24;24.6;32035620;1695351600
TO26;25/9/2023;24.8;24.95;24.4;24.8;25274652;1695610800
TO26;26/9/2023;24.94;25.5;24.55;25;21285220;1695697200
TO26;27/9/2023;24.8;25.3;24.5;24.95;31369036;1695783600
TO26;28/9/2023;25;25.35;24.511;24.82;11957505;1695870000
TO26;29/9/2023;25;25.17;24.56;25.1;35734648;1695956400
TO26;2/10/2023;24.55;25.91;24.55;25.91;29661164;1696215600
TO26;3/10/2023;26;26.75;24.62;26.5;31122804;1696302000
TO26;4/10/2023;26.85;27.45;26.3;27.3;17193400;1696388400
TO26;5/10/2023;28;28.4;27.5;27.75;9523284;1696474800
TO26;6/10/2023;28.3;28.4;27.76;27.77;7255286;1696561200
TO26;9/10/2023;27.5;28.2;26.6;27.1;22344818;1696820400
TO26;10/10/2023;27;28.22;26.3;27.85;53768700;1696906800
TO26;11/10/2023;20.1;21.749;19.9;21.4;29727870;1696993200
TO26;12/10/2023;21.8;22.3;21;21.7;33017908;1697079600
TO26;17/10/2023;21.6;21.9;20;21;67967632;1697511600
TO26;18/10/2023;21;21;19.93;20.16;98274856;1697598000
TO26;19/10/2023;20;20.55;19.15;20.35;75397280;1697684400
TO26;20/10/2023;21;21.999;20.04;21.39;44355908;1697770800
TO26;23/10/2023;21.71;22.749;20.64;20.64;58875120;1698030000
TO26;24/10/2023;21;21.59;19.26;19.95;14157406;1698116400
TO26;25/10/2023;20;20;18.55;19.45;218345824;1698202800
TO26;26/10/2023;19.45;20.6;19.3;19.45;21624434;1698289200
TO26;27/10/2023;19.4;21;19.1;19.509;31596504;1698375600
TO26;30/10/2023;19.9;22;18.9;21;48112972;1698634800
TO26;31/10/2023;22;22;20;21;139453440;1698721200
TO26;1/11/2023;21.5;21.6;20.3;20.5;13141360;1698807600
TO26;2/11/2023;21;21.3;20;20.9;7983868;1698894000
TO26;3/11/2023;21;22;20.34;20.78;6166703;1698980400
TO26;7/11/2023;20;21.4;20;21.15;3300589;1699326000
TO26;8/11/2023;22;22;21;20.8;20572474;1699412400
TO26;9/11/2023;20.8;21.99;20.24;21.25;207437296;1699498800
TO26;10/11/2023;21.1;22.15;20.9;21.15;14725411;1699585200
TO26;13/11/2023;22;22.4;21.1;21.55;4785840;1699844400
TO26;14/11/2023;21.4;22.39;21.4;21.52;2882437;1699930800
TO26;15/11/2023;22;22.45;21.45;21.5;4320898;1700017200
TO26;16/11/2023;22;22;21;21.42;4547528;1700103600
TO26;17/11/2023;21.6;21.99;21;21.39;10082196;1700190000
TO26;21/11/2023;21.4;21.4;19.8;21.38;56808848;1700535600
TO26;22/11/2023;21.4;24;21.2;23.5;44276928;1700622000
TO26;23/11/2023;23;23.7;22.41;23.6;55487432;1700708400
TO26;24/11/2023;23.89;25;23.4;25;58685060;1700794800
TO26;27/11/2023;25;27.5;24.57;26.75;331879328;1701054000
TO26;28/11/2023;27.49;28;25;25.25;661533504;1701140400
TO26;29/11/2023;25.1;26.009;24.5;25.4;28869852;1701226800
TO26;30/11/2023;26;27;23.2;25;3946282752;1701313200
TO26;1/12/2023;25.499;25.8;24.3;25.8;20646992;1701399600
TO26;4/12/2023;26.2;26.7;25;25.6;20944068;1701658800
TO26;5/12/2023;26;26.99;26;26.67;78228912;1701745200
TO26;6/12/2023;27;27.2;26.24;27;52031560;1701831600
TO26;7/12/2023;27;29.95;27;29;47041836;1701918000
TO26;11/12/2023;29.85;30.5;28.5;30.1;18943202;1702263600
TO26;12/12/2023;31;33.45;30.49;32.79;145763584;1702350000
TO26;13/12/2023;33;35;25;31.49;27770140;1702436400
TO26;14/12/2023;32;33.3;30;32;43668432;1702522800
TO26;15/12/2023;32.48;35;30.5;32.999;74289704;1702609200
TO26;18/12/2023;33;33;31.15;32;12191475;1702868400
TO26;19/12/2023;32.2;34.5;32;32.6;29130780;1702954800
TO26;20/12/2023;33;33.5;32;33.22;26356914;1703041200
TO26;21/12/2023;34;34;32.1;33.54;53646752;1703127600
TO26;22/12/2023;33.95;35;33.3;34;109000152;1703214000
TO26;26/12/2023;34;35;33.85;34.3;65571860;1703559600
TO26;27/12/2023;34.3;34.7;34;34.4;29706680;1703646000
TO26;28/12/2023;34.5;35;33.1;33;139063968;1703732400
TO26;29/12/2023;32.8;35;31.8;32;53483640;1703818800
TO26;2/1/2024;32.5;33.8;31.8;31.8;165826368;1704164400
TO26;3/1/2024;33;34.75;33;33.36;361558976;1704250800
TO26;4/1/2024;34;35;32;35;39864700;1704337200
TO26;5/1/2024;35;35;34;34.978;23235092;1704423600
TO26;8/1/2024;34.978;36;32.4;34.6;34578660;1704682800
TO26;9/1/2024;34.8;35;33.999;34.8;394162272;1704769200
TO26;10/1/2024;35;35;33.9;34.71;120804536;1704855600
TO26;11/1/2024;34;35;34;34.74;11075674;1704942000
TO26;12/1/2024;35;35.2;33.856;34.9;61176680;1705028400
TO26;15/1/2024;35;35.01;33.6;34.8;19210168;1705287600
TO26;16/1/2024;34.5;34.7;33.913;34.2;18753084;1705374000
TO26;17/1/2024;35;35;33.5;34.5;61935136;1705460400
TO26;18/1/2024;35;36.082;33.8;35.8;15960237;1705546800
TO26;19/1/2024;35.6;37;34.4;37;64111832;1705633200
TO26;22/1/2024;37;38.75;35;38.5;21272734;1705892400
TO26;23/1/2024;39;40;38.4;38.5;10035944;1705978800
TO26;24/1/2024;40;40;39.1;39.1;14225799;1706065200
TO26;25/1/2024;40;40;38;39.15;9523337;1706151600
TO26;26/1/2024;38.8;39.15;38.4;38.61;9850301;1706238000
TO26;29/1/2024;39;39.4;38.8;39;17045292;1706497200
TO26;30/1/2024;39;39.6;37;37.35;8571929;1706583600
TO26;31/1/2024;37.35;39.8;37;39.8;518976768;1706670000
TO26;1/2/2024;40;40;37.1;39.25;22291132;1706756400
TO26;2/2/2024;40.1;40.1;38.55;39.94;3931753;1706842800
TO26;5/2/2024;40;42;38.4;38.65;2927388;1707102000
TO26;6/2/2024;38.65;39.9;37.992;39;86940416;1707188400
TO26;7/2/2024;39.5;39.6;38.6;39;104711480;1707274800
TO26;8/2/2024;39.6;41.7;38.8;39.1;54721544;1707361200
TO26;9/2/2024;39.5;40.95;38.95;40;203817072;1707447600
TO26;14/2/2024;40;40.3;37;39.9;18754112;1707879600
TO26;15/2/2024;39.9;39.9;39.1;39.6;32826112;1707966000
TO26;16/2/2024;39.5;40.49;39.25;39.3;47136592;1708052400
TO26;19/2/2024;39.3;41;39.3;40.489;33991152;1708311600
TO26;20/2/2024;39.49;40.7;39.49;40.7;17720184;1708398000
TO26;21/2/2024;40.95;40.95;40;40.1;11090724;1708484400
TO26;22/2/2024;40.989;41;40.1;40.26;31485864;1708570800
TO26;23/2/2024;40.1;42;40.1;41.26;33186664;1708657200
TO26;26/2/2024;41.4;41.4;39;40;7115315;1708916400
TO26;27/2/2024;39.6;41.4;39.32;40.99;4366372;1709002800
TO26;28/2/2024;40.99;41;38.9;39.999;42589712;1709089200
TO26;29/2/2024;39.91;42;39.91;41.89;115920880;1709175600
TO26;1/3/2024;42;44;42;42.21;18550264;1709262000
TO26;4/3/2024;43;45;43;43.8;65377004;1709521200
TO26;5/3/2024;44;46.97;42;44.199;61507152;1709607600
TO26;6/3/2024;44.2;46.9;44.2;46.25;64827632;1709694000
TO26;7/3/2024;46.25;46.7;45;46.2;54168168;1709780400
TO26;8/3/2024;46.2;46.2;43.6;45.25;59593652;1709866800
TO26;11/3/2024;46.2;46.55;45.25;46.4;138903168;1710126000
TO26;12/3/2024;46.71;60;46.71;51.98;251709936;1710212400
TO26;13/3/2024;52;55;48.3;54;64500648;1710298800
TO26;14/3/2024;53.5;55;52;54.29;39044736;1710385200
TO26;15/3/2024;53.11;54.6;51.1;51;229789440;1710471600
TO26;18/3/2024;51.2;53.5;50.05;50.2;552062272;1710730800
TO26;19/3/2024;50;54;49;53.69;221633616;1710817200
TO26;20/3/2024;54.5;54.5;52.7;54;16186822;1710903600
TO26;21/3/2024;54.6;55;52.01;53;37949540;1710990000
TO26;22/3/2024;54;56.9;52.71;55.74;161158848;1711076400
TO26;25/3/2024;56;58.49;56;56.2;68590048;1711335600
TO26;26/3/2024;56;58.5;55.7;57;33010700;1711422000
TO26;27/3/2024;58;60;57;58.2;100488768;1711508400
TO26;3/4/2024;60;66;59;62;218734096;1712113200
TO26;4/4/2024;62.55;65.8;58;62.4;89918320;1712199600
TO26;5/4/2024;62.4;65;61;62.55;60925312;1712286000
TO26;8/4/2024;63;65;63;64.63;180611360;1712545200
TO26;9/4/2024;66;68;64;64.7;331869056;1712631600
TO26;10/4/2024;66;67.5;63;64.5;164938592;1712718000
TO26;11/4/2024;65.49;66;60;64.8;118385328;1712804400
TO26;12/4/2024;64.5;66;64;65.45;169743264;1712890800
TO26;15/4/2024;67;67;60.01;61.8;708542272;1713150000
TO26;16/4/2024;62.9;67;59;60;247943232;1713236400
TO26;17/4/2024;59.4;62;57.5;58.45;76673280;1713322800
TO26;18/4/2024;59.29;59.29;51.6;59;144466432;1713409200
TO26;19/4/2024;59;59.8;55;58;110798968;1713495600
TO26;22/4/2024;57.81;58.99;57.01;57.99;67768032;1713754800
TO26;23/4/2024;57.99;61.39;57.01;59.81;168749040;1713841200
TO26;24/4/2024;60;63;59.9;61.5;2309295360;1713927600
TO26;25/4/2024;62.94;64;61.15;63.75;871315776;1714014000
TO26;26/4/2024;65;65;55.02;61.95;204794080;1714100400
TO26;29/4/2024;61.95;63.47;57.3;63.4;53776196;1714359600
TO26;30/4/2024;63.5;64.5;63;64;66277704;1714446000
TO26;2/5/2024;64.5;66.88;63.6;66;3314770944;1714618800
TO26;3/5/2024;66;67;63;66.5;1630291072;1714705200
TO26;6/5/2024;66.99;70;62.56;65.36;129101896;1714964400
TO26;7/5/2024;65;68;64.21;66;54145536;1715050800
TO26;8/5/2024;67;67;64.2;65.2;778875456;1715137200
TO26;9/5/2024;65.4;66.5;64.22;66;63111200;1715223600
TO26;10/5/2024;66;67;65.1;65.81;65187836;1715310000
TO26;13/5/2024;65.81;68;63.02;67.2;1008964160;1715569200
TO26;14/5/2024;67.9;68.99;66.01;68.28;201262608;1715655600
TO26;15/5/2024;69;70;68.02;68.1;57188028;1715742000
TO26;16/5/2024;69;69.8;67.51;68.7;377508384;1715828400
TO26;17/5/2024;69;73;68.2;71.07;283480320;1715914800
TO26;20/5/2024;72.8;72.85;71.25;72;943218944;1716174000
TO26;21/5/2024;72;72.8;70;72.5;417968160;1716260400
TO26;22/5/2024;72.8;74;61.01;69.9;206479808;1716346800
TO26;23/5/2024;69.93;71;67.5;69;117068616;1716433200
TO26;24/5/2024;69;69;67;67.5;74138528;1716519600
TO26;27/5/2024;69;69;66.31;66.69;162684960;1716778800
TO26;28/5/2024;66.96;67.74;65.5;67.23;99335760;1716865200
TO26;29/5/2024;68.9;68.9;65.01;66.5;770546048;1716951600
TO26;30/5/2024;67.49;67.49;66;66.3;40909548;1717038000
TO26;31/5/2024;66.3;67;64.12;65;390861152;1717124400
TO26;3/6/2024;68.97;68.98;65;65.19;266087936;1717383600
TO26;4/6/2024;66.89;66.89;63.89;64.51;46933388;1717470000
TO26;5/6/2024;65.9;65.9;62.37;63.6;88854480;1717556400
TO26;6/6/2024;63;64.89;58.7;60.5;123407032;1717642800
TO26;7/6/2024;60;61.82;59.1;60;57884496;1717729200
TO26;10/6/2024;59.15;60.49;58.05;60;32368704;1717988400
TO26;11/6/2024;60.49;62.9;59;62.01;34163340;1718074800
TO26;12/6/2024;63;63;60.2;62.5;26749098;1718161200
TO26;13/6/2024;62.5;66;62.1;64.26;28963420;1718247600
TO26;14/6/2024;66;66.8;62;65.3;69929648;1718334000
TO26;18/6/2024;65.3;66.9;62.5;63.3;30993448;1718679600
TO26;19/6/2024;63;65;61.01;64;9539508;1718766000
TO26;24/6/2024;64.22;64.22;60.31;61;22766640;1719198000
TO26;25/6/2024;60.5;61.5;60.5;61.43;40390684;1719284400
TO26;26/6/2024;61;61.5;60.03;61.4;15209125;1719370800
TO26;27/6/2024;61.4;63.5;60.02;61.5;13871010;1719457200
TO26;28/6/2024;61.5;64.22;59.02;63.75;51341960;1719543600
TO26;1/7/2024;63.8;66;60.1;61.8;757390272;1719802800
TO26;2/7/2024;62;65;61.25;61.85;22508468;1719889200
TO26;3/7/2024;63.8;63.8;61.5;62.3;40669576;1719975600
TO26;4/7/2024;62.01;63.1;60.22;62.35;33477580;1720062000
TO26;5/7/2024;63.9;63.9;61;62;10106556;1720148400
TO26;8/7/2024;62;63;61;61.75;25113664;1720407600
TO26;10/7/2024;61;66;60.39;62.6;55121200;1720580400
TO26;11/7/2024;62.6;66.99;62;63.7;98810176;1720666800
TO26;12/7/2024;64.6;66.99;63.2;65.1;33097384;1720753200
TO26;15/7/2024;64.5;69;64;64.11;99138744;1721012400
TO26;16/7/2024;64.11;65;59.81;65;650703808;1721098800
TO26;17/7/2024;65;65;59.02;63.3;38965144;1721185200
TO26;18/7/2024;62.81;64.8;61.52;63.38;19816292;1721271600
TO26;19/7/2024;65.4;65.4;62.8;63.11;99820816;1721358000
TO26;22/7/2024;63.11;67;61.92;66.25;110992384;1721617200
TO26;23/7/2024;67;67;64.4;65;11309189;1721703600
TO26;24/7/2024;65;69;64;66.6;85480000;1721790000
TO26;25/7/2024;67.99;68.15;64;64.2;20578626;1721876400
TO26;26/7/2024;64.5;67.5;63.15;65.45;372439168;1721962800
TO26;29/7/2024;65.45;67;63.3;66.26;60028220;1722222000
TO26;30/7/2024;66.99;68;65.5;66.95;289583264;1722308400
TO26;31/7/2024;67;68.8;65;66.5;602592832;1722394800
TO26;1/8/2024;68;68;65.5;67.19;239167216;1722481200
TO26;2/8/2024;67.99;68;65.55;66;534373376;1722567600
TO26;5/8/2024;67.1;67.8;59.12;67.2;265575328;1722826800
TO26;6/8/2024;66.6;68;66.6;67.05;276278656;1722913200
TO26;7/8/2024;67.9;67.9;65.1;66.5;96269544;1722999600
TO26;8/8/2024;66.51;67.5;66.01;66.7;220116304;1723086000
TO26;9/8/2024;66.7;68.8;64.7;68;231544704;1723172400
TO26;12/8/2024;68.8;69.49;66;69;21888208;1723431600
TO26;13/8/2024;69.74;69.99;69.01;69.69;183207552;1723518000
TO26;14/8/2024;70.8;70.8;67.55;69.75;35336524;1723604400
TO26;15/8/2024;69.75;70;68.4;69.74;162337472;1723690800
TO26;16/8/2024;71;71;69.75;71;40569180;1723777200
TO26;19/8/2024;71.5;72;66.5;72;16219060;1724036400
TO26;20/8/2024;72.97;72.98;71.51;72.5;61910692;1724122800
TO26;21/8/2024;73.5;73.5;70;70.84;113538376;1724209200
TO26;22/8/2024;72.9;73;69;72.44;46955032;1724295600
TO26;23/8/2024;73.5;73.5;72;72.99;16129596;1724382000
TO26;26/8/2024;73.5;73.69;71.6;72.65;76889312;1724641200
TO26;27/8/2024;73.4;74.2;72.4;72.49;22864084;1724727600
TO26;28/8/2024;71.51;73.99;71;71.1;20129088;1724814000
TO26;29/8/2024;71.1;73.49;70.12;71.39;5824215;1724900400
TO26;30/8/2024;71.39;73;69.11;71;26994188;1724986800
TO26;2/9/2024;70.5;72.99;69.1;71.5;15778064;1725246000
TO26;3/9/2024;71.5;72.99;69.85;71.5;22702380;1725332400
TO26;4/9/2024;72;73.47;71.1;71.5;334453920;1725418800
TO26;5/9/2024;72.01;72.99;71.5;72.8;311735328;1725505200
TO26;6/9/2024;73.4;74.5;72.55;74.3;42294752;1725591600
TO26;9/9/2024;75;76.15;74;74.4;192260784;1725850800
TO26;10/9/2024;74.5;76.49;72.06;74.5;74712232;1725937200
TO26;11/9/2024;74.5;75;73;73.2;35332260;1726023600
TO26;12/9/2024;74.2;74.2;70;73.3;49778624;1726110000
TO26;13/9/2024;76.25;76.25;72;73.3;40890584;1726196400
TO26;16/9/2024;73.3;75.84;73;73.75;143256032;1726455600
TO26;17/9/2024;76.2;76.8;73.76;74.99;9229813;1726542000
TO26;18/9/2024;76.7;76.7;72;74.58;65783116;1726628400
TO26;19/9/2024;74;75;73.05;74.6;13678656;1726714800
TO26;20/9/2024;74.7;75;72;73.9;38251440;1726801200
TO26;23/9/2024;72;75.69;72;74.9;20188416;1727060400
TO26;24/9/2024;74.94;76.56;72.4;73.52;33026384;1727146800
TO26;25/9/2024;75;75;72.51;73;20060896;1727233200
TO26;26/9/2024;73;74.35;72.4;73.49;27260704;1727319600
TO26;27/9/2024;72.4;74.46;72.4;74.38;44073288;1727406000
TO26;30/9/2024;75.3;75.96;73.48;75.45;37765712;1727665200
TO26;1/10/2024;75.45;76;74.3;74.9;40945456;1727751600
TO26;2/10/2024;74.9;76;73.7;75.29;62714964;1727838000
TO26;3/10/2024;75;75.84;72.4;75.3;64935092;1727924400
TO26;4/10/2024;75.32;75.5;74.11;75.25;54273496;1728010800
TO26;7/10/2024;75.25;75.25;74;75.19;40821012;1728270000
TO26;8/10/2024;74.5;76;74.3;75.1;52236044;1728356400
TO26;9/10/2024;74;75.39;74;74.99;34184828;1728442800
TO26;10/10/2024;74.99;75.49;74.5;75.03;27406490;1728529200
TO26;14/10/2024;75.39;76.8;73.5;75.99;18368276;1728874800
TO26;15/10/2024;78;78.5;74.66;75.7;88650528;1728961200
TO26;16/10/2024;68.02;73;66.2;68.12;60496444;1729047600
TO26;17/10/2024;71.5;72.97;66.8;69;46829368;1729134000
TO26;18/10/2024;68;72.8;65.1;69.7;343491200;1729220400
TO26;21/10/2024;69.7;71;68.15;69.68;91637696;1729479600
TO26;22/10/2024;69.68;69.96;68.06;69.95;60664932;1729566000
TO26;23/10/2024;70;71;68.32;69.2;26271912;1729652400
TO26;24/10/2024;70;70.5;68.31;69.55;336470656;1729738800
TO26;25/10/2024;69.57;73;69.13;71;97340064;1729825200
TO26;28/10/2024;70.89;73;70.88;72.07;50952500;1730084400
TO26;29/10/2024;73;74;71.71;73.78;1421573248;1730170800
TO26;30/10/2024;73.78;74.54;72.7;73.45;57334200;1730257200
TO26;31/10/2024;74.5;74.5;73.11;74.4;136485664;1730343600
TO26;1/11/2024;75.2;80.98;75.2;79.5;140814224;1730430000
TO26;4/11/2024;79.5;79.5;75;77.79;169425712;1730689200
TO26;5/11/2024;78.9;78.9;76.7;77;151663344;1730775600
TO26;6/11/2024;77;78.8;76.02;77.6;12555972;1730862000
TO26;7/11/2024;77;78.2;76.5;77.58;92004040;1730948400
TO26;8/11/2024;77.57;80;76.75;79;285339424;1731034800
TO26;11/11/2024;80.9;80.9;78.1;79.01;13309904;1731294000
TO26;12/11/2024;79;80.97;77.04;79.8;42706328;1731380400
TO26;13/11/2024;80.89;82;78.43;81.51;324974336;1731466800
TO26;14/11/2024;81.5;85;81.5;83;136510656;1731553200
TO26;15/11/2024;84.95;84.95;82.5;83.05;37424472;1731639600
TO26;19/11/2024;84;90.99;82.1;83;1609610496;1731985200
TO26;20/11/2024;85;85;81.28;82.99;110629360;1732071600
TO26;21/11/2024;83.78;85.57;79;83.25;166541776;1732158000
TO26;22/11/2024;83;85.44;83;83.59;68133184;1732244400
TO26;25/11/2024;83;85;82;84.1;54571072;1732503600
TO26;26/11/2024;83.99;85;82.9;83.3;74050568;1732590000
TO26;27/11/2024;83.3;83.96;82.25;83.11;33844864;1732676400
TO26;28/11/2024;84.7;84.7;82.2;83.38;34463944;1732762800
TO26;29/11/2024;83.45;83.97;82.1;82.79;64234152;1732849200
TO26;2/12/2024;82.75;83.4;82.1;82.9;28974792;1733108400
TO26;3/12/2024;82.55;83.99;82.4;82.99;13995771;1733194800
TO26;4/12/2024;83;83;81.44;82.39;40188640;1733281200
TO26;5/12/2024;83.95;83.95;81.02;82.25;52021164;1733367600
TO26;6/12/2024;82.85;83.75;81.15;83;532711616;1733454000
TO26;9/12/2024;83.1;83.8;81.61;83.05;29667036;1733713200
TO26;10/12/2024;83.06;83.06;81.81;82.4;22754664;1733799600
TO26;11/12/2024;82.98;83.8;80.93;83.52;42906644;1733886000
TO26;12/12/2024;83.8;84.8;83.79;84.38;86200104;1733972400
TO26;13/12/2024;84.4;84.4;82.56;84.38;40466016;1734058800
TO26;16/12/2024;84.4;89.8;83.02;85.12;80720288;1734318000
TO26;17/12/2024;85.2;85.99;83.32;84;89850040;1734404400
TO26;18/12/2024;85;86;81.2;85.89;121546720;1734490800
TO26;19/12/2024;85.98;85.99;83.12;85.67;143055344;1734577200
TO26;20/12/2024;85.65;85.65;84.65;85.5;391907680;1734663600
TO26;23/12/2024;86;86;84.06;85.2;48742888;1734922800
TO26;24/12/2024;85.99;85.99;85.01;85.53;2470386;1735009200
TO26;26/12/2024;85.53;85.6;84.28;84.51;39354032;1735182000
TO26;27/12/2024;85.59;85.59;83.16;84.35;25911806;1735268400
TO26;30/12/2024;85.59;87.1;83.76;84.7;1405035776;1735527600
TO26;2/1/2025;86;86.5;83.88;86.26;192298016;1735786800
TO26;3/1/2025;88;88.99;86.7;88.1;33410724;1735873200
TO26;6/1/2025;90.95;93.49;88.11;88.75;1368685056;1736132400
TO26;7/1/2025;92;92;88.76;89.9;32708578;1736218800
TO26;8/1/2025;92;92;89.04;90.3;531741248;1736305200
TO26;9/1/2025;92;93.2;89.6;90;29882258;1736391600
TO26;10/1/2025;91.15;91.49;90.1;90.29;27537432;1736478000
TO26;13/1/2025;92.5;92.5;90.12;91.5;102893272;1736737200
TO26;14/1/2025;91.5;93.4;89.52;92;485067136;1736823600
TO26;15/1/2025;95.99;95.99;91.27;92.45;49051632;1736910000
TO26;16/1/2025;92.99;92.99;91.25;91.5;329554176;1736996400
TO26;17/1/2025;92;92.99;90.07;91.49;29803216;1737082800
TO26;20/1/2025;91.44;91.44;90;91.38;32631120;1737342000
TO26;21/1/2025;89.9;92;89.9;91.43;18473034;1737428400
TO26;22/1/2025;92.51;92.51;88.53;89.99;375847808;1737514800
TO26;23/1/2025;89;91.98;88.06;91.25;44247608;1737601200
TO26;24/1/2025;92.87;92.87;90.2;91.35;16805206;1737687600
TO26;27/1/2025;91.35;92.49;90;91.37;40994268;1737946800
TO26;28/1/2025;91.99;91.99;89.01;91.08;48419024;1738033200
TO26;29/1/2025;90.1;91.49;89;90.79;55874748;1738119600
TO26;30/1/2025;90.3;94.4;90.3;91;60538712;1738206000
TO26;31/1/2025;90;92.5;89.6;90.9;38329164;1738292400
TO26;3/2/2025;90;91;89.8;90.5;164659376;1738551600
TO26;4/2/2025;90.5;90.5;86.04;90;32774384;1738638000
TO26;5/2/2025;90.18;90.19;88.62;89.6;51401272;1738724400
TO26;6/2/2025;89.77;90.39;88.53;90.34;234928016;1738810800
TO26;7/2/2025;90.34;91.99;90.34;90.4;57528172;1738897200
TO26;10/2/2025;90.4;91.45;88.66;90;167314720;1739156400
TO26;11/2/2025;90;90.98;89;90.48;38403552;1739242800
TO26;12/2/2025;91;91;89.18;89.9;88452016;1739329200
TO26;13/2/2025;89.01;91.5;87.03;91.39;78343256;1739415600
TO26;14/2/2025;90;91.69;89;91.16;79996352;1739502000
TO26;17/2/2025;88.6;91.2;88.6;90;18854168;1739761200
TO26;18/2/2025;90;91.19;89;89.99;446711424;1739847600
TO26;19/2/2025;91.1;91.1;89.55;90.45;32966326;1739934000
TO26;20/2/2025;90.4;90.48;89.02;90.39;70716936;1740020400
TO26;21/2/2025;90;90.7;89.07;90.25;34616836;1740106800
TO26;24/2/2025;90.01;91.19;91.19;89;23054484;1740366000
TO26;25/2/2025;89;90.97;89;90.15;7450881;1740452400
TO26;26/2/2025;90.46;92.49;88.8;90.5;9638837;1740538800
TO26;27/2/2025;90.8;90.9;89.15;89.49;212052640;1740625200
TO26;28/2/2025;91.25;91.25;89.1;89.21;37739752;1740711600
TO26;5/3/2025;90.99;90.99;86;89;0;1741143600
TO26;6/3/2025;89.5;90.89;88.3;88.6;35286664;1741230000
TO26;7/3/2025;89.24;89.24;87.11;87.51;106832072;1741316400
TO26;10/3/2025;88;92.4;87.51;87.7;40046836;1741575600
TO26;11/3/2025;88;89.94;84.58;88.04;58893840;1741662000
TO26;12/3/2025;88.04;88.78;86.55;87.19;101125520;1741748400
TO26;13/3/2025;87.05;87.19;86.06;87.5;49082272;1741834800
TO26;14/3/2025;88.99;89.99;86.61;89.1;56736656;1741921200
TO26;17/3/2025;89.4;92.87;87.2;87.62;106666152;1742180400
TO26;18/3/2025;88.5;88.98;81.02;84.87;102188896;1742266800
TO26;19/3/2025;83.06;86.5;83.06;86.28;84231480;1742353200
TO26;20/3/2025;88;89.99;86.28;86.6;20435648;1742439600
TO26;21/3/2025;87.76;87.77;84.02;84.9;35339864;1742526000
TO26;25/3/2025;88.39;88.39;83.2;84.09;35173456;1742871600
TO26;26/3/2025;84.08;85.96;81.03;83.99;40269784;1742958000
TO26;27/3/2025;84;84;82.63;83.4;55055916;1743044400
TO26;28/3/2025;84.98;84.98;81;84.7;70698744;1743130800
TO26;31/3/2025;85;86.23;82;84;102427088;1743390000
TO26;1/4/2025;83.65;84.93;83.61;84.4;23583338;1743476400
TO26;3/4/2025;84.9;85.49;82.23;84.77;19968648;1743649200
TO26;4/4/2025;83.99;85;82.51;83.8;0;1743735600
TO26;7/4/2025;84.85;84.85;80;81.97;86486544;1743994800
TO26;8/4/2025;82.01;83.97;70;78;208709376;1744081200
TO26;9/4/2025;77;81.99;77;78.25;141438672;1744167600
TO26;10/4/2025;80.56;82.89;77.02;78.25;99874368;1744254000
TO26;11/4/2025;80;81.74;77;81;76478848;1744340400
TO26;14/4/2025;81.62;89.89;81.6;84.5;109366000;1744599600
TO26;15/4/2025;84.51;87.96;84.5;86;193552896;1744686000
TO26;16/4/2025;80.36;89.89;80;85.95;1312926848;1744772400
TO26;21/4/2025;83.8;87;78.1;80;3325290240;1745204400
TO26;22/4/2025;79.05;81.28;79.05;80.2;891587328;1745290800
TO26;23/4/2025;81.95;81.95;79;79.65;133587192;1745377200
TO26;24/4/2025;79;81.09;78.1;80.87;204080352;1745463600
TO26;25/4/2025;80.88;83.8;80.03;81.07;1195213056;1745550000
TO26;28/4/2025;81.07;82;80.01;80.85;618313280;1745809200
TO26;29/4/2025;81;81.98;80.04;80.65;1659056000;1745895600
TO26;30/4/2025;80.7;81.89;80.6;81.87;206615472;1745982000
TO26;5/5/2025;83.3;83.3;80.73;81.26;28660132;1746414000
TO26;6/5/2025;82;82.39;81;81.44;599979072;1746500400
TO26;7/5/2025;81.01;84.2;81.01;83.52;139573824;1746586800
TO26;8/5/2025;84;85.74;81.63;84.95;79505824;1746673200
TO26;9/5/2025;83;86;83;85.97;0;1746759600
TO26;12/5/2025;86;86.9;84.51;85.8;0;1747018800
TO26;13/5/2025;84.8;87.38;84.8;85.79;108759536;1747105200
TO26;14/5/2025;84.97;86.8;84.8;85.5;63582796;1747191600
TO26;15/5/2025;87.2;87.5;84.11;84.85;42457944;1747278000
TO26;16/5/2025;87;87;83.2;84.5;65786004;1747364400
TO26;19/5/2025;84.46;86.91;84.02;85.7;60344856;1747623600
TO26;20/5/2025;85.71;86.84;84.92;86.39;74197752;1747710000
TO26;21/5/2025;86.4;86.4;84.43;85.47;94251632;1747796400
TO26;22/5/2025;85.45;87;84.6;85.99;61196756;1747882800
TO26;23/5/2025;84.36;87.15;84.36;86.48;89846832;1747969200
TO26;26/5/2025;85;87.39;85;86.61;35958132;1748228400
TO26;27/5/2025;87.39;87.39;85.77;86.89;47210916;1748314800
TO26;28/5/2025;86.05;87.45;85.9;86.25;1264491136;1748401200
TO26;29/5/2025;87.4;87.4;85.64;86;2571664128;1748487600
TO26;30/5/2025;85.8;87.4;85.8;87.4;675334144;1748574000
TO26;2/6/2025;88;88;86.08;87;43270004;1748833200
TO26;3/6/2025;88;88;86.71;87.3;125962496;1748919600
TO26;4/6/2025;87;88;86.21;87.35;267907072;1749006000
TO26;5/6/2025;88;89.8;86.68;89.8;86825264;1749092400
TO26;6/6/2025;89.8;89.8;88.03;88.5;198758240;1749178800
TO26;9/6/2025;90.49;90.49;87.5;89.5;451370048;1749438000
TO26;10/6/2025;88.2;90.99;87;87.75;226664400;1749524400
TO26;11/6/2025;87.75;88.97;86.15;88.19;315096096;1749610800
TO26;12/6/2025;88.4;89.93;87.08;88.75;305798656;1749697200
TO26;13/6/2025;90;90.5;88.76;89.89;72488352;1749783600
TO26;17/6/2025;90;92;89.4;89.42;53385832;1750129200
TO26;18/6/2025;89.4;90.97;87.76;88.8;138879600;1750215600
TO26;19/6/2025;88.02;90;87.34;88.24;62313368;1750302000
TO26;23/6/2025;88.68;88.71;85.11;87.44;76413592;1750647600
TO26;24/6/2025;85.3;88.77;85.3;87.7;47975956;1750734000
TO26;25/6/2025;88.99;88.99;86.11;87.89;17388460;1750820400
TO26;26/6/2025;88.89;88.89;87.11;87.4;28450434;1750906800
TO26;27/6/2025;87;88.39;86;86.06;109587752;1750993200
TO26;30/6/2025;85.67;87.87;85.53;86;36844072;1751252400
TO26;1/7/2025;86;87.84;81;85.60072;101875072;1751338800
TO26;2/7/2025;85.02;86.99;85.01;86.38;163030112;1751425200
TO26;3/7/2025;87.7;88.8;85.02;86.52;45786052;1751511600
TO26;4/7/2025;86.52;88;86.1;86.47;95568000;1751598000
TO26;7/7/2025;87.33;88.04;85.5;85.85;212580432;1751857200
TO26;8/7/2025;87.79;87.79;85.14;86.8;205075872;1751943600
TO26;10/7/2025;87;90;86.35;88.85;92373264;1752116400
TO26;11/7/2025;87.9;89.73;87.02;88;54420640;1752202800
TO26;14/7/2025;88.8;89;87.02;88;182545568;1752462000
TO26;15/7/2025;87.95;88;85.6;86.96;79152712;1752548400
TO26;16/7/2025;86.11;87;85.81;86.92;15750026;1752634800
TO26;17/7/2025;86.54;87.97;86.01;86.2;43490552;1752721200
TO26;18/7/2025;87.9;87.9;85.1;85.28;28389188;1752807600
TO26;21/7/2025;84.99;86.8;84.03;85.11;64832712;1753066800
TO26;22/7/2025;84.2;85.14;83.4;85;87142416;1753153200
TO26;23/7/2025;85.29;86.14;84.3;85;38937824;1753239600
TO26;24/7/2025;85;85.6;84.32;84.7;19056720;1753326000
TO26;25/7/2025;85.54;85.99;84.25;85.02;36234268;1753412400
TO26;28/7/2025;86.9;86.9;83.51;84.2;39784700;1753671600
TO26;29/7/2025;84;86.25;84;84.57;34907320;1753758000
TO26;30/7/2025;84.61;86.9;82.7;84.98;43387592;1753844400
TO26;31/7/2025;86.1;86.1;85;86.1;117205064;1753930800
TO26;1/8/2025;87.1;87.1;85.06;85.8;70968672;1754017200
TO26;4/8/2025;85.01;87.48;85.01;86.1;28564584;1754276400
TO26;5/8/2025;85.51;87.42;85.51;86.07;34280832;1754362800
TO26;6/8/2025;86.47;86.5;82.7;86.38;46482508;1754449200
TO26;7/8/2025;82.3;86.96;82.3;85.99;168451360;1754535600
TO26;8/8/2025;85.5;85.5;84.06;84.75;61656336;1754622000
TO26;11/8/2025;85.59;85.95;84.4;84.48;77463808;1754881200
TO26;12/8/2025;84.8;86.1;84.01;85.5;24325894;1754967600
TO26;13/8/2025;86.11;86.11;84.53;85.48;27465652;1755054000
TO26;14/8/2025;85.89;85.89;84.1;85.75;42859616;1755140400
TO26;18/8/2025;85.89;85.89;83.51;84.9;41256664;1755486000
TO26;19/8/2025;85;85.89;83.5;84.47;29406912;1755572400
TO26;20/8/2025;84.47;87;80.2;83;50763000;1755658800
TO26;21/8/2025;83.51;85;80;81.5;52722920;1755745200
TO26;22/8/2025;81.5;84.84;79.1;80.99;292889888;1755831600
TO26;25/8/2025;81;82;78.11;79;88038128;1756090800
TO26;26/8/2025;78;79.9;74.5;79.89;55437036;1756177200
TO26;27/8/2025;79;82.48;78.12;80;298995136;1756263600
TO26;28/8/2025;81.99;81.99;78.21;79.75;410283840;1756350000
TO26;29/8/2025;81;81;78.51;80.66;147822752;1756436400
TO26;1/9/2025;81.1;82.64;79.25;81.9;67482776;1756695600
TO26;2/9/2025;82.49;82.49;80.2;80.85;106259232;1756782000
TO26;3/9/2025;81.99;81.99;78.61;80;124701408;1756868400
TO26;4/9/2025;80;80;78.21;80;137479024;1756954800
TO26;5/9/2025;81.65;81.65;79;80.83;99585040;1757041200
TO26;8/9/2025;79;79;70.01;77.69;180178208;1757300400
TO26;9/9/2025;78;79.67;77.2;77.87;54860424;1757386800
TO26;10/9/2025;77.51;81;77.51;79;52206400;1757473200
TO26;11/9/2025;79.51;81.69;79.01;80.75;166489888;1757559600
TO26;12/9/2025;81.49;81.49;79.01;80.39;253066864;1757646000
TO26;15/9/2025;80.4;82.5;76.51;82.5;202653808;1757905200
TO26;16/9/2025;78.01;82.5;78.01;79.88;71671576;1757991600
TO26;17/9/2025;79.9;81;78.61;80.39;119628888;1758078000
TO26;18/9/2025;80.4;80.4;70;73;210789184;1758164400
TO26;19/9/2025;78.27;78.28;70.5;71;458487328;1758250800
TO26;22/9/2025;74.99;76.75;71.1;76;685099072;1758510000
TO26;23/9/2025;73.01;78.5;73.01;78.24;120104056;1758596400
TO26;24/9/2025;73.6;82;73.6;81.84;413432416;1758682800
TO26;25/9/2025;81.5;83.19;79.55;79.55;264234480;1758769200
TO26;26/9/2025;80.94;80.94;77.7;79.99;224660336;1758855600
