Date,Price
2018-01-25,1770.239990234375
2018-01-26,1770.239990234375
2018-01-29,1893.1199951171875
2018-01-30,1955.199951171875
2018-01-31,1961.5999755859375
2018-02-01,1862.8480224609375
2018-02-02,2102.39990234375
2018-02-05,2807.0400390625
2018-02-06,2759.424072265625
2018-02-07,2850.56005859375
2018-02-08,3531.52001953125
2018-02-09,3217.919921875
2018-02-12,3107.199951171875
2018-02-13,3070.080078125
2018-02-14,2718.719970703125
2018-02-15,2656.0
2018-02-16,2695.679931640625
2018-02-20,2805.760009765625
2018-02-21,2848.0
2018-02-22,2810.8798828125
2018-02-23,2591.360107421875
2018-02-26,2513.919921875
2018-02-27,2714.239990234375
2018-02-28,2826.239990234375
2018-03-01,3020.800048828125
2018-03-02,2887.679931640625
2018-03-05,2781.43994140625
2018-03-06,2796.159912109375
2018-03-07,2754.56005859375
2018-03-08,2725.760009765625
2018-03-09,2448.0
2018-03-12,2544.639892578125
2018-03-13,2605.43994140625
2018-03-14,2662.39990234375
2018-03-15,2588.159912109375
2018-03-16,2515.199951171875
2018-03-19,2775.679931640625
2018-03-20,2722.56005859375
2018-03-21,2623.360107421875
2018-03-22,3020.800048828125
2018-03-23,3200.0
2018-03-26,2963.199951171875
2018-03-27,3185.919921875
2018-03-28,3206.080078125
2018-03-29,3136.0
2018-04-02,3317.760009765625
2018-04-03,3175.679931640625
2018-04-04,3115.52001953125
2018-04-05,3031.679931640625
2018-04-06,3187.199951171875
2018-04-09,3187.199951171875
2018-04-10,3187.199951171875
2018-04-11,3187.199951171875
2018-04-12,3077.760009765625
2018-04-13,2942.719970703125
2018-04-16,2793.60009765625
2018-04-17,2579.199951171875
2018-04-18,2595.840087890625
2018-04-19,2622.080078125
2018-04-20,2695.0400390625
2018-04-23,2662.39990234375
2018-04-24,2661.760009765625
2018-04-25,2851.199951171875
2018-04-26,2717.43994140625
2018-04-27,2651.199951171875
2018-04-30,2625.280029296875
2018-05-01,2711.0400390625
2018-05-02,2544.639892578125
2018-05-03,2752.0
2018-05-04,2579.199951171875
2018-05-07,2544.0
2018-05-08,2544.0
2018-05-09,2482.56005859375
2018-05-10,2349.43994140625
2018-05-11,2293.1201171875
2018-05-14,2225.919921875
2018-05-15,2387.199951171875
2018-05-16,2308.159912109375
2018-05-17,2250.8798828125
2018-05-18,2266.8798828125
2018-05-21,2176.0
2018-05-22,2191.488037109375
2018-05-23,2174.719970703125
2018-05-24,2187.52001953125
2018-05-25,2164.47998046875
2018-05-29,2458.8798828125
2018-05-30,2339.840087890625
2018-05-31,2364.159912109375
2018-06-01,2248.320068359375
2018-06-04,2248.320068359375
2018-06-05,2177.280029296875
2018-06-06,2076.159912109375
2018-06-07,2100.47998046875
2018-06-08,2075.52001953125
2018-06-11,2053.1201171875
2018-06-12,2046.719970703125
2018-06-13,2056.9599609375
2018-06-14,2001.407958984375
2018-06-15,2023.6800537109375
2018-06-18,1999.93603515625
2018-06-19,2101.696044921875
2018-06-20,2053.760009765625
2018-06-21,2189.43994140625
2018-06-22,2132.47998046875
2018-06-25,2438.39990234375
2018-06-26,2338.56005859375
2018-06-27,2464.0
2018-06-28,2508.800048828125
2018-06-29,2362.8798828125
2018-07-02,2415.360107421875
2018-07-03,2415.360107421875
2018-07-05,2314.239990234375
2018-07-06,2199.360107421875
2018-07-09,2078.719970703125
2018-07-10,2034.56005859375
2018-07-11,2101.760009765625
2018-07-12,2048.0
2018-07-13,2030.656005859375
2018-07-16,1999.3599853515625
2018-07-17,1966.0799560546875
2018-07-18,1955.8399658203125
2018-07-19,1996.800048828125
2018-07-20,2001.0880126953125
2018-07-23,2019.8399658203125
2018-07-24,1967.3599853515625
2018-07-25,1949.43994140625
2018-07-26,1954.56005859375
2018-07-27,2018.56005859375
2018-07-30,2056.320068359375
2018-07-31,2008.3199462890625
2018-08-01,1984.0
2018-08-02,1963.52001953125
2018-08-03,1928.9599609375
2018-08-06,1873.1519775390625
2018-08-07,1827.8399658203125
2018-08-08,1794.0479736328125
2018-08-09,1825.9200439453125
2018-08-10,1917.43994140625
2018-08-13,2028.800048828125
2018-08-14,1926.4000244140625
2018-08-15,2046.719970703125
2018-08-16,1934.719970703125
2018-08-17,1887.3599853515625
2018-08-20,1848.3199462890625
2018-08-21,1885.43994140625
2018-08-22,1852.800048828125
2018-08-23,1857.9200439453125
2018-08-24,1847.0400390625
2018-08-27,1849.5999755859375
2018-08-28,1851.52001953125
2018-08-29,1833.5999755859375
2018-08-30,1888.6400146484375
2018-08-31,1900.1600341796875
2018-09-04,1873.9200439453125
2018-09-05,1885.43994140625
2018-09-06,1943.0400390625
2018-09-07,1971.8399658203125
2018-09-10,1918.719970703125
2018-09-11,1862.4000244140625
2018-09-12,1838.0799560546875
2018-09-13,1788.1600341796875
2018-09-14,1750.4000244140625
2018-09-17,1804.800048828125
2018-09-18,1795.199951171875
2018-09-19,1733.1199951171875
2018-09-20,1704.9599609375
2018-09-21,1700.2239990234375
2018-09-24,1706.8800048828125
2018-09-25,1722.8800048828125
2018-09-26,1728.0
2018-09-27,1711.3599853515625
2018-09-28,1708.800048828125
2018-10-01,1689.5999755859375
2018-10-02,1689.5999755859375
2018-10-03,1676.800048828125
2018-10-04,1779.199951171875
2018-10-05,1807.3599853515625
2018-10-08,1832.9599609375
2018-10-09,1861.1199951171875
2018-10-10,2172.800048828125
2018-10-11,2359.0400390625
2018-10-12,2180.47998046875
2018-10-15,2193.280029296875
2018-10-16,2053.1201171875
2018-10-17,2077.43994140625
2018-10-18,2230.39990234375
2018-10-19,2193.280029296875
2018-10-22,2213.1201171875
2018-10-23,2296.9599609375
2018-10-24,2474.239990234375
2018-10-25,2423.0400390625
2018-10-26,2559.360107421875
2018-10-29,2581.760009765625
2018-10-30,2483.840087890625
2018-10-31,2405.1201171875
2018-11-01,2327.679931640625
2018-11-02,2346.239990234375
2018-11-05,2323.840087890625
2018-11-06,2245.1201171875
2018-11-07,2089.60009765625
2018-11-08,2080.0
2018-11-09,2126.912109375
2018-11-12,2307.840087890625
2018-11-13,2325.1201171875
2018-11-14,2385.280029296875
2018-11-15,2360.320068359375
2018-11-16,2252.159912109375
2018-11-19,2384.0
2018-11-20,2517.1201171875
2018-11-21,2458.239990234375
2018-11-23,2479.360107421875
2018-11-26,2339.199951171875
2018-11-27,2297.60009765625
2018-11-28,2229.760009765625
2018-11-29,2270.080078125
2018-11-30,2206.080078125
2018-12-03,2086.39990234375
2018-12-04,2357.760009765625
2018-12-06,2418.56005859375
2018-12-07,2580.47998046875
2018-12-10,2555.52001953125
2018-12-11,2555.968017578125
2018-12-12,2535.679931640625
2018-12-13,2496.639892578125
2018-12-14,2598.39990234375
2018-12-17,2725.760009765625
2018-12-18,2738.56005859375
2018-12-19,2728.9599609375
2018-12-20,2867.840087890625
2018-12-21,3012.47998046875
2018-12-24,3163.52001953125
2018-12-26,2995.840087890625
2018-12-27,3122.56005859375
2018-12-28,3117.43994140625
2018-12-31,3007.360107421875
2019-01-02,2927.360107421875
2019-01-03,3048.9599609375
2019-01-04,2807.0400390625
2019-01-07,2744.320068359375
2019-01-08,2688.639892578125
2019-01-09,2625.280029296875
2019-01-10,2597.760009765625
2019-01-11,2513.280029296875
2019-01-14,2520.320068359375
2019-01-15,2410.8798828125
2019-01-16,2459.52001953125
2019-01-17,2432.0
2019-01-18,2371.840087890625
2019-01-22,2580.47998046875
2019-01-23,2566.39990234375
2019-01-24,2475.52001953125
2019-01-25,2382.719970703125
2019-01-28,2481.280029296875
2019-01-29,2474.239990234375
2019-01-30,2365.43994140625
2019-01-31,2267.52001953125
2019-02-01,2245.760009765625
2019-02-04,2176.0
2019-02-05,2157.43994140625
2019-02-06,2145.919921875
2019-02-07,2217.60009765625
2019-02-08,2190.719970703125
2019-02-11,2167.0400390625
2019-02-12,2128.0
2019-02-13,2122.8798828125
2019-02-14,2161.280029296875
2019-02-15,2085.760009765625
2019-02-19,2092.159912109375
2019-02-20,2008.3199462890625
2019-02-21,2034.56005859375
2019-02-22,1957.760009765625
2019-02-25,1992.9599609375
2019-02-26,2009.5999755859375
2019-02-27,2011.52001953125
2019-02-28,2010.239990234375
2019-03-01,1918.719970703125
2019-03-04,1965.43994140625
2019-03-05,1976.9599609375
2019-03-06,2035.199951171875
2019-03-07,2112.639892578125
2019-03-08,2126.719970703125
2019-03-11,1971.8399658203125
2019-03-12,1916.1600341796875
2019-03-13,1895.6800537109375
2019-03-14,1864.3199462890625
2019-03-15,1829.760009765625
2019-03-18,1834.239990234375
2019-03-19,1846.4000244140625
2019-03-20,1866.239990234375
2019-03-21,1841.9200439453125
2019-03-22,2053.1201171875
2019-03-25,2063.360107421875
2019-03-26,1946.8800048828125
2019-03-27,1976.3199462890625
2019-03-28,1932.1600341796875
2019-03-29,1872.6400146484375
2019-04-01,1839.3599853515625
2019-04-02,1834.239990234375
2019-04-03,1847.0400390625
2019-04-04,1828.47998046875
2019-04-05,1792.0
2019-04-08,1783.6800537109375
2019-04-09,1847.0400390625
2019-04-10,1795.199951171875
2019-04-11,1760.0
2019-04-12,1680.6400146484375
2019-04-15,1658.8800048828125
2019-04-16,1645.43994140625
2019-04-17,1656.9599609375
2019-04-18,1630.719970703125
2019-04-22,1616.0
2019-04-23,1603.199951171875
2019-04-24,1644.800048828125
2019-04-25,1676.800048828125
2019-04-26,1618.56005859375
2019-04-29,1643.52001953125
2019-04-30,1643.52001953125
2019-05-01,1705.5999755859375
2019-05-02,1708.1600341796875
2019-05-03,1626.8800048828125
2019-05-06,1719.0400390625
2019-05-07,2005.1199951171875
2019-05-08,1965.43994140625
2019-05-09,1955.199951171875
2019-05-10,1804.1600341796875
2019-05-13,2076.800048828125
2019-05-14,1961.5999755859375
2019-05-15,1879.0400390625
2019-05-16,1798.4000244140625
2019-05-17,1825.280029296875
2019-05-20,1852.1600341796875
2019-05-21,1758.719970703125
2019-05-22,1742.0799560546875
2019-05-23,1857.280029296875
2019-05-24,1818.8800048828125
2019-05-28,1873.280029296875
2019-05-29,1909.760009765625
2019-05-30,1875.8399658203125
2019-05-31,1946.8800048828125
2019-06-03,1966.719970703125
2019-06-04,1857.280029296875
2019-06-05,1821.43994140625
2019-06-06,1782.4000244140625
2019-06-07,1795.8399658203125
2019-06-10,1783.0400390625
2019-06-11,1786.239990234375
2019-06-12,1777.9200439453125
2019-06-13,1767.0400390625
2019-06-14,1748.47998046875
2019-06-17,1729.9200439453125
2019-06-18,1716.47998046875
2019-06-19,1659.52001953125
2019-06-20,1664.6400146484375
2019-06-21,1703.6800537109375
2019-06-24,1688.3199462890625
2019-06-25,1731.199951171875
2019-06-26,1717.760009765625
2019-06-27,1690.8800048828125
2019-06-28,1664.0
2019-07-01,1571.8399658203125
2019-07-02,1513.5999755859375
2019-07-03,1504.6400146484375
2019-07-05,1509.1199951171875
2019-07-08,1550.719970703125
2019-07-09,1555.199951171875
2019-07-10,1507.8399658203125
2019-07-11,1482.8800048828125
2019-07-12,1459.199951171875
2019-07-15,1453.43994140625
2019-07-16,1457.9200439453125
2019-07-17,1495.0400390625
2019-07-18,1479.3599853515625
2019-07-19,1496.3199462890625
2019-07-22,1466.239990234375
2019-07-23,1414.4000244140625
2019-07-24,1378.56005859375
2019-07-25,1420.800048828125
2019-07-26,1384.9599609375
2019-07-29,1397.1199951171875
2019-07-30,1429.760009765625
2019-07-31,1509.760009765625
2019-08-01,1628.800048828125
2019-08-02,1642.239990234375
2019-08-05,1875.199951171875
2019-08-06,1758.719970703125
2019-08-07,1767.6800537109375
2019-08-08,1662.719970703125
2019-08-09,1723.52001953125
2019-08-12,1848.9599609375
2019-08-13,1712.6400146484375
2019-08-14,1949.760009765625
2019-08-15,1898.8800048828125
2019-08-16,1793.9200439453125
2019-08-19,1662.719970703125
2019-08-20,1702.4000244140625
2019-08-21,1619.199951171875
2019-08-22,1648.0
2019-08-23,1853.43994140625
2019-08-26,1798.4000244140625
2019-08-27,1834.8800048828125
2019-08-28,1793.280029296875
2019-08-29,1718.4000244140625
2019-08-30,1728.0
2019-09-03,1804.1600341796875
2019-09-04,1692.800048828125
2019-09-05,1630.0799560546875
2019-09-06,1582.0799560546875
2019-09-09,1566.719970703125
2019-09-10,1561.5999755859375
2019-09-11,1537.280029296875
2019-09-12,1500.800048828125
2019-09-13,1477.1199951171875
2019-09-16,1498.8800048828125
2019-09-17,1491.8399658203125
2019-09-18,1443.8399658203125
2019-09-19,1417.5999755859375
2019-09-20,1490.56005859375
2019-09-23,1477.760009765625
2019-09-24,1546.239990234375
2019-09-25,1511.0400390625
2019-09-26,1523.8399658203125
2019-09-27,1565.43994140625
2019-09-30,1519.3599853515625
2019-10-01,1586.56005859375
2019-10-02,1692.800048828125
2019-10-03,1628.1600341796875
2019-10-04,1541.760009765625
2019-10-07,1553.280029296875
2019-10-08,1679.3599853515625
2019-10-09,1623.0400390625
2019-10-10,1563.52001953125
2019-10-11,1473.280029296875
2019-10-14,1425.280029296875
2019-10-15,1388.1600341796875
2019-10-16,1370.8800048828125
2019-10-17,1362.56005859375
2019-10-18,1359.3599853515625
2019-10-21,1323.52001953125
2019-10-22,1344.6400146484375
2019-10-23,1328.0
2019-10-24,1309.43994140625
2019-10-25,1266.56005859375
2019-10-28,1278.719970703125
2019-10-29,1277.43994140625
2019-10-30,1246.0799560546875
2019-10-31,1264.0
2019-11-01,1207.6800537109375
2019-11-04,1209.5999755859375
2019-11-05,1234.56005859375
2019-11-06,1230.0799560546875
2019-11-07,1218.56005859375
2019-11-08,1192.9599609375
2019-11-11,1188.47998046875
2019-11-12,1174.4000244140625
2019-11-13,1182.719970703125
2019-11-14,1163.52001953125
2019-11-15,1113.5999755859375
2019-11-18,1112.3199462890625
2019-11-19,1124.47998046875
2019-11-20,1136.0
2019-11-21,1138.56005859375
2019-11-22,1105.9200439453125
2019-11-25,1057.9200439453125
2019-11-26,1042.56005859375
2019-11-27,1037.43994140625
2019-11-29,1058.56005859375
2019-12-02,1113.5999755859375
2019-12-03,1178.239990234375
2019-12-04,1123.8399658203125
2019-12-05,1109.1199951171875
2019-12-06,1070.719970703125
2019-12-09,1126.4000244140625
2019-12-10,1128.3199462890625
2019-12-11,1102.0799560546875
2019-12-12,1036.800048828125
2019-12-13,993.9199829101562
2019-12-16,972.7999877929688
2019-12-17,965.760009765625
2019-12-18,975.3599853515625
2019-12-19,951.0399780273438
2019-12-20,962.5599975585938
2019-12-23,965.760009765625
2019-12-24,956.1599731445312
2019-12-26,954.8800048828125
2019-12-27,974.719970703125
2019-12-30,1008.6400146484375
2019-12-31,967.6799926757812
2020-01-02,928.6400146484375
2020-01-03,978.5599975585938
2020-01-06,965.1199951171875
2020-01-07,960.6400146484375
2020-01-08,947.2000122070312
2020-01-09,907.52001953125
2020-01-10,903.6799926757812
2020-01-13,880.6400146484375
2020-01-14,874.239990234375
2020-01-15,871.6799926757812
2020-01-16,850.5599975585938
2020-01-17,852.47998046875
2020-01-21,859.52001953125
2020-01-22,866.5599975585938
2020-01-23,863.3599853515625
2020-01-24,911.3599853515625
2020-01-27,1005.4400024414062
2020-01-28,949.1199951171875
2020-01-29,950.4000244140625
2020-01-30,934.4000244140625
2020-01-31,1036.800048828125
2020-02-03,997.1199951171875
2020-02-04,949.1199951171875
2020-02-05,908.7999877929688
2020-02-06,901.760009765625
2020-02-07,920.3200073242188
2020-02-10,902.4000244140625
2020-02-11,903.6799926757812
2020-02-12,857.5999755859375
2020-02-13,876.1599731445312
2020-02-14,865.280029296875
2020-02-18,880.6400146484375
2020-02-19,867.8400268554688
2020-02-20,898.5599975585938
2020-02-21,953.5999755859375
2020-02-24,1130.8800048828125
2020-02-25,1237.760009765625
2020-02-26,1211.52001953125
2020-02-27,1408.0
2020-02-28,1459.8399658203125
2020-03-02,1409.9200439453125
2020-03-03,1564.800048828125
2020-03-04,1472.0
2020-03-05,1707.52001953125
2020-03-06,1908.47998046875
2020-03-09,2365.43994140625
2020-03-10,2183.0400390625
2020-03-11,2474.239990234375
2020-03-12,3031.0400390625
2020-03-13,2764.800048828125
2020-03-16,3789.43994140625
2020-03-17,3744.639892578125
2020-03-18,4416.0
2020-03-19,3968.0
2020-03-20,3875.199951171875
2020-03-23,3272.320068359375
2020-03-24,3017.60009765625
2020-03-25,3257.60009765625
2020-03-26,2919.679931640625
2020-03-27,3238.39990234375
2020-03-30,3112.320068359375
2020-03-31,2960.0
2020-04-01,3214.080078125
2020-04-02,3031.0400390625
2020-04-03,2908.800048828125
2020-04-06,2701.43994140625
2020-04-07,2778.239990234375
2020-04-08,2713.60009765625
2020-04-09,2660.47998046875
2020-04-13,2605.43994140625
2020-04-14,2394.239990234375
2020-04-15,2586.239990234375
2020-04-16,2607.360107421875
2020-04-17,2499.199951171875
2020-04-20,2741.760009765625
2020-04-21,2970.8798828125
2020-04-22,2828.159912109375
2020-04-23,2819.840087890625
2020-04-24,2657.280029296875
2020-04-27,2461.43994140625
2020-04-28,2500.47998046875
2020-04-29,2349.1201171875
2020-04-30,2423.679931640625
2020-05-01,2636.159912109375
2020-05-04,2576.639892578125
2020-05-05,2474.8798828125
2020-05-06,2509.43994140625
2020-05-07,2398.080078125
2020-05-08,2236.800048828125
2020-05-11,2087.679931640625
2020-05-12,2297.60009765625
2020-05-13,2537.60009765625
2020-05-14,2398.080078125
2020-05-15,2342.39990234375
2020-05-18,2191.360107421875
2020-05-19,2305.919921875
2020-05-20,2156.800048828125
2020-05-21,2219.52001953125
2020-05-22,2198.39990234375
2020-05-26,2165.1201171875
2020-05-27,2121.60009765625
2020-05-28,2206.719970703125
2020-05-29,2120.320068359375
2020-06-01,2138.8798828125
2020-06-02,2079.360107421875
2020-06-03,1989.760009765625
2020-06-04,1973.760009765625
2020-06-05,1866.8800048828125
2020-06-08,1908.47998046875
2020-06-09,2001.280029296875
2020-06-10,1992.3199462890625
2020-06-11,2663.0400390625
2020-06-12,2477.43994140625
2020-06-15,2414.080078125
2020-06-16,2359.679931640625
2020-06-17,2366.719970703125
2020-06-18,2323.840087890625
2020-06-19,2360.9599609375
2020-06-22,2245.760009765625
2020-06-23,2204.800048828125
2020-06-24,2350.080078125
2020-06-25,2264.9599609375
2020-06-26,2400.0
2020-06-29,2283.52001953125
2020-06-30,2172.800048828125
2020-07-01,2104.9599609375
2020-07-02,2068.47998046875
2020-07-06,2065.919921875
2020-07-07,2136.9599609375
2020-07-08,2083.199951171875
2020-07-09,2115.840087890625
2020-07-10,2057.60009765625
2020-07-13,2255.360107421875
2020-07-14,2125.43994140625
2020-07-15,2064.639892578125
2020-07-16,2032.6400146484375
2020-07-17,1959.6800537109375
2020-07-20,1870.719970703125
2020-07-21,1887.3599853515625
2020-07-22,1866.239990234375
2020-07-23,1924.47998046875
2020-07-24,1930.8800048828125
2020-07-27,1877.760009765625
2020-07-28,1866.8800048828125
2020-07-29,1828.47998046875
2020-07-30,1868.800048828125
2020-07-31,1825.280029296875
2020-08-03,1821.43994140625
2020-08-04,1767.6800537109375
2020-08-05,1730.56005859375
2020-08-06,1711.3599853515625
2020-08-07,1697.9200439453125
2020-08-10,1648.0
2020-08-11,1724.800048828125
2020-08-12,1633.9200439453125
2020-08-13,1632.6400146484375
2020-08-14,1628.1600341796875
2020-08-17,1573.760009765625
2020-08-18,1557.1199951171875
2020-08-19,1585.280029296875
2020-08-20,1568.0
2020-08-21,1576.3199462890625
2020-08-24,1569.280029296875
2020-08-25,1560.9599609375
2020-08-26,1595.52001953125
2020-08-27,1646.0799560546875
2020-08-28,1637.1199951171875
2020-08-31,1718.4000244140625
2020-09-01,1745.280029296875
2020-09-02,1788.1600341796875
2020-09-03,2029.43994140625
2020-09-04,1850.8800048828125
2020-09-08,1809.9200439453125
2020-09-09,1717.1199951171875
2020-09-10,1736.3199462890625
2020-09-11,1633.280029296875
2020-09-14,1604.47998046875
2020-09-15,1601.9200439453125
2020-09-16,1597.43994140625
2020-09-17,1560.9599609375
2020-09-18,1559.6800537109375
2020-09-21,1610.239990234375
2020-09-22,1623.0400390625
2020-09-23,1708.800048828125
2020-09-24,1676.1600341796875
2020-09-25,1634.56005859375
2020-09-28,1623.0400390625
2020-09-29,1596.1600341796875
2020-09-30,1593.5999755859375
2020-10-01,1600.6400146484375
2020-10-02,1649.9200439453125
2020-10-05,1598.0799560546875
2020-10-06,1620.47998046875
2020-10-07,1567.3599853515625
2020-10-08,1504.6400146484375
2020-10-09,1426.56005859375
2020-10-12,1398.4000244140625
2020-10-13,1417.5999755859375
2020-10-14,1402.8800048828125
2020-10-15,1415.0400390625
2020-10-16,1425.280029296875
2020-10-19,1487.3599853515625
2020-10-20,1486.719970703125
2020-10-21,1451.52001953125
2020-10-22,1417.5999755859375
2020-10-23,1418.8800048828125
2020-10-26,1546.8800048828125
2020-10-27,1553.280029296875
2020-10-28,1774.719970703125
2020-10-29,1648.0
2020-10-30,1697.9200439453125
2020-11-02,1660.1600341796875
2020-11-03,1568.6400146484375
2020-11-04,1430.4000244140625
2020-11-05,1406.719970703125
2020-11-06,1313.280029296875
2020-11-09,1284.47998046875
2020-11-10,1246.0799560546875
2020-11-11,1215.3599853515625
2020-11-12,1301.1199951171875
2020-11-13,1221.1199951171875
2020-11-16,1186.56005859375
2020-11-17,1171.199951171875
2020-11-18,1205.760009765625
2020-11-19,1192.9599609375
2020-11-20,1190.4000244140625
2020-11-23,1175.0400390625
2020-11-24,1155.199951171875
2020-11-25,1112.9599609375
2020-11-27,1120.6400146484375
2020-11-30,1099.52001953125
2020-12-01,1110.4000244140625
2020-12-02,1104.6400146484375
2020-12-03,1114.8800048828125
2020-12-04,1095.0400390625
2020-12-07,1101.43994140625
2020-12-08,1061.760009765625
2020-12-09,1100.800048828125
2020-12-10,1111.0400390625
2020-12-11,1152.0
2020-12-14,1178.239990234375
2020-12-15,1123.8399658203125
2020-12-16,1087.3599853515625
2020-12-17,1072.0
2020-12-18,1093.1199951171875
2020-12-21,1180.1600341796875
2020-12-22,1159.0400390625
2020-12-23,1112.3199462890625
2020-12-24,1080.3199462890625
2020-12-28,1076.47998046875
2020-12-29,1115.52001953125
2020-12-30,1075.199951171875
2020-12-31,1074.56005859375
2021-01-04,1168.0
2021-01-05,1128.9599609375
2021-01-06,1123.199951171875
2021-01-07,1056.0
2021-01-08,1046.4000244140625
2021-01-11,1109.760009765625
2021-01-12,1072.0
2021-01-13,1055.3599853515625
2021-01-14,1067.52001953125
2021-01-15,1095.0400390625
2021-01-19,1064.3199462890625
2021-01-20,1043.8399658203125
2021-01-21,1035.52001953125
2021-01-22,1049.5999755859375
2021-01-25,1091.8399658203125
2021-01-26,1100.800048828125
2021-01-27,1296.0
2021-01-28,1266.56005859375
2021-01-29,1349.1199951171875
2021-02-01,1272.3199462890625
2021-02-02,1164.1600341796875
2021-02-03,1104.0
2021-02-04,1056.0
2021-02-05,1054.0799560546875
2021-02-08,1045.1199951171875
2021-02-09,1049.5999755859375
2021-02-10,1066.8800048828125
2021-02-11,1041.9200439453125
2021-02-12,1007.3599853515625
2021-02-16,1018.239990234375
2021-02-17,997.1199951171875
2021-02-18,1002.239990234375
2021-02-19,966.4000244140625
2021-02-22,1006.719970703125
2021-02-23,965.1199951171875
2021-02-24,926.719970703125
2021-02-25,1074.56005859375
2021-02-26,1025.9200439453125
2021-03-01,949.760009765625
2021-03-02,958.0800170898438
2021-03-03,999.0399780273438
2021-03-04,1041.280029296875
2021-03-05,967.6799926757812
2021-03-08,984.9600219726562
2021-03-09,945.280029296875
2021-03-10,933.1199951171875
2021-03-11,910.0800170898438
2021-03-12,892.7999877929688
2021-03-15,842.239990234375
2021-03-16,842.239990234375
2021-03-17,805.760009765625
2021-03-18,850.5599975585938
2021-03-19,817.280029296875
2021-03-22,764.1599731445312
2021-03-23,800.0
2021-03-24,807.0399780273438
2021-03-25,782.719970703125
2021-03-26,751.3599853515625
2021-03-29,768.6400146484375
2021-03-30,735.3599853515625
2021-03-31,729.5999755859375
2021-04-01,707.2000122070312
2021-04-05,689.280029296875
2021-04-06,689.280029296875
2021-04-07,671.3599853515625
2021-04-08,661.1199951171875
2021-04-09,659.8400268554688
2021-04-12,650.239990234375
2021-04-13,645.760009765625
2021-04-14,659.8400268554688
2021-04-15,638.0800170898438
2021-04-16,627.8400268554688
2021-04-19,650.8800048828125
2021-04-20,665.5999755859375
2021-04-21,629.760009765625
2021-04-22,668.7999877929688
2021-04-23,642.719970703125
2021-04-26,637.1199951171875
2021-04-27,624.1599731445312
2021-04-28,621.9199829101562
2021-04-29,617.1199951171875
2021-04-30,642.5599975585938
2021-05-03,620.0
2021-05-04,643.3599853515625
2021-05-05,627.0399780273438
2021-05-06,623.2000122070312
2021-05-07,587.8400268554688
2021-05-10,613.5999755859375
2021-05-11,659.3599853515625
2021-05-12,774.3200073242188
2021-05-13,700.0
2021-05-14,617.6799926757812
2021-05-17,637.9199829101562
2021-05-18,647.2000122070312
2021-05-19,677.5999755859375
2021-05-20,639.8400268554688
2021-05-21,631.6799926757812
2021-05-24,603.6799926757812
2021-05-25,603.2000122070312
2021-05-26,574.4000244140625
2021-05-27,546.5599975585938
2021-05-28,555.2000122070312
2021-06-01,568.47998046875
2021-06-02,553.760009765625
2021-06-03,564.0
2021-06-04,534.239990234375
2021-06-07,524.6400146484375
2021-06-08,530.239990234375
2021-06-09,538.8800048828125
2021-06-10,507.67999267578125
2021-06-11,493.1199951171875
2021-06-14,497.760009765625
2021-06-15,508.6400146484375
2021-06-16,513.1199951171875
2021-06-17,510.239990234375
2021-06-18,555.0399780273438
2021-06-21,520.6400146484375
2021-06-22,493.9200134277344
2021-06-23,484.6400146484375
2021-06-24,475.20001220703125
2021-06-25,466.3999938964844
2021-06-28,466.3999938964844
2021-06-29,476.32000732421875
2021-06-30,471.3599853515625
2021-07-01,463.67999267578125
2021-07-02,462.55999755859375
2021-07-06,473.1199951171875
2021-07-07,474.0799865722656
2021-07-08,504.79998779296875
2021-07-09,470.8800048828125
2021-07-12,467.8399963378906
2021-07-13,473.44000244140625
2021-07-14,462.55999755859375
2021-07-15,469.2799987792969
2021-07-16,488.79998779296875
2021-07-19,558.5599975585938
2021-07-20,511.5199890136719
2021-07-21,479.0400085449219
2021-07-22,487.5199890136719
2021-07-23,485.2799987792969
2021-07-26,477.6000061035156
2021-07-27,493.760009765625
2021-07-28,479.8399963378906
2021-07-29,471.8399963378906
2021-07-30,483.3599853515625
2021-08-02,502.0799865722656
2021-08-03,476.9599914550781
2021-08-04,476.32000732421875
2021-08-05,464.79998779296875
2021-08-06,452.79998779296875
2021-08-09,448.1600036621094
2021-08-10,440.4800109863281
2021-08-11,428.4800109863281
2021-08-12,419.8399963378906
2021-08-13,420.4800109863281
2021-08-16,421.1199951171875
2021-08-17,435.20001220703125
2021-08-18,465.1199951171875
2021-08-19,480.239990234375
2021-08-20,444.1600036621094
2021-08-23,428.9599914550781
2021-08-24,427.3599853515625
2021-08-25,418.0799865722656
2021-08-26,436.0
2021-08-27,413.6000061035156
2021-08-30,409.44000244140625
2021-08-31,407.8399963378906
2021-09-01,397.1199951171875
2021-09-02,396.32000732421875
2021-09-03,399.0400085449219
2021-09-07,408.79998779296875
2021-09-08,408.1600036621094
2021-09-09,416.79998779296875
2021-09-10,432.9599914550781
2021-09-13,417.44000244140625
2021-09-14,423.3599853515625
2021-09-15,406.8800048828125
2021-09-16,402.8800048828125
2021-09-17,428.9599914550781
2021-09-20,475.8399963378906
2021-09-21,461.760009765625
2021-09-22,433.1199951171875
2021-09-23,405.760009765625
2021-09-24,393.2799987792969
2021-09-27,397.1199951171875
2021-09-28,438.55999755859375
2021-09-29,444.9599914550781
2021-09-30,445.2799987792969
2021-10-01,429.1199951171875
2021-10-04,441.1199951171875
2021-10-05,424.79998779296875
2021-10-06,419.3599853515625
2021-10-07,404.1600036621094
2021-10-08,396.6400146484375
2021-10-11,401.9200134277344
2021-10-12,393.760009765625
2021-10-13,386.239990234375
2021-10-14,364.9599914550781
2021-10-15,364.6400146484375
2021-10-18,357.9200134277344
2021-10-19,354.3999938964844
2021-10-20,351.20001220703125
2021-10-21,339.5199890136719
2021-10-22,347.20001220703125
2021-10-25,336.9599914550781
2021-10-26,343.5199890136719
2021-10-27,351.20001220703125
2021-10-28,340.32000732421875
2021-10-29,343.0400085449219
2021-11-01,337.6000061035156
2021-11-02,328.4800109863281
2021-11-03,317.1199951171875
2021-11-04,320.79998779296875
2021-11-05,333.2799987792969
2021-11-08,333.760009765625
2021-11-09,339.3599853515625
2021-11-10,345.6000061035156
2021-11-11,338.239990234375
2021-11-12,325.760009765625
2021-11-15,321.9200134277344
2021-11-16,323.0400085449219
2021-11-17,328.32000732421875
2021-11-18,331.3599853515625
2021-11-19,335.3599853515625
2021-11-22,341.2799987792969
2021-11-23,333.6000061035156
2021-11-24,328.79998779296875
2021-11-26,418.55999755859375
2021-11-29,352.79998779296875
2021-11-30,407.3599853515625
2021-12-01,436.79998779296875
2021-12-02,411.5199890136719
2021-12-03,447.3599853515625
2021-12-06,412.4800109863281
2021-12-07,366.3999938964844
2021-12-08,344.32000732421875
2021-12-09,355.20001220703125
2021-12-10,332.4800109863281
2021-12-13,346.239990234375
2021-12-14,350.8800048828125
2021-12-15,326.8800048828125
2021-12-16,340.6400146484375
2021-12-17,351.5199890136719
2021-12-20,364.4800109863281
2021-12-21,346.55999755859375
2021-12-22,326.55999755859375
2021-12-23,322.8800048828125
2021-12-27,315.20001220703125
2021-12-28,307.3599853515625
2021-12-29,299.3599853515625
2021-12-30,299.3599853515625
2021-12-31,296.4800109863281
2022-01-03,286.3999938964844
2022-01-04,286.0799865722656
2022-01-05,308.6400146484375
2022-01-06,310.0799865722656
2022-01-07,301.1199951171875
2022-01-10,295.5199890136719
2022-01-11,285.1199951171875
2022-01-12,282.0799865722656
2022-01-13,299.8399963378906
2022-01-14,295.20001220703125
2022-01-18,318.239990234375
2022-01-19,325.760009765625
2022-01-20,339.8399963378906
2022-01-21,371.20001220703125
2022-01-24,379.5199890136719
2022-01-25,381.760009765625
2022-01-26,389.1199951171875
2022-01-27,391.8399963378906
2022-01-28,367.20001220703125
2022-01-31,342.55999755859375
2022-02-01,317.44000244140625
2022-02-02,310.7200012207031
2022-02-03,348.4800109863281
2022-02-04,336.0
2022-02-07,326.7200012207031
2022-02-08,312.0
2022-02-09,299.3599853515625
2022-02-10,327.3599853515625
2022-02-11,371.8399963378906
2022-02-14,372.9599914550781
2022-02-15,342.239990234375
2022-02-16,328.4800109863281
2022-02-17,367.3599853515625
2022-02-18,375.20001220703125
2022-02-22,373.760009765625
2022-02-23,395.20001220703125
2022-02-24,382.79998779296875
2022-02-25,367.20001220703125
2022-02-28,384.0
2022-03-01,426.7200012207031
2022-03-02,399.3599853515625
2022-03-03,401.760009765625
2022-03-04,419.20001220703125
2022-03-07,455.8399963378906
2022-03-08,450.3999938964844
2022-03-09,432.4800109863281
2022-03-10,413.2799987792969
2022-03-11,421.44000244140625
2022-03-14,460.9599914550781
2022-03-15,459.20001220703125
2022-03-16,415.20001220703125
2022-03-17,418.3999938964844
2022-03-18,400.0
2022-03-21,416.1600036621094
2022-03-22,407.1199951171875
2022-03-23,407.8399963378906
2022-03-24,403.20001220703125
2022-03-25,403.20001220703125
2022-03-28,411.67999267578125
2022-03-29,397.6000061035156
2022-03-30,400.0
2022-03-31,411.20001220703125
2022-04-01,400.4800109863281
2022-04-04,390.8800048828125
2022-04-05,396.9599914550781
2022-04-06,390.0799865722656
2022-04-07,384.79998779296875
2022-04-08,394.7200012207031
2022-04-11,417.6000061035156
2022-04-12,411.8399963378906
2022-04-13,393.44000244140625
2022-04-14,399.8399963378906
2022-04-18,404.9599914550781
2022-04-19,395.67999267578125
2022-04-20,390.239990234375
2022-04-21,397.760009765625
2022-04-22,418.3999938964844
2022-04-25,396.79998779296875
2022-04-26,421.6000061035156
2022-04-27,435.20001220703125
2022-04-28,416.6400146484375
2022-04-29,443.3599853515625
2022-05-02,440.0
2022-05-03,432.79998779296875
2022-05-04,397.6000061035156
2022-05-05,432.0
2022-05-06,433.1199951171875
2022-05-09,448.1600036621094
2022-05-10,432.8800048828125
2022-05-11,436.4800109863281
2022-05-12,430.8800048828125
2022-05-13,415.5199890136719
2022-05-16,395.0400085449219
2022-05-17,396.6400146484375
2022-05-18,417.44000244140625
2022-05-19,405.67999267578125
2022-05-20,400.79998779296875
2022-05-23,384.9599914550781
2022-05-24,384.4800109863281
2022-05-25,378.3999938964844
2022-05-26,372.1600036621094
2022-05-27,359.3599853515625
2022-05-31,360.9599914550781
2022-06-01,356.1600036621094
2022-06-02,347.20001220703125
2022-06-03,350.239990234375
2022-06-06,352.4800109863281
2022-06-07,346.7200012207031
2022-06-08,348.79998779296875
2022-06-09,370.0799865722656
2022-06-10,373.2799987792969
2022-06-13,413.44000244140625
2022-06-14,405.2799987792969
2022-06-15,383.5199890136719
2022-06-16,406.3999938964844
2022-06-17,394.55999755859375
2022-06-21,392.0
2022-06-22,381.44000244140625
2022-06-23,374.3999938964844
2022-06-24,369.9200134277344
2022-06-27,361.6000061035156
2022-06-28,364.4800109863281
2022-06-29,365.44000244140625
2022-06-30,369.2799987792969
2022-07-01,360.6400146484375
2022-07-05,360.79998779296875
2022-07-06,354.55999755859375
2022-07-07,357.2799987792969
2022-07-08,351.8399963378906
2022-07-11,355.3599853515625
2022-07-12,359.67999267578125
2022-07-13,358.55999755859375
2022-07-14,357.1199951171875
2022-07-15,344.6400146484375
2022-07-18,350.55999755859375
2022-07-19,349.6000061035156
2022-07-20,345.1199951171875
2022-07-21,339.20001220703125
2022-07-22,342.3999938964844
2022-07-25,338.3999938964844
2022-07-26,346.7200012207031
2022-07-27,340.9599914550781
2022-07-28,333.1199951171875
2022-07-29,335.0400085449219
2022-08-01,348.79998779296875
2022-08-02,346.3999938964844
2022-08-03,351.20001220703125
2022-08-04,341.1199951171875
2022-08-05,344.0
2022-08-08,353.1199951171875
2022-08-09,351.0400085449219
2022-08-10,343.0400085449219
2022-08-11,347.0400085449219
2022-08-12,352.79998779296875
2022-08-15,343.8399963378906
2022-08-16,340.6400146484375
2022-08-17,337.6000061035156
2022-08-18,338.239990234375
2022-08-19,338.55999755859375
2022-08-22,339.5199890136719
2022-08-23,322.239990234375
2022-08-24,316.79998779296875
2022-08-25,315.20001220703125
2022-08-26,322.3999938964844
2022-08-29,315.3599853515625
2022-08-30,311.67999267578125
2022-08-31,307.8399963378906
2022-09-01,311.0400085449219
2022-09-02,305.44000244140625
2022-09-06,308.0
2022-09-07,296.79998779296875
2022-09-08,291.5199890136719
2022-09-09,295.5199890136719
2022-09-12,290.3999938964844
2022-09-13,304.1600036621094
2022-09-14,305.44000244140625
2022-09-15,306.3999938964844
2022-09-16,316.9599914550781
2022-09-19,287.8399963378906
2022-09-20,294.55999755859375
2022-09-21,301.760009765625
2022-09-22,302.55999755859375
2022-09-23,317.1199951171875
2022-09-26,328.9599914550781
2022-09-27,335.20001220703125
2022-09-28,321.1199951171875
2022-09-29,329.9200134277344
2022-09-30,339.3599853515625
2022-10-03,322.3999938964844
2022-10-04,310.239990234375
2022-10-05,312.32000732421875
2022-10-06,321.44000244140625
2022-10-07,334.55999755859375
2022-10-10,342.8800048828125
2022-10-11,348.1600036621094
2022-10-12,344.6400146484375
2022-10-13,335.67999267578125
2022-10-14,343.20001220703125
2022-10-17,333.44000244140625
2022-10-18,327.0400085449219
2022-10-19,329.6000061035156
2022-10-20,325.2799987792969
2022-10-21,324.0
2022-10-24,319.0400085449219
2022-10-25,306.7200012207031
2022-10-26,299.67999267578125
2022-10-27,293.760009765625
2022-10-28,286.8800048828125
2022-10-31,282.55999755859375
2022-11-01,279.8399963378906
2022-11-02,287.0400085449219
2022-11-03,281.1199951171875
2022-11-04,277.6000061035156
2022-11-07,274.55999755859375
2022-11-08,282.55999755859375
2022-11-09,291.3599853515625
2022-11-10,275.3599853515625
2022-11-11,271.67999267578125
2022-11-14,271.67999267578125
2022-11-15,275.20001220703125
2022-11-16,267.8399963378906
2022-11-17,265.2799987792969
2022-11-18,262.55999755859375
2022-11-21,255.52000427246094
2022-11-22,246.72000122070312
2022-11-23,241.27999877929688
2022-11-25,242.55999755859375
2022-11-28,251.52000427246094
2022-11-29,247.83999633789062
2022-11-30,238.72000122070312
2022-12-01,234.24000549316406
2022-12-02,230.0800018310547
2022-12-05,234.0800018310547
2022-12-06,241.1199951171875
2022-12-07,244.63999938964844
2022-12-08,239.67999267578125
2022-12-09,244.8000030517578
2022-12-12,243.36000061035156
2022-12-13,233.27999877929688
2022-12-14,225.27999877929688
2022-12-15,239.36000061035156
2022-12-16,240.16000366210938
2022-12-19,234.39999389648438
2022-12-20,232.63999938964844
2022-12-21,223.83999633789062
2022-12-22,236.0
2022-12-23,229.60000610351562
2022-12-27,229.44000244140625
2022-12-28,228.9600067138672
2022-12-29,226.0800018310547
2022-12-30,225.9199981689453
2023-01-03,223.83999633789062
2023-01-04,217.75999450683594
2023-01-05,219.52000427246094
2023-01-06,214.39999389648438
2023-01-09,215.52000427246094
2023-01-10,206.55999755859375
2023-01-11,207.52000427246094
2023-01-12,197.27999877929688
2023-01-13,192.32000732421875
2023-01-17,193.9199981689453
2023-01-18,200.8000030517578
2023-01-19,201.9199981689453
2023-01-20,194.72000122070312
2023-01-23,193.27999877929688
2023-01-24,185.75999450683594
2023-01-25,186.0800018310547
2023-01-26,183.1999969482422
2023-01-27,180.8000030517578
2023-01-30,185.27999877929688
2023-01-31,181.1199951171875
2023-02-01,175.67999267578125
2023-02-02,179.36000061035156
2023-02-03,181.1199951171875
2023-02-06,185.60000610351562
2023-02-07,179.83999633789062
2023-02-08,186.55999755859375
2023-02-09,192.47999572753906
2023-02-10,194.72000122070312
2023-02-13,187.0399932861328
2023-02-14,180.8000030517578
2023-02-15,177.1199951171875
2023-02-16,186.8800048828125
2023-02-17,186.72000122070312
2023-02-21,201.27999877929688
2023-02-22,195.52000427246094
2023-02-23,188.63999938964844
2023-02-24,196.0
2023-02-27,188.47999572753906
2023-02-28,184.63999938964844
2023-03-01,186.39999389648438
2023-03-02,179.52000427246094
2023-03-03,174.39999389648438
2023-03-06,171.36000061035156
2023-03-07,175.0800018310547
2023-03-08,172.1999969482422
2023-03-09,190.0399932861328
2023-03-10,211.72000122070312
2023-03-13,218.16000366210938
2023-03-14,206.63999938964844
2023-03-15,219.83999633789062
2023-03-16,201.83999633789062
2023-03-17,223.83999633789062
2023-03-20,212.39999389648438
2023-03-21,193.83999633789062
2023-03-22,202.16000366210938
2023-03-23,207.55999755859375
2023-03-24,198.9600067138672
2023-03-27,191.8800048828125
2023-03-28,186.55999755859375
2023-03-29,180.44000244140625
2023-03-30,180.44000244140625
2023-03-31,179.63999938964844
2023-04-03,175.63999938964844
2023-04-04,178.67999267578125
2023-04-05,177.0399932861328
2023-04-06,173.9199981689453
2023-04-10,172.24000549316406
2023-04-11,170.55999755859375
2023-04-12,171.60000610351562
2023-04-13,165.36000061035156
2023-04-14,162.44000244140625
2023-04-17,158.0
2023-04-18,156.9600067138672
2023-04-19,156.36000061035156
2023-04-20,159.8000030517578
2023-04-21,156.8000030517578
2023-04-24,155.9600067138672
2023-04-25,169.16000366210938
2023-04-26,164.8800048828125
2023-04-27,157.72000122070312
2023-04-28,151.44000244140625
2023-05-01,148.9600067138672
2023-05-02,155.55999755859375
2023-05-03,160.39999389648438
2023-05-04,168.24000549316406
2023-05-05,155.0
2023-05-08,152.44000244140625
2023-05-09,156.1199951171875
2023-05-10,151.36000061035156
2023-05-11,149.8800048828125
2023-05-12,150.0399932861328
2023-05-15,146.0
2023-05-16,150.44000244140625
2023-05-17,145.44000244140625
2023-05-18,139.60000610351562
2023-05-19,143.0800018310547
2023-05-22,143.24000549316406
2023-05-23,145.9600067138672
2023-05-24,151.83999633789062
2023-05-25,148.27999877929688
2023-05-26,142.60000610351562
2023-05-30,138.9199981689453
2023-05-31,137.83999633789062
2023-06-01,129.9600067138672
2023-06-02,124.72000122070312
2023-06-05,122.44000244140625
2023-06-06,115.12000274658203
2023-06-07,115.63999938964844
2023-06-08,112.83999633789062
2023-06-09,113.44000244140625
2023-06-12,113.95999908447266
2023-06-13,113.68000030517578
2023-06-14,110.27999877929688
2023-06-15,113.19999694824219
2023-06-16,109.19999694824219
2023-06-20,109.4000015258789
2023-06-21,107.16000366210938
2023-06-22,104.5999984741211
2023-06-23,105.91999816894531
2023-06-26,105.72000122070312
2023-06-27,103.08000183105469
2023-06-28,99.31999969482422
2023-06-29,101.4800033569336
2023-06-30,100.0
2023-07-03,98.95999908447266
2023-07-05,100.27999877929688
2023-07-06,106.04000091552734
2023-07-07,103.31999969482422
2023-07-10,102.63999938964844
2023-07-11,101.87999725341797
2023-07-12,96.27999877929688
2023-07-13,96.83999633789062
2023-07-14,95.68000030517578
2023-07-17,95.4800033569336
2023-07-18,93.91999816894531
2023-07-19,95.5999984741211
2023-07-20,95.95999908447266
2023-07-21,94.80000305175781
2023-07-24,93.19999694824219
2023-07-25,93.16000366210938
2023-07-26,90.68000030517578
2023-07-27,95.19999694824219
2023-07-28,91.5999984741211
2023-07-31,90.4000015258789
2023-08-01,91.80000305175781
2023-08-02,100.08000183105469
2023-08-03,99.76000213623047
2023-08-04,103.31999969482422
2023-08-07,97.91999816894531
2023-08-08,99.63999938964844
2023-08-09,98.76000213623047
2023-08-10,99.19999694824219
2023-08-11,95.31999969482422
2023-08-14,93.68000030517578
2023-08-15,99.08000183105469
2023-08-16,100.68000030517578
2023-08-17,105.5199966430664
2023-08-18,102.83999633789062
2023-08-21,100.12000274658203
2023-08-22,100.55999755859375
2023-08-23,97.22000122070312
2023-08-24,101.19999694824219
2023-08-25,96.80000305175781
2023-08-28,93.0
2023-08-29,90.68000030517578
2023-08-30,87.95999908447266
2023-08-31,86.0
2023-09-01,84.83999633789062
2023-09-05,85.4000015258789
2023-09-06,86.95999908447266
2023-09-07,86.83999633789062
2023-09-08,85.12000274658203
2023-09-11,83.12000274658203
2023-09-12,83.72000122070312
2023-09-13,82.04000091552734
2023-09-14,79.63999938964844
2023-09-15,82.72000122070312
2023-09-18,82.04000091552734
2023-09-19,81.63999938964844
2023-09-20,84.72000122070312
2023-09-21,91.23999786376953
2023-09-22,91.4800033569336
2023-09-25,91.5999984741211
2023-09-26,100.16000366210938
2023-09-27,95.87999725341797
2023-09-28,91.4800033569336
2023-09-29,93.27999877929688
2023-10-02,93.44000244140625
2023-10-03,102.23999786376953
2023-10-04,97.12000274658203
2023-10-05,95.76000213623047
2023-10-06,94.55999755859375
2023-10-09,93.23999786376953
2023-10-10,90.12000274658203
2023-10-11,88.4800033569336
2023-10-12,90.4000015258789
2023-10-13,101.27999877929688
2023-10-16,91.63999938964844
2023-10-17,94.19999694824219
2023-10-18,100.23999786376953
2023-10-19,105.19999694824219
2023-10-20,105.83999633789062
2023-10-23,102.19999694824219
2023-10-24,97.55999755859375
2023-10-25,103.91999816894531
2023-10-26,104.83999633789062
2023-10-27,108.31999969482422
2023-10-30,100.23999786376953
2023-10-31,93.80000305175781
2023-11-01,89.83999633789062
2023-11-02,86.76000213623047
2023-11-03,84.72000122070312
2023-11-06,81.91999816894531
2023-11-07,81.5199966430664
2023-11-08,80.0
2023-11-09,83.08000183105469
2023-11-10,79.72000122070312
2023-11-13,78.83999633789062
2023-11-14,78.23999786376953
2023-11-15,76.5999984741211
2023-11-16,75.4000015258789
2023-11-17,74.23999786376953
2023-11-20,73.68000030517578
2023-11-21,72.23999786376953
2023-11-22,72.80000305175781
2023-11-24,69.68000030517578
2023-11-27,70.16000366210938
2023-11-28,69.23999786376953
2023-11-29,70.23999786376953
2023-11-30,69.16000366210938
2023-12-01,68.91999816894531
2023-12-04,69.12000274658203
2023-12-05,68.63999938964844
2023-12-06,68.95999908447266
2023-12-07,69.0
2023-12-08,67.0
2023-12-11,65.4800033569336
2023-12-12,63.599998474121094
2023-12-13,62.84000015258789
2023-12-14,62.47999954223633
2023-12-15,64.55999755859375
2023-12-18,64.72000122070312
2023-12-19,65.68000030517578
2023-12-20,69.68000030517578
2023-12-21,68.23999786376953
2023-12-22,66.44000244140625
2023-12-26,64.87999725341797
2023-12-27,62.08000183105469
2023-12-28,61.91999816894531
2023-12-29,62.08000183105469
2024-01-02,62.08000183105469
2024-01-03,64.4000015258789
2024-01-04,64.31999969482422
2024-01-05,62.20000076293945
2024-01-08,60.7599983215332
2024-01-09,59.36000061035156
2024-01-10,58.720001220703125
2024-01-11,58.400001525878906
2024-01-12,59.36000061035156
2024-01-16,61.439998626708984
2024-01-17,63.7599983215332
2024-01-18,61.560001373291016
2024-01-19,60.0
2024-01-22,58.0
2024-01-23,56.31999969482422
2024-01-24,57.79999923706055
2024-01-25,58.439998626708984
2024-01-26,58.119998931884766
2024-01-29,58.36000061035156
2024-01-30,57.599998474121094
2024-01-31,60.52000045776367
2024-02-01,60.040000915527344
2024-02-02,59.959999084472656
2024-02-05,57.599998474121094
2024-02-06,56.20000076293945
2024-02-07,56.0
2024-02-08,55.68000030517578
2024-02-09,56.08000183105469
2024-02-12,57.279998779296875
2024-02-13,61.31999969482422
2024-02-14,58.279998779296875
2024-02-15,57.68000030517578
2024-02-16,57.599998474121094
2024-02-20,59.47999954223633
2024-02-21,58.959999084472656
2024-02-22,57.84000015258789
2024-02-23,55.720001220703125
2024-02-26,55.15999984741211
2024-02-27,54.119998931884766
2024-02-28,55.0
2024-02-29,54.2400016784668
2024-03-01,54.400001525878906
2024-03-04,54.279998779296875
2024-03-05,56.52000045776367
2024-03-06,56.720001220703125
2024-03-07,56.439998626708984
2024-03-08,57.91999816894531
2024-03-11,57.31999969482422
2024-03-12,54.52000045776367
2024-03-13,54.2400016784668
2024-03-14,55.63999938964844
2024-03-15,56.7599983215332
2024-03-18,55.439998626708984
2024-03-19,53.880001068115234
2024-03-20,52.7599983215332
2024-03-21,52.279998779296875
2024-03-22,52.52000045776367
2024-03-25,52.31999969482422
2024-03-26,52.040000915527344
2024-03-27,51.08000183105469
2024-03-28,51.880001068115234
2024-04-01,52.560001373291016
2024-04-02,53.79999923706055
2024-04-03,53.439998626708984
2024-04-04,55.97999954223633
2024-04-05,57.040000915527344
2024-04-08,54.79999923706055
2024-04-09,54.400001525878906
2024-04-10,55.439998626708984
2024-04-11,54.36000061035156
2024-04-12,59.15999984741211
2024-04-15,62.439998626708984
2024-04-16,60.31999969482422
2024-04-17,59.720001220703125
2024-04-18,59.880001068115234
2024-04-19,61.84000015258789
2024-04-22,57.08000183105469
2024-04-23,54.84000015258789
2024-04-24,54.279998779296875
2024-04-25,55.52000045776367
2024-04-26,53.720001220703125
2024-04-29,52.79999923706055
2024-04-30,54.439998626708984
2024-05-01,54.7599983215332
2024-05-02,52.959999084472656
2024-05-03,51.15999984741211
2024-05-06,49.63999938964844
2024-05-07,49.63999938964844
2024-05-08,49.119998931884766
2024-05-09,48.91999816894531
2024-05-10,48.2400016784668
2024-05-13,48.7599983215332
2024-05-14,47.959999084472656
2024-05-15,46.08000183105469
2024-05-16,46.040000915527344
2024-05-17,45.439998626708984
2024-05-20,45.52000045776367
2024-05-21,44.7599983215332
2024-05-22,45.720001220703125
2024-05-23,46.36000061035156
2024-05-24,45.0
2024-05-28,45.959999084472656
2024-05-29,47.720001220703125
2024-05-30,47.560001373291016
2024-05-31,46.119998931884766
2024-06-03,45.84000015258789
2024-06-04,46.08000183105469
2024-06-05,45.2400016784668
2024-06-06,45.0
2024-06-07,44.52000045776367
2024-06-10,44.400001525878906
2024-06-11,44.439998626708984
2024-06-12,43.560001373291016
2024-06-13,43.439998626708984
2024-06-14,44.84000015258789
2024-06-17,44.7599983215332
2024-06-18,44.52000045776367
2024-06-20,46.20000076293945
2024-06-21,45.15999984741211
2024-06-24,44.79999923706055
2024-06-25,44.0
2024-06-26,43.52000045776367
2024-06-27,43.2400016784668
2024-06-28,43.68000030517578
2024-07-01,41.959999084472656
2024-07-02,41.47999954223633
2024-07-03,41.68000030517578
2024-07-05,41.84000015258789
2024-07-08,41.08000183105469
2024-07-09,41.20000076293945
2024-07-10,41.119998931884766
2024-07-11,41.36000061035156
2024-07-12,40.63999938964844
2024-07-15,41.2400016784668
2024-07-16,41.63999938964844
2024-07-17,43.0
2024-07-18,44.2400016784668
2024-07-19,46.119998931884766
2024-07-22,43.68000030517578
2024-07-23,43.31999969482422
2024-07-24,49.189998626708984
2024-07-25,49.59000015258789
2024-07-26,46.779998779296875
2024-07-29,45.90999984741211
2024-07-30,47.369998931884766
2024-07-31,46.25
2024-08-01,50.5099983215332
2024-08-02,62.68000030517578
2024-08-05,87.26000213623047
2024-08-06,70.47000122070312
2024-08-07,68.95500183105469
2024-08-08,63.470001220703125
2024-08-09,55.779998779296875
2024-08-12,54.7599983215332
2024-08-13,50.41999816894531
2024-08-14,47.13999938964844
2024-08-15,45.334999084472656
2024-08-16,45.22999954223633
2024-08-19,44.43000030517578
2024-08-20,46.16999816894531
2024-08-21,46.88999938964844
2024-08-22,48.8650016784668
2024-08-23,45.939998626708984
2024-08-26,45.900001525878906
2024-08-27,44.9900016784668
2024-08-28,47.58000183105469
2024-08-29,45.8849983215332
2024-08-30,44.5
2024-09-03,53.540000915527344
2024-09-04,54.970001220703125
2024-09-05,52.2400016784668
2024-09-06,56.11000061035156
2024-09-09,52.45000076293945
2024-09-10,51.52000045776367
2024-09-11,49.33000183105469
2024-09-12,48.939998626708984
2024-09-13,48.790000915527344
2024-09-16,49.2400016784668
2024-09-17,50.29999923706055
2024-09-18,49.880001068115234
2024-09-19,47.720001220703125
2024-09-20,47.43000030517578
2024-09-23,47.72999954223633
2024-09-24,47.7599983215332
2024-09-25,48.40999984741211
2024-09-26,48.47999954223633
2024-09-27,50.72999954223633
2024-09-30,49.599998474121094
2024-10-01,53.43000030517578
2024-10-02,52.709999084472656
2024-10-03,55.09000015258789
2024-10-04,53.0
2024-10-07,57.720001220703125
2024-10-08,55.38999938964844
2024-10-09,54.029998779296875
2024-10-10,54.709999084472656
2024-10-11,54.06999969482422
2024-10-14,52.150001525878906
2024-10-15,53.849998474121094
2024-10-16,53.33000183105469
2024-10-17,52.45000076293945
2024-10-18,51.209999084472656
2024-10-21,51.349998474121094
2024-10-22,51.150001525878906
2024-10-23,53.720001220703125
2024-10-24,52.810001373291016
2024-10-25,55.290000915527344
2024-10-28,52.709999084472656
2024-10-29,52.47999954223633
2024-10-30,53.7599983215332
2024-10-31,57.869998931884766
2024-11-01,56.849998474121094
2024-11-04,54.470001220703125
2024-11-05,51.54999923706055
2024-11-06,46.7400016784668
2024-11-07,45.09000015258789
2024-11-08,44.77000045776367
2024-11-11,44.650001525878906
2024-11-12,44.52000045776367
2024-11-13,43.53499984741211
2024-11-14,43.47999954223633
2024-11-15,46.59000015258789
2024-11-18,44.88999938964844
2024-11-19,46.380001068115234
2024-11-20,48.029998779296875
2024-11-21,47.650001525878906
2024-11-22,45.7599983215332
2024-11-25,43.880001068115234
2024-11-26,43.61000061035156
2024-11-27,43.45000076293945
2024-11-29,42.584999084472656
2024-12-02,42.29999923706055
2024-12-03,42.06999969482422
2024-12-04,42.33000183105469
2024-12-05,42.41999816894531
2024-12-06,41.7599983215332
2024-12-09,42.88999938964844
2024-12-10,42.459999084472656
2024-12-11,42.130001068115234
2024-12-12,42.470001220703125
2024-12-13,42.5
2024-12-16,43.220001220703125
2024-12-17,44.290000915527344
2024-12-18,51.720001220703125
2024-12-19,56.13999938964844
2024-12-20,48.08000183105469
2024-12-23,44.380001068115234
2024-12-24,42.279998779296875
2024-12-26,42.54999923706055
2024-12-27,44.43000030517578
2024-12-30,45.529998779296875
2024-12-31,45.79999923706055
2025-01-02,46.84000015258789
2025-01-03,44.099998474121094
2025-01-06,43.900001525878906
2025-01-07,46.40999984741211
2025-01-08,46.34000015258789
2025-01-10,49.45000076293945
2025-01-13,48.52000045776367
2025-01-14,47.41999816894531
2025-01-15,43.54999923706055
2025-01-16,43.619998931884766
2025-01-17,43.959999084472656
2025-01-21,42.11000061035156
2025-01-22,42.75
2025-01-23,41.93000030517578
2025-01-24,41.7400016784668
2025-01-27,44.4900016784668
2025-01-28,43.02000045776367
2025-01-29,42.90999984741211
2025-01-30,42.68000030517578
2025-01-31,44.119998931884766
2025-02-03,45.06999969482422
2025-02-04,43.689998626708984
2025-02-05,42.79999923706055
2025-02-06,42.529998779296875
2025-02-07,43.959999084472656
2025-02-10,42.849998474121094
2025-02-11,42.900001525878906
2025-02-12,42.869998931884766
2025-02-13,42.060001373291016
2025-02-14,42.0
2025-02-18,41.79999923706055
2025-02-19,41.27000045776367
2025-02-20,41.4900016784668
2025-02-21,44.33000183105469
2025-02-24,44.70000076293945
2025-02-25,45.13999938964844
2025-02-26,44.099998474121094
2025-02-27,46.56999969482422
2025-02-28,45.83000183105469
2025-03-03,49.290000915527344
2025-03-04,50.59000015258789
2025-03-05,48.45000076293945
2025-03-06,53.72999954223633
2025-03-07,51.22999954223633
2025-03-10,56.47999954223633
2025-03-11,56.939998626708984
2025-03-12,53.970001220703125
2025-03-13,56.279998779296875
2025-03-14,51.529998779296875
2025-03-17,49.5099983215332
2025-03-18,50.79999923706055
2025-03-19,49.18000030517578
2025-03-20,48.33000183105469
2025-03-21,48.099998474121094
2025-03-24,45.45000076293945
2025-03-25,45.79999923706055
2025-03-26,46.939998626708984
2025-03-27,47.18000030517578
2025-03-28,51.41999816894531
2025-03-31,51.470001220703125
2025-04-01,51.47999954223633
2025-04-02,50.09000015258789
2025-04-03,62.4900016784668
2025-04-04,74.8499984741211
2025-04-07,74.3499984741211
2025-04-08,85.41999816894531
2025-04-09,67.79000091552734
2025-04-10,79.19999694824219
2025-04-11,77.12000274658203
2025-04-14,68.02999877929688
2025-04-15,68.31999969482422
2025-04-16,73.36000061035156
2025-04-17,71.33999633789062
2025-04-21,76.5199966430664
2025-04-22,70.94000244140625
2025-04-23,68.37999725341797
2025-04-24,65.86000061035156
2025-04-25,63.34000015258789
2025-04-28,63.68000030517578
2025-04-29,63.02000045776367
2025-04-30,64.63999938964844
2025-05-01,63.41999816894531
2025-05-02,61.0099983215332
2025-05-05,62.130001068115234
2025-05-06,64.55000305175781
2025-05-07,62.83000183105469
2025-05-08,60.439998626708984
2025-05-09,59.95000076293945
2025-05-12,52.16999816894531
2025-05-13,51.81999969482422
2025-05-14,52.939998626708984
2025-05-15,52.06999969482422
2025-05-16,51.83000183105469
2025-05-19,52.470001220703125
2025-05-20,52.09000015258789
2025-05-21,55.65999984741211
2025-05-22,55.099998474121094
2025-05-23,58.790000915527344
2025-05-27,52.880001068115234
2025-05-28,53.4900016784668
2025-05-29,53.54999923706055
2025-05-30,53.83000183105469
2025-06-02,53.279998779296875
2025-06-03,52.11000061035156
2025-06-04,52.02000045776367
2025-06-05,53.02000045776367
2025-06-06,50.810001373291016
2025-06-09,50.31999969482422
2025-06-10,50.08000183105469
2025-06-11,50.5099983215332
2025-06-12,51.15999984741211
2025-06-13,55.150001525878906
2025-06-16,51.290000915527344
2025-06-17,54.220001220703125
2025-06-18,52.900001525878906
2025-06-20,53.459999084472656
2025-06-23,52.790000915527344
2025-06-24,49.150001525878906
2025-06-25,48.52000045776367
2025-06-26,48.40999984741211
2025-06-27,48.27000045776367
2025-06-30,48.04999923706055
2025-07-01,48.040000915527344
2025-07-02,47.90999984741211
2025-07-03,47.56999969482422
2025-07-07,48.13999938964844
2025-07-08,46.849998474121094
2025-07-09,45.2599983215332
2025-07-10,44.95000076293945
2025-07-11,45.20000076293945
2025-07-14,45.869998931884766
2025-07-15,45.61000061035156
2025-07-16,45.90999984741211
2025-07-17,45.849998474121094
2025-07-18,45.0099983215332
2025-07-21,44.86000061035156
2025-07-22,44.650001525878906
2025-07-23,42.810001373291016
2025-07-24,42.68000030517578
2025-07-25,42.33000183105469
2025-07-28,41.150001525878906
2025-07-29,42.099998474121094
2025-07-30,42.38999938964844
2025-07-31,42.459999084472656
2025-08-01,45.90999984741211
2025-08-04,42.91999816894531
2025-08-05,43.25
2025-08-06,41.93000030517578
2025-08-07,42.209999084472656
2025-08-08,40.810001373291016
2025-08-11,41.0
2025-08-12,39.29999923706055
2025-08-13,39.02000045776367
2025-08-14,39.18000030517578
2025-08-15,39.040000915527344
2025-08-18,38.099998474121094
2025-08-19,38.81999969482422
2025-08-20,38.66999816894531
2025-08-21,39.27000045776367
2025-08-22,35.97999954223633
2025-08-25,36.13999938964844
2025-08-26,35.86000061035156
2025-08-27,36.0099983215332
2025-08-28,35.45000076293945
2025-08-29,36.27000045776367
2025-09-02,37.38999938964844
2025-09-03,36.459999084472656
2025-09-04,35.380001068115234
2025-09-05,35.470001220703125
2025-09-08,34.810001373291016
2025-09-09,34.63999938964844
2025-09-10,34.439998626708984
2025-09-11,33.68000030517578
2025-09-12,33.68000030517578
2025-09-15,33.90999984741211
2025-09-16,34.529998779296875
2025-09-17,33.31999969482422
2025-09-18,33.16999816894531
2025-09-19,33.18000030517578
2025-09-22,33.79999923706055
2025-09-23,34.20000076293945
2025-09-24,33.86000061035156
2025-09-25,34.29999923706055
2025-09-26,32.84000015258789
2025-09-29,33.27000045776367
2025-09-30,33.15999984741211
2025-10-01,32.970001220703125
2025-10-02,33.439998626708984
2025-10-03,33.25
2025-10-06,33.04999923706055
2025-10-07,33.77000045776367
2025-10-08,33.2400016784668
2025-10-09,33.22999954223633
2025-10-10,37.470001220703125
2025-10-13,34.619998931884766
2025-10-14,36.150001525878906
2025-10-15,36.58000183105469
2025-10-16,39.970001220703125
2025-10-17,36.95000076293945
2025-10-20,33.9900016784668
2025-10-21,33.720001220703125
2025-10-22,34.25
2025-10-23,33.470001220703125
2025-10-24,33.08000183105469
2025-10-27,32.0
2025-10-28,32.93000030517578
2025-10-29,33.56999969482422
2025-10-30,33.83000183105469
2025-10-31,34.0
2025-11-03,33.68000030517578
2025-11-04,34.88999938964844
2025-11-05,33.65999984741211
2025-11-06,34.9900016784668
2025-11-07,34.810001373291016
2025-11-10,32.849998474121094
2025-11-11,32.779998779296875
2025-11-12,32.90999984741211
2025-11-13,35.220001220703125
2025-11-14,34.56999969482422
2025-11-17,36.349998474121094
2025-11-18,37.529998779296875
2025-11-19,36.83000183105469
2025-11-20,37.564998626708984
