Date,Close,EMA_fast,EMA_slow,signal_raw,position,returns,strategy_returns,bh_returns,cum_strategy,cum_bh
1871-01-02,4.61,4.61,4.61,0,0,,,0.0,1.0,1.0
1871-04-03,4.82,4.613307086614173,4.611329113924051,1,0,0.045553145336225676,0.0,0.045553145336225676,1.0,1.0455531453362257
1871-07-03,4.84,4.616877053754108,4.612776398013139,1,1,0.004149377593360981,0.004149377593360981,0.004149377593360981,1.004149377593361,1.0498915401301518
1871-10-02,4.74,4.6188159977894765,4.6135816106839425,1,1,-0.02066115702479332,-0.02066115702479332,-0.02066115702479332,0.9834024896265561,1.0281995661605208
1872-01-01,5.04,4.625448816721926,4.616280461249233,1,1,0.06329113924050622,0.06329113924050622,0.06329113924050622,1.045643153526971,1.0932754880694144
1872-04-01,5.18,4.634181906222368,4.6198483064312,1,1,0.02777777777777768,0.02777777777777768,0.02777777777777768,1.0746887966804979,1.123644251626898
1872-07-01,5.04,4.640572742344851,4.622507494365179,1,1,-0.027027027027026973,-0.027027027027026973,-0.027027027027026973,1.045643153526971,1.0932754880694144
1872-10-01,4.95,4.645445612544146,4.624580231742614,1,1,-0.017857142857142794,-0.017857142857142794,-0.017857142857142794,1.0269709543568466,1.0737527114967464
1873-01-01,5.11,4.652761429669435,4.627652508756901,1,1,0.03232323232323231,0.03232323232323231,0.03232323232323231,1.0601659751037344,1.1084598698481565
1873-04-01,5.05,4.6590171551864525,4.630325594144515,1,1,-0.011741682974559797,-0.011741682974559797,-0.011741682974559797,1.0477178423236513,1.0954446854663775
1873-07-01,4.59,4.657930270852808,4.630070368865119,1,1,-0.09108910891089106,-0.09108910891089106,-0.09108910891089106,0.9522821576763484,0.9956616052060738
1873-10-01,4.42,4.654183337453551,4.628740809568504,1,1,-0.03703703703703698,-0.03703703703703698,-0.03703703703703698,0.9170124481327799,0.9587852494577008
1874-01-01,4.66,4.654274938438535,4.628938652545918,1,1,0.05429864253393668,0.05429864253393668,0.05429864253393668,0.9668049792531119,1.0108459869848159
1874-04-01,4.46,4.651215490589109,4.627869420567779,1,1,-0.04291845493562241,-0.04291845493562241,-0.04291845493562241,0.9253112033195019,0.9674620390455533
1874-07-01,4.54,4.649464065540462,4.627313284994566,1,1,0.017937219730941756,0.017937219730941756,0.017937219730941756,0.9419087136929459,0.9848156182212583
1874-10-01,4.54,4.647740221988644,4.626760669266752,1,1,0.0,0.0,0.0,0.9419087136929459,0.9848156182212583
1875-01-01,4.59,4.646830927154178,4.6265280068030386,1,1,0.011013215859030812,0.011013215859030812,0.011013215859030812,0.9522821576763484,0.9956616052060739
1875-04-01,4.38,4.642628865309231,4.624967702962513,1,1,-0.04575163398692805,-0.04575163398692805,-0.04575163398692805,0.908713692946058,0.9501084598698484
1875-07-01,4.37,4.638335497351606,4.6233539833235096,1,1,-0.0022831050228310223,-0.0022831050228310223,-0.0022831050228310223,0.9066390041493775,0.9479392624728853
1875-10-01,4.37,4.634109741487801,4.621750477099942,1,1,0.0,0.0,0.0,0.9066390041493775,0.9479392624728853
1876-01-03,4.51,4.632155257369884,4.621043195599309,1,1,0.03203661327231111,0.03203661327231111,0.03203661327231111,0.9356846473029043,0.9783080260303689
1876-04-03,4.15,4.624562261190831,4.618061909551213,1,1,-0.07982261640798216,-0.07982261640798216,-0.07982261640798216,0.8609958506224066,0.9002169197396965
1876-07-03,3.69,4.609844745266566,4.612188099997091,0,1,-0.110843373493976,-0.110843373493976,-0.110843373493976,0.7655601659751036,0.8004338394793927
1876-10-02,3.58,4.593626717782053,4.60565526392116,0,0,-0.02981029810298097,-0.0,-0.02981029810298097,0.7655601659751036,0.7765726681127985
1877-01-01,3.17,4.571207399391784,4.59656883820014,0,0,-0.11452513966480449,-0.0,-0.11452513966480449,0.7655601659751036,0.6876355748373103
1877-04-02,2.73,4.542212007275379,4.584755111376088,0,0,-0.13880126182965302,-0.0,-0.13880126182965302,0.7655601659751036,0.5921908893709328
1877-07-02,3.05,4.518712605586003,4.575041471430669,0,0,0.11721611721611724,0.0,0.11721611721611724,0.7655601659751036,0.6616052060737527
1877-10-01,3.26,4.498890359828744,4.566718424143133,0,0,0.06885245901639347,0.0,0.06885245901639347,0.7655601659751036,0.7071583514099783
1878-01-01,3.24,4.479065314792071,4.558321472091594,0,0,-0.006134969325153228,-0.0,-0.006134969325153228,0.7655601659751036,0.7028199566160521
1878-04-01,3.34,4.461127278338653,4.550610576698609,0,0,0.030864197530864113,0.0,0.030864197530864113,0.7655601659751036,0.7245119305856833
1878-07-01,3.45,4.445204014112848,4.543644686972668,0,0,0.03293413173652704,0.0,0.03293413173652704,0.7655601659751036,0.7483731019522777
1878-10-01,3.47,4.429846470583512,4.536849467434866,0,0,0.005797101449275477,0.0,0.005797101449275477,0.7655601659751036,0.752711496746204
1879-01-01,3.58,4.416463061597946,4.530793458147303,0,0,0.03170028818443793,0.0,0.03170028818443793,0.7655601659751036,0.7765726681127982
1879-04-01,3.94,4.408959706297191,4.527054259045105,0,0,0.1005586592178771,0.0,0.1005586592178771,0.7655601659751036,0.8546637744034707
1879-07-01,4.22,4.405983962890936,4.525110877658744,0,0,0.07106598984771573,0.0,0.07106598984771573,0.7655601659751036,0.9154013015184382
1879-10-01,4.92,4.414078703632811,4.52761017590141,0,0,0.16587677725118488,0.0,0.16587677725118488,0.7655601659751036,1.067245119305857
1880-01-01,5.3,4.428030220111034,4.532498719091907,0,0,0.0772357723577235,0.0,0.0772357723577235,0.7655601659751036,1.1496746203904555
1880-04-01,4.79,4.433730531605349,4.534128474034364,0,0,-0.0962264150943396,-0.0,-0.0962264150943396,0.7655601659751036,1.0390455531453362
1880-07-01,5.18,4.445482806698178,4.5382162685025005,0,0,0.08141962421711901,0.0,0.08141962421711901,0.7655601659751036,1.123644251626898
1880-10-01,5.84,4.467443707380097,4.5464554060436235,0,0,0.12741312741312738,0.0,0.12741312741312738,0.7655601659751036,1.2668112798264641
1881-01-03,6.24,4.49535797970482,4.557174042714233,0,0,0.06849315068493156,0.0,0.06849315068493156,0.7655601659751036,1.353579175704989
1881-04-01,6.58,4.528186987898445,4.569976738646421,0,0,0.054487179487179516,0.0,0.054487179487179516,0.7655601659751036,1.4273318872017353
1881-07-01,6.25,4.555302153443351,4.580609797262583,0,0,-0.050151975683890626,-0.0,-0.050151975683890626,0.7655601659751036,1.3557483731019522
1881-10-03,6.01,4.57821078094818,4.58965657069763,0,0,-0.03839999999999999,-0.0,-0.03839999999999999,0.7655601659751036,1.3036876355748372
1882-01-02,5.78,4.597136595421437,4.59719038987043,0,0,-0.038269550748752046,-0.0,-0.038269550748752046,0.7655601659751036,1.2537960954446854
1882-04-03,5.68,4.614189562422674,4.604043615250997,1,0,-0.01730103806228378,-0.0,-0.01730103806228378,0.7655601659751036,1.232104121475054
1882-07-03,6.24,4.63979287640027,4.614397769584851,1,1,0.09859154929577474,0.09859154929577474,0.09859154929577474,0.8410379288177194,1.353579175704989
1882-10-02,5.84,4.658693775984518,4.622154745726719,1,1,-0.06410256410256421,-0.06410256410256421,-0.06410256410256421,0.7871252410729938,1.266811279826464
1883-01-01,5.75,4.675879700772163,4.629293006829714,1,1,-0.015410958904109595,-0.015410958904109595,-0.015410958904109595,0.7749948863304305,1.2472885032537957
1883-04-02,5.82,4.693897343279688,4.636829127039652,1,1,0.012173913043478368,0.012173913043478368,0.012173913043478368,0.7844296066857576,1.2624728850325377
1883-07-02,5.47,4.706119432361898,4.642102360412819,1,1,-0.06013745704467366,-0.06013745704467366,-0.06013745704467366,0.7372560049091226,1.1865509761388282
1883-10-01,5.46,4.717991567285332,4.647278927751978,1,1,-0.001828153564899404,-0.001828153564899404,-0.001828153564899404,0.7359081877155045,1.1843817787418651
1884-01-01,5.32,4.727472015044619,4.6515366560573455,1,1,-0.02564102564102555,-0.02564102564102555,-0.02564102564102555,0.7170387470048506,1.1540130151843815
1884-04-01,4.65,4.7262519833116325,4.651526930386096,1,1,-0.12593984962406013,-0.12593984962406013,-0.12593984962406013,0.6267349950324352,1.0086767895878523
1884-07-01,4.59,4.724106282787041,4.651137519434285,1,1,-0.012903225806451757,-0.012903225806451757,-0.012903225806451757,0.6186480918707263,0.9956616052060735
1884-10-01,4.34,4.718057364947875,4.6491682946277395,1,1,-0.05446623093681913,-0.05446623093681913,-0.05446623093681913,0.5849526620302729,0.9414316702819955
1885-01-01,4.24,4.710528902507751,4.64657862187693,1,1,-0.02304147465437778,-0.02304147465437778,-0.02304147465437778,0.5714744900940915,0.9197396963123643
1885-04-01,4.3,4.704063880421016,4.64438508629543,1,1,0.014150943396226356,0.014150943396226356,0.014150943396226356,0.5795613932558003,0.932754880694143
1885-07-01,4.65,4.703212480729347,4.64442062372394,1,1,0.08139534883720945,0.08139534883720945,0.08139534883720945,0.6267349950324352,1.0086767895878526
1885-10-01,5.2,4.7110359062296725,4.647936948890244,1,1,0.11827956989247301,0.11827956989247301,0.11827956989247301,0.7008649406814329,1.1279826464208242
1886-01-01,5.19,4.718578647863851,4.651367727694736,1,1,-0.0019230769230769162,-0.0019230769230769162,-0.0019230769230769162,0.6995171234878148,1.1258134490238612
1886-04-01,5.25,4.726947488054972,4.65515653954477,1,1,0.01156069364161838,0.01156069364161838,0.01156069364161838,0.7076040266495236,1.1388286334056397
1886-07-01,5.51,4.739279023676153,4.6605669411932205,1,1,0.049523809523809526,0.049523809523809526,0.049523809523809526,0.7426472736835953,1.1952277657266808
1886-10-01,5.64,4.753463605980466,4.6667658846033895,1,1,0.023593466424682408,0.023593466424682408,0.023593466424682408,0.7601688972006311,1.2234273318872013
1887-01-03,5.67,4.7678972499807735,4.673115467612229,1,1,0.005319148936170359,0.005319148936170359,0.005319148936170359,0.7642123487814856,1.2299349240780908
1887-04-01,5.73,4.783048474390525,4.679804610222278,1,1,0.010582010582010692,0.010582010582010692,0.010582010582010692,0.7722992519431945,1.2429501084598698
1887-07-01,5.38,4.792449285817447,4.684236226613276,1,1,-0.061082024432809856,-0.061082024432809856,-0.061082024432809856,0.7251256501665595,1.1670281995661602
1887-10-03,5.27,4.799969769505362,4.687943592267622,1,1,-0.020446096654275103,-0.020446096654275103,-0.020446096654275103,0.7102996610367599,1.1431670281995658
1888-01-02,5.08,4.804379694395041,4.690424961936815,1,1,-0.03605313092979123,-0.03605313092979123,-0.03605313092979123,0.6846911343580152,1.1019522776572666
1888-04-02,5.01,4.807617809443938,4.6924475887599995,1,1,-0.013779527559055205,-0.013779527559055205,-0.013779527559055205,0.6752564140026882,1.0867678958785245
1888-07-02,5.25,4.814584458114112,4.695976401489366,1,1,0.04790419161676662,0.04790419161676662,0.04790419161676662,0.7076040266495237,1.1388286334056397
1888-10-01,5.24,4.821283915466645,4.699419588821711,1,1,-0.0019047619047618536,-0.0019047619047618536,-0.0019047619047618536,0.7062562094559056,1.1366594360086766
1889-01-01,5.19,4.827090467978982,4.702524528132966,1,1,-0.009541984732824416,-0.009541984732824416,-0.009541984732824416,0.6995171234878149,1.125813449023861
1889-04-01,5.32,4.834852822813959,4.70643260073972,1,1,0.025048169556840083,0.025048169556840083,0.025048169556840083,0.7170387470048507,1.1540130151843815
1889-07-01,5.37,4.843280337415314,4.710632394405923,1,1,0.009398496240601517,0.009398496240601517,0.009398496240601517,0.7237778329729414,1.1648590021691971
1889-10-01,5.35,4.851260174621372,4.714679024821076,1,1,-0.003724394785847407,-0.003724394785847407,-0.003724394785847407,0.721082198585705,1.1605206073752707
1890-01-01,5.38,4.859586786044658,4.718889917069044,1,1,0.005607476635514086,0.005607476635514086,0.005607476635514086,0.7251256501665595,1.1670281995661602
1890-04-01,5.62,4.87156179728805,4.724593145442024,1,1,0.04460966542750944,0.04460966542750944,0.04460966542750944,0.757473262813395,1.2190889370932754
1890-07-01,5.32,4.878623816228395,4.728361543255682,1,1,-0.053380782918149405,-0.053380782918149405,-0.053380782918149405,0.7170387470048508,1.1540130151843817
1890-10-01,4.6,4.874236039594877,4.72754912842495,1,1,-0.13533834586466176,-0.13533834586466176,-0.13533834586466176,0.6199959090643447,0.9978308026030367
1891-01-01,4.84,4.873696889365037,4.7282608428020065,1,1,0.052173913043478404,0.052173913043478404,0.052173913043478404,0.6523435217111802,1.0498915401301518
1891-04-01,4.85,4.873323710004958,4.7290313437969305,1,1,0.0020661157024792765,0.0020661157024792765,0.0020661157024792765,0.6536913389047982,1.052060737527115
1891-07-01,5.33,4.880515462603305,4.732834942886823,1,1,0.09896907216494855,0.09896907216494855,0.09896907216494855,0.718386564198469,1.156182212581345
1891-10-01,5.41,4.888853801774907,4.737120797678679,1,1,0.015009380863039379,0.015009380863039379,0.015009380863039379,0.7291691017474141,1.17353579175705
1892-01-01,5.58,4.89973799387294,4.742455476174383,1,1,0.031423290203327126,0.031423290203327126,0.031423290203327126,0.7520819940389225,1.210412147505423
1892-04-01,5.54,4.909820860111162,4.747503226325178,1,1,-0.007168458781361964,-0.007168458781361964,-0.007168458781361964,0.74669072526445,1.2017353579175707
1892-07-01,5.48,4.918800059164529,4.752139281854766,1,1,-0.010830324909747224,-0.010830324909747224,-0.010830324909747224,0.7386038221027412,1.188720173535792
1892-10-03,5.51,4.928110294453277,4.75693586867847,1,1,0.005474452554744325,0.005474452554744325,0.005474452554744325,0.7426472736835955,1.195227765726681
1893-01-02,5.31,4.934124305564249,4.76043627457291,1,1,-0.03629764065335761,-0.03629764065335761,-0.03629764065335761,0.7156909298112326,1.1518438177874184
1893-04-03,4.61,4.929019985791584,4.759484146252828,1,1,-0.13182674199623334,-0.13182674199623334,-0.13182674199623334,0.6213437262579629,1.0
1893-07-03,4.37,4.92021652144841,4.757019056719582,1,1,-0.05206073752711504,-0.05206073752711504,-0.05206073752711504,0.5889961136111275,0.947939262472885
1893-10-02,4.41,4.912181615598829,4.754822733575787,1,1,0.009153318077803174,0.009153318077803174,0.009153318077803174,0.5943873823856,0.9566160520607374
1894-01-01,4.51,4.905848046849242,4.753273222603788,1,1,0.0226757369614512,0.0226757369614512,0.0226757369614512,0.6078655543217814,0.9783080260303686
1894-04-02,4.34,4.896937053985474,4.750657569296169,1,1,-0.037694013303769425,-0.037694013303769425,-0.037694013303769425,0.584952662030273,0.9414316702819955
1894-07-02,4.41,4.889268753922711,4.748501508731003,1,1,0.016129032258064502,0.016129032258064502,0.016129032258064502,0.5943873823856,0.9566160520607373
1894-10-01,4.34,4.880618852286133,4.7459160561440985,1,1,-0.015873015873015928,-0.015873015873015928,-0.015873015873015928,0.584952662030273,0.9414316702819954
1895-01-01,4.19,4.869742964848557,4.742397600092554,1,1,-0.034562211981566726,-0.034562211981566726,-0.034562211981566726,0.5647354041260009,0.9088937093275486
1895-04-01,4.61,4.865652524457241,4.741559640598298,1,1,0.10023866348448696,0.10023866348448696,0.10023866348448696,0.6213437262579629,0.9999999999999999
1895-07-01,4.79,4.864461146119332,4.7418662251514725,1,1,0.0390455531453362,0.0390455531453362,0.0390455531453362,0.6456044357430893,1.039045553145336
1895-10-01,4.59,4.8601389233458,4.740905046511273,1,1,-0.04175365344467641,-0.04175365344467641,-0.04175365344467641,0.6186480918707266,0.9956616052060735
1896-01-01,4.27,4.850845396993898,4.737924634824493,1,1,-0.06971677559912859,-0.06971677559912859,-0.06971677559912859,0.5755179416749461,0.9262472885032536
1896-04-01,4.32,4.842485626962498,4.735279542199021,1,1,0.011709601873536535,0.011709601873536535,0.011709601873536535,0.5822570276430369,0.9370932754880694
1896-07-01,4.01,4.829375617089073,4.73068916534966,1,1,-0.07175925925925941,-0.07175925925925941,-0.07175925925925941,0.5404746946408744,0.8698481561822125
1896-10-01,4.22,4.8197791506782215,4.727456955442384,1,1,0.052369077306733125,0.052369077306733125,0.052369077306733125,0.5687788557068553,0.915401301518438
1897-01-01,4.19,4.809861368777777,4.724055329142115,1,1,-0.007109004739336289,-0.007109004739336289,-0.007109004739336289,0.564735404126001,0.9088937093275489
1897-04-01,4.27,4.801359614938757,4.721181561236152,1,1,0.01909307875894961,0.01909307875894961,0.01909307875894961,0.575517941674946,0.9262472885032537
1897-07-01,4.98,4.804172849349171,4.722819652620734,1,1,0.16627634660421564,0.16627634660421564,0.16627634660421564,0.671212962421834,1.0802603036876355
1897-10-01,4.75,4.803319733611389,4.7229916801357925,1,1,-0.04618473895582342,-0.04618473895582342,-0.04618473895582342,0.6402131669686167,1.0303687635574834
1898-01-03,4.65,4.800905249617509,4.722529707476705,1,1,-0.021052631578947323,-0.021052631578947323,-0.021052631578947323,0.6267349950324353,1.0086767895878523
1898-04-01,5.06,4.804985481906997,4.724665595404068,1,1,0.08817204301075243,0.08817204301075243,0.08817204301075243,0.6819954999707789,1.0976138828633402
1898-07-01,5.26,4.812151064869092,4.72805378783822,1,1,0.03952569169960474,0.03952569169960474,0.03952569169960474,0.7089518438431417,1.1409978308026025
1898-10-03,5.65,4.825345536288477,4.733888890446838,1,1,0.07414448669201534,0.07414448669201534,0.07414448669201534,0.7615167143942493,1.2255965292841644
1899-01-02,6.4,4.8501432443784225,4.744433897469327,1,1,0.1327433628318584,0.1327433628318584,0.1327433628318584,0.8626030039156098,1.3882863340563987
1899-04-03,6.07,4.8693535869866365,4.752823556346104,1,1,-0.051562499999999956,-0.051562499999999956,-0.051562499999999956,0.8181250365262113,1.3167028199566158
1899-07-03,6.37,4.892985813963225,4.76305885029328,1,1,0.0494233937397035,0.0494233937397035,0.0494233937397035,0.8585595523347556,1.3817787418655094
1899-10-02,6.02,4.9107340688614425,4.7710141740256,1,1,-0.05494505494505508,-0.05494505494505508,-0.05494505494505508,0.8113859505581206,1.3058568329717999
1900-01-01,6.26,4.931982351241578,4.780438134949489,1,1,0.039867109634551534,0.039867109634551534,0.039867109634551534,0.843733563204956,1.3579175704989148
1900-04-02,5.86,4.9465968024031275,4.787270804981454,1,1,-0.0638977635782747,-0.0638977635782747,-0.0638977635782747,0.7898208754602304,1.27114967462039
1900-07-02,5.94,4.962240947247173,4.794566559380306,1,1,0.013651877133105783,0.013651877133105783,0.013651877133105783,0.8006034130091755,1.288503253796095
1900-10-01,6.48,4.986142664613359,4.805233859637393,1,1,0.09090909090909083,0.09090909090909083,0.09090909090909083,0.873385541464555,1.4056399132321036
1901-01-01,7.51,5.025888449422598,4.822352632677662,1,1,0.15895061728395055,0.15895061728395055,0.15895061728395055,1.0122107124072235,1.6290672451193051
1901-04-01,7.73,5.068472883289959,4.840755464116411,1,1,0.02929427430093212,0.02929427430093212,0.02929427430093212,1.0418626906668227,1.6767895878524939
1901-07-01,8.04,5.115268585915314,4.861003847254914,1,1,0.040103492884864034,0.040103492884864034,0.040103492884864034,1.083645023668985,1.7440347071583504
1901-10-01,8.08,5.161957269601687,4.881377240626718,1,1,0.004975124378109541,0.004975124378109541,0.004975124378109541,1.0890362924434576,1.752711496746203
1902-01-01,8.12,5.2085406196867,4.901874853027815,1,1,0.004950495049504955,0.004950495049504955,0.004950495049504955,1.0944275612179302,1.7613882863340555
1902-04-01,8.46,5.259744704416043,4.924394632439031,1,1,0.041871921182266236,0.041871921182266236,0.041871921182266236,1.1402533458009472,1.8351409978308022
1902-07-01,8.85,5.316284157889806,4.949240236031189,1,1,0.04609929078014163,0.04609929078014163,0.04609929078014163,1.1928182163520544,1.9197396963123636
1902-10-01,8.05,5.359334801072643,4.96886529782846,1,1,-0.09039548022598853,-0.09039548022598853,-0.09039548022598853,1.0849928408626033,1.7462039045553142
1903-01-01,8.46,5.408164174284098,4.99096108708271,1,1,0.05093167701863366,0.05093167701863366,0.05093167701863366,1.1402533458009472,1.8351409978308024
1903-04-01,7.18,5.436067100673324,5.004815763746744,1,1,-0.1513002364066195,-0.1513002364066195,-0.1513002364066195,0.967732745017825,1.5574837310195224
1903-07-01,6.47,5.452349508536737,5.014089081697714,1,1,-0.09888579387186625,-0.09888579387186625,-0.09888579387186625,0.8720377242709371,1.4034707158351407
1903-10-01,6.57,5.469950303677891,5.0239366191553225,1,1,0.015455950540958385,0.015455950540958385,0.015455950540958385,0.8855158962071186,1.425162689804772
1904-01-01,6.48,5.48585659810816,5.033152210173327,1,1,-0.013698630136986245,-0.013698630136986245,-0.013698630136986245,0.8733855414645554,1.405639913232104
1904-04-01,6.51,5.501984840657639,5.042499348083622,1,1,0.004629629629629539,0.004629629629629539,0.004629629629629539,0.8774289930454098,1.4121475054229933
1904-07-01,7.32,5.530615000647282,5.0569139091717,1,1,0.12442396313364057,0.12442396313364057,0.12442396313364057,0.9866021857284792,1.5878524945770063
1904-10-03,8.25,5.5734399612670105,5.077123314809854,1,1,0.12704918032786883,0.12704918032786883,0.12704918032786883,1.1119491847349663,1.7895878524945767
1905-01-02,9.05,5.628188938254932,5.102268103956627,1,1,0.09696969696969715,0.09696969696969715,0.09696969696969715,1.2197745602244177,1.9631236442516269
1905-04-03,8.6,5.674989112455641,5.1244056476024715,1,1,-0.04972375690607744,-0.04972375690607744,-0.04972375690607744,1.1591227865116012,1.865509761388286
1905-07-03,9.23,5.730973535881537,5.150390421984734,1,1,0.07325581395348846,0.07325581395348846,0.07325581395348846,1.244035269709544,2.002169197396963
1905-10-02,9.54,5.790958204607812,5.178172761086096,1,1,0.03358613217768136,0.03358613217768136,0.03358613217768136,1.2858176027117063,2.0694143167028196
1906-01-01,9.56,5.850313193511627,5.20590584487669,1,1,0.002096436058700357,0.002096436058700357,0.002096436058700357,1.2885132370989427,2.0737527114967462
1906-04-02,9.3,5.904638969991759,5.231817833200255,1,1,-0.027196652719665204,-0.027196652719665204,-0.027196652719665204,1.2534699900648711,2.017353579175705
1906-07-02,9.73,5.964880875976141,5.260287340585063,1,1,0.04623655913978486,0.04623655913978486,0.04623655913978486,1.311426129390451,2.110629067245119
1906-10-01,9.93,6.027323696826911,5.289842483999082,1,1,0.020554984583761593,0.020554984583761593,0.020554984583761593,1.3383824732628138,2.1540130151843817
1907-01-01,8.35,6.063901276404439,5.309210569543391,1,1,-0.1591137965760322,-0.1591137965760322,-0.1591137965760322,1.1254273566711477,1.8112798264642083
1907-04-01,8.1,6.095965823232715,5.326873793786787,1,1,-0.029940119760479056,-0.029940119760479056,-0.029940119760479056,1.0917319268306942,1.7570498915401302
1907-07-01,7.53,6.118549038614877,5.340817630534972,1,1,-0.0703703703703703,-0.0703703703703703,-0.0703703703703703,1.0149063467944601,1.6334056399132324
1907-10-01,6.25,6.120619132494958,5.346571949329054,1,1,-0.16998671978751667,-0.16998671978751667,-0.16998671978751667,0.842385746011338,1.3557483731019524
1908-01-01,6.85,6.132105445369053,5.356087316738364,1,1,0.09599999999999986,0.09599999999999986,0.09599999999999986,0.9232547776284263,1.4859002169197397
1908-04-01,7.64,6.155851816308123,5.3705424603033105,1,1,0.1153284671532846,0.1153284671532846,0.1153284671532846,1.0297323359242594,1.6572668112798263
1908-07-01,8.17,6.18757068534264,5.388260545997593,1,1,0.06937172774869116,0.06937172774869116,0.06937172774869116,1.1011666471860209,1.772234273318872
1908-10-01,9.03,6.232333351715197,5.411309529883684,1,1,0.10526315789473673,0.10526315789473673,0.10526315789473673,1.2170789258371808,1.9587852494577005
1909-01-01,8.92,6.274658810743305,5.43351643159328,1,1,-0.012181616832779518,-0.012181616832779518,-0.012181616832779518,1.2022529367073813,1.9349240780911063
1909-04-01,9.8,6.330175994826088,5.4611524035452215,1,1,0.09865470852017943,0.09865470852017943,0.09865470852017943,1.3208608497457777,2.125813449023861
1909-07-01,10.19,6.390960624828827,5.491081818712657,1,1,0.03979591836734686,0.03979591836734686,0.03979591836734686,1.3734257202968851,2.210412147505423
1909-10-01,10.3,6.452520300028373,5.521518009733462,1,1,0.01079489695780178,0.01079489695780178,0.01079489695780178,1.3882517094266846,2.234273318872017
1910-01-03,9.96,6.507756200815328,5.549609667899706,1,1,-0.03300970873786402,-0.03300970873786402,-0.03300970873786402,1.3424259248436679,2.160520607375271
1910-04-01,9.1,6.548578937810362,5.572080492786416,1,1,-0.08634538152610449,-0.08634538152610449,-0.08634538152610449,1.2265136461925077,1.973969631236442
1910-07-01,8.91,6.585766671073191,5.593206565616882,1,1,-0.020879120879120805,-0.020879120879120805,-0.020879120879120805,1.2009051195137632,1.9327548806941428
1910-10-03,9.05,6.624573495150779,5.615085005075002,1,1,0.015712682379349197,0.015712682379349197,0.015712682379349197,1.2197745602244174,1.9631236442516269
1911-01-02,9.32,6.667021156644467,5.638533834156806,1,1,0.029834254143646266,0.029834254143646266,0.029834254143646266,1.256165624452107,2.021691973969631
1911-04-03,9.67,6.714312162051642,5.6640494428013834,1,1,0.037553648068669565,0.037553648068669565,0.037553648068669565,1.303339226228742,2.09761388286334
1911-07-03,8.67,6.74511039572012,5.683074446327957,1,1,-0.10341261633919341,-0.10341261633919341,-0.10341261633919341,1.1685575068669278,1.8806941431670279
1911-10-02,9.11,6.782352751693032,5.704763848566388,1,1,0.05074971164936559,0.05074971164936559,0.05074971164936559,1.227861463386126,1.9761388286334052
1912-01-01,9.3,6.822000739855347,5.727518507752676,1,1,0.02085620197585092,0.02085620197585092,0.02085620197585092,1.253469990064871,2.017353579175705
1912-04-01,9.58,6.865433799070224,5.751901302007406,1,1,0.03010752688172036,0.03010752688172036,0.03010752688172036,1.2912088714861787,2.0780911062906724
1912-07-01,9.81,6.911804920344709,5.777585470982042,1,1,0.024008350730688965,0.024008350730688965,0.024008350730688965,1.322208666939396,2.1279826464208242
1912-10-01,9.73,6.95618594522117,5.802600752811269,1,1,-0.008154943934760461,-0.008154943934760461,-0.008154943934760461,1.3114261293904508,2.110629067245119
1913-01-01,9.3,6.993096402776743,5.824736191084615,1,1,-0.04419321685508737,-0.04419321685508737,-0.04419321685508737,1.2534699900648707,2.0173535791757047
1913-04-01,8.55,7.017614569662149,5.8419846962043325,1,1,-0.08064516129032262,-0.08064516129032262,-0.08064516129032262,1.15238370054351,1.8546637744034704
1913-07-01,8.53,7.041431663053296,5.858997451291647,1,1,-0.002339181286549863,-0.002339181286549863,-0.002339181286549863,1.1496880661562736,1.8503253796095438
1913-10-01,8.04,7.057157148674504,5.872801264891067,1,1,-0.05744431418522866,-0.05744431418522866,-0.05744431418522866,1.0836450236689847,1.7440347071583506
1914-01-01,8.37,7.077831839246559,5.888606320176566,1,1,0.04104477611940305,0.04104477611940305,0.04104477611940305,1.1281229910583834,1.8156182212581338
1914-04-01,8.13,7.09440141658126,5.902792356124816,1,1,-0.028673835125447855,-0.028673835125447855,-0.028673835125447855,1.0957753784115483,1.763557483731019
1914-07-01,7.68,7.103623441516988,5.914040505769596,1,1,-0.055350553505535194,-0.055350553505535194,-0.055350553505535194,1.0351236046987318,1.6659436008676782
1914-10-01,7.35,7.10750338731987,5.923128856998901,1,1,-0.04296875,-0.04296875,-0.04296875,0.9906456373093332,1.594360086767895
1915-01-01,7.57,7.114786798543179,5.933552092081187,1,1,0.029931972789115635,0.029931972789115635,0.029931972789115635,1.0202976155689323,1.6420824295010839
1915-04-01,8.04,7.1293570851802945,5.946884040865483,1,1,0.062087186261558625,0.062087186261558625,0.062087186261558625,1.0836450236689847,1.7440347071583504
1915-07-01,8.66,7.1534616980121015,5.964055660860006,1,1,0.07711442786069655,0.07711442786069655,0.07711442786069655,1.1672096896733095,1.8785249457700641
1915-10-01,9.48,7.190100096468604,5.986308473133043,1,1,0.09468822170900704,0.09468822170900704,0.09468822170900704,1.277730699549997,2.05639913232104
1916-01-03,9.17,7.221279622508469,6.006458419505618,1,1,-0.03270042194092837,-0.03270042194092837,-0.03270042194092837,1.2359483665478346,1.9891540130151832
1916-04-03,9.36,7.254960258374477,6.027683366217607,1,1,0.02071973827699014,0.02071973827699014,0.02071973827699014,1.2615568932265793,2.0303687635574823
1916-07-03,9.68,7.2931498606048,6.05079929427952,1,1,0.03418803418803429,0.03418803418803429,0.03418803418803429,1.3046870434223599,2.0997830802603024
1916-10-02,9.8,7.332627815555906,6.074528412670157,1,1,0.012396694214876103,0.012396694214876103,0.012396694214876103,1.3208608497457777,2.12581344902386
1917-01-01,9.31,7.363767534995971,6.095006080944396,1,1,-0.050000000000000044,-0.050000000000000044,-0.050000000000000044,1.2548178072584888,2.019522776572667
1917-04-02,9.04,7.390164896649578,6.113645282963735,1,1,-0.029001074113856218,-0.029001074113856218,-0.029001074113856218,1.218426743030799,1.9609544468546622
1917-07-02,8.53,7.408115055757459,6.128938667248775,1,1,-0.05641592920353977,-0.05641592920353977,-0.05641592920353977,1.1496880661562738,1.8503253796095431
1917-10-01,7.04,7.402317968265216,6.134704878215555,1,1,-0.17467760844079716,-0.17467760844079716,-0.17467760844079716,0.9488633043071709,1.527114967462038
1918-01-01,7.28,7.400391701048441,6.141953581517988,1,1,0.03409090909090917,0.03409090909090917,0.03409090909090917,0.9812109169540064,1.579175704989153
1918-04-01,7.44,7.401015453787836,6.150169065179266,1,1,0.0219780219780219,0.0219780219780219,0.0219780219780219,1.0027759920518966,1.6138828633405629
1918-07-01,7.58,7.403834108058894,6.159218628057879,1,1,0.018817204301075252,0.018817204301075252,0.018817204301075252,1.0216454327625506,1.6442516268980465
1918-10-01,8.06,7.414167429191825,6.1712488899056135,1,1,0.0633245382585752,0.0633245382585752,0.0633245382585752,1.0863406580562214,1.7483731019522764
1919-01-01,7.85,7.421030934243922,6.181873896931527,1,1,-0.026054590570719682,-0.026054590570719682,-0.026054590570719682,1.0580364969902403,1.7028199566160507
1919-04-01,8.97,7.445424147877876,6.199520264672466,1,1,0.14267515923566898,0.14267515923566898,0.14267515923566898,1.2089920226754722,1.9457700650759207
1919-07-01,9.01,7.4700631376750755,6.21730811109859,1,1,0.004459308807134743,0.004459308807134743,0.004459308807134743,1.2143832914499446,1.9544468546637728
1919-10-01,8.92,7.492896789050271,6.234413755965054,1,1,-0.009988901220865709,-0.009988901220865709,-0.009988901220865709,1.2022529367073813,1.9349240780911046
1920-01-01,8.67,7.511433847490425,6.249828858775402,1,1,-0.028026905829596438,-0.028026905829596438,-0.028026905829596438,1.1685575068669278,1.8806941431670265
1920-04-01,7.92,7.51786796012837,6.260399562200874,1,1,-0.08650519031141868,-0.08650519031141868,-0.08650519031141868,1.0674712173455674,1.7180043383947925
1920-07-01,7.87,7.523413346583042,6.270586906743906,1,1,-0.0063131313131312705,-0.0063131313131312705,-0.0063131313131312705,1.0607321313774767,1.707158351409977
1920-10-01,6.81,7.512178490731341,6.274000913663249,1,1,-0.1346886912325287,-0.1346886912325287,-0.1346886912325287,0.9178635088539536,1.477223427331886
1921-01-03,6.88,7.502222923948171,6.2778363509185455,1,1,0.010279001468428861,0.010279001468428861,0.010279001468428861,0.9272982292092807,1.492407809110628
1921-04-01,6.55,7.487227287350563,6.279558905659567,1,1,-0.04796511627906974,-0.04796511627906974,-0.04796511627906974,0.8828202618198822,1.4208242950108452
1921-07-01,6.61,7.47341268440016,6.281650304990835,1,1,0.009160305343511421,0.009160305343511421,0.009160305343511421,0.890907164981591,1.433839479392624
1921-10-03,7.31,7.470839256299371,6.28815884736431,1,1,0.10590015128593033,0.10590015128593033,0.10590015128593033,0.9852543685348607,1.5856832971800423
1922-01-02,7.74,7.475078008168673,6.297347715418967,1,1,0.05882352941176472,0.05882352941176472,0.05882352941176472,1.0432105078604408,1.6789587852494565
1922-04-03,8.45,7.490431110402238,6.310972096966948,1,1,0.0917312661498706,0.0917312661498706,0.0917312661498706,1.1389055286073286,1.8329718004338378
1922-07-03,9.06,7.515148730710864,6.328371007745638,1,1,0.07218934911242614,0.07218934911242614,0.07218934911242614,1.2211223774180353,1.9652928416485884
1922-10-02,8.78,7.535067648337464,6.34388764693712,1,1,-0.030905077262693315,-0.030905077262693315,-0.030905077262693315,1.183383495996727,1.9045553145336207
1923-01-01,9.43,7.5649091026943545,6.363420003602075,1,1,0.07403189066059235,0.07403189066059235,0.07403189066059235,1.2709916135819064,2.045553145336224
1923-04-02,8.34,7.577115258557436,6.375930003579277,1,1,-0.1155885471898197,-0.1155885471898197,-0.1155885471898197,1.1240795394775291,1.8091106290672436
1923-07-02,8.1,7.585349663934484,6.38684183899966,1,1,-0.02877697841726623,-0.02877697841726623,-0.02877697841726623,1.0917319268306938,1.7570498915401287
1923-10-01,8.27,7.596131558990635,6.398760561537637,1,1,0.020987654320987703,0.020987654320987703,0.020987654320987703,1.1146448191222023,1.7939262472885018
1924-01-01,8.87,7.616192479321492,6.414401317477273,1,1,0.07255139056831927,0.07255139056831927,0.07255139056831927,1.1955138507392908,1.9240780911062891
1924-04-01,8.47,7.629638267048713,6.427411435721088,1,1,-0.04509582863585104,-0.04509582863585104,-0.04509582863585104,1.1416011629945655,1.8373101952277646
1924-07-01,9.25,7.6551557746542445,6.445275920305131,1,1,0.09208972845336483,0.09208972845336483,0.09208972845336483,1.2467309040967804,2.0065075921908884
1924-10-01,10.16,7.694602140407722,6.468786832201934,1,1,0.09837837837837848,0.09837837837837848,0.09837837837837848,1.3693822687160313,2.2039045553145327
1925-01-01,10.58,7.740041476779254,6.494807168706985,1,1,0.04133858267716528,0.04133858267716528,0.04133858267716528,1.425990590847993,2.2950108459869836
1925-04-01,10.8,7.788229799979581,6.522055224601245,1,1,0.020793950850661602,0.020793950850661602,0.020793950850661602,1.455642569107592,2.3427331887201723
1925-07-01,11.51,7.846840354310611,6.553624495331617,1,1,0.06574074074074066,0.06574074074074066,0.06574074074074066,1.55133758985448,2.496746203904554
1925-10-01,12.46,7.919488537707295,6.591006618778885,1,1,0.08253692441355343,0.08253692441355343,0.08253692441355343,1.6793802232482034,2.7028199566160507
1926-01-01,11.81,7.980756434751275,6.624038222457499,1,1,-0.0521669341894061,-0.0521669341894061,-0.0521669341894061,1.5917721056630243,2.561822125813448
1926-04-01,12.11,8.045783892471729,6.658759499530553,1,1,0.025402201524131973,0.025402201524131973,0.025402201524131973,1.6322066214715683,2.6268980477223414
1926-07-01,13.32,8.128842413850126,6.700919249533524,1,1,0.09991742361684564,0.09991742361684564,0.09991742361684564,1.7952925018993633,2.8893709327548796
1926-10-01,13.49,8.213270092372172,6.743888115042806,1,1,0.01276276276276267,0.01276276276276267,0.01276276276276267,1.8182053941908716,2.9262472885032524
1927-01-03,13.87,8.302352453122216,6.78899008899823,1,1,0.028169014084507005,0.028169014084507005,0.028169014084507005,1.8694224475483607,3.008676789587851
1927-04-01,14.89,8.40609493417541,6.840262303624823,1,1,0.07354001441961078,0.07354001441961078,0.07354001441961078,2.0068998012974113,3.2299349240780897
1927-07-01,16.94,8.540487139936427,6.90418469410821,1,1,0.1376762928139692,0.1376762928139692,0.1376762928139692,2.2832023259891305,3.67462039045553
1927-10-03,17.66,8.68410151568546,6.972259474525246,1,1,0.04250295159386064,0.04250295159386064,0.04250295159386064,2.3802451639296365,3.830802603036875
1928-01-02,19.280001,8.850966074493565,7.050156572787745,1,1,0.09173278595696477,0.09173278595696477,0.09173278595696477,2.5985916840774945,4.18221279826464
1928-04-02,19.139999,9.01299808906847,7.126674562833391,1,1,-0.007261514146187031,-0.007261514146187031,-0.007261514146187031,2.5797219738034016,4.151843600867677
1928-07-02,21.139999,9.203974481366604,7.215366489650901,1,1,0.10449321340089934,0.10449321340089934,0.10449321340089934,2.84928541252703,4.585683080260301
1928-10-01,24.35,9.442494568274217,7.323813537184756,1,1,0.15184489838433768,0.15184489838433768,0.15184489838433768,3.2819348664601726,5.281995661605203
1929-01-01,25.530001,9.695841126254152,7.439042571759535,1,1,0.04845999999999995,0.04845999999999995,0.04845999999999995,3.4409774300888323,5.53796117136659
1929-04-01,27.41,9.974804258124166,7.565441036495234,1,1,0.07363881419354446,0.07363881419354446,0.07363881419354446,3.694366927707324,5.945770065075918
1929-07-01,30.16,10.292681356421424,7.708444574238935,1,1,0.10032834731849682,0.10032834731849682,0.10032834731849682,4.065016655952312,6.542299349240777
1929-10-01,21.450001,10.468387177580142,7.795416450351346,1,1,-0.28879307029177714,-0.28879307029177714,-0.28879307029177714,2.891068015092631,4.6529286334056374
1930-01-01,24.15,10.68384564722455,7.898926472817476,1,1,0.1258740733858239,0.1258740733858239,0.1258740733858239,3.254978522587809,5.23861171366594
1930-04-01,20.459999,10.837800818134399,7.978426931850277,1,1,-0.1527950724637681,-0.1527950724637681,-0.1527950724637681,2.757633843360996,4.438177657266809
1930-07-01,18.59,10.959882695014173,8.045588786711983,1,1,-0.09139780505365613,-0.09139780505365613,-0.09139780505365613,2.5055921629361233,4.0325379609544445
1930-10-01,15.34,11.02886092028954,8.091755946289755,1,1,-0.1748251748251748,-0.1748251748251748,-0.1748251748251748,2.067551575010228,3.32754880694143
1931-01-01,16.690001,11.118012732568445,8.146175218781591,1,1,0.08800528031290744,0.08800528031290744,0.08800528031290744,2.249507030930396,3.620390672451191
1931-04-01,14.83,11.176469224968944,8.188477907270315,1,1,-0.11144403166902139,-0.11144403166902139,-0.11144403166902139,1.9988128981357025,3.216919739696311
1931-07-01,9.71,11.153375221426126,8.19810779393316,1,1,-0.3452461227242076,-0.3452461227242076,-0.3452461227242076,1.3087304950032146,2.1062906724511925
1931-10-01,8.12,11.10560553289973,8.197613440807,1,1,-0.16374871266735336,-0.16374871266735336,-0.16374871266735336,1.0944275612179302,1.7613882863340558
1932-01-01,7.31,11.045832217420996,8.191995634219614,1,1,-0.0997536945812808,-0.0997536945812808,-0.0997536945812808,0.9852543685348608,1.5856832971800428
1932-04-01,4.43,10.941645883288382,8.168185535268856,1,1,-0.39398084815321477,-0.39398084815321477,-0.39398084815321477,0.5970830167728363,0.9609544468546634
1932-07-01,8.08,10.896580593787778,8.167627398969685,1,1,0.8239277652370205,0.8239277652370205,0.8239277652370205,1.0890362924434576,1.7527114967462034
1932-10-03,6.92,10.833957277350175,8.159731023026838,1,1,-0.14356435643564358,-0.14356435643564358,-0.14356435643564358,0.9326894979837532,1.501084598698481
1933-01-02,5.85,10.755469761171431,8.145112472248188,1,1,-0.15462427745664742,-0.15462427745664742,-0.15462427745664742,0.7884730582666122,1.268980477223427
1933-04-03,10.91,10.757903308239598,8.162611760398516,1,1,0.864957264957265,0.864957264957265,0.864957264957265,1.4704685582373913,2.366594360086767
1933-07-03,9.72,10.741558374251573,8.17246864799093,1,1,-0.10907424381301556,-0.10907424381301556,-0.10907424381301556,1.3100783121968327,2.1084598698481556
1933-10-02,9.97,10.729407848672809,8.183845428699849,1,1,0.025720164609053464,0.025720164609053464,0.025720164609053464,1.3437737420372862,2.1626898047722336
1934-01-01,10.62,10.727684890425992,8.199264128518204,1,1,0.0651955867602807,0.0651955867602807,0.0651955867602807,1.431381859622465,2.3036876355748364
1934-04-02,9.81,10.713233159868103,8.209458659350368,1,1,-0.07627118644067787,-0.07627118644067787,-0.07627118644067787,1.3222086669393958,2.127982646420824
1934-07-02,9.08,10.687512952626086,8.214968414670935,1,1,-0.07441386340468914,-0.07441386340468914,-0.07441386340468914,1.2238180118052715,1.9696312364425157
1934-10-01,9.5,10.668811961246147,8.223101525970486,1,1,0.04625550660792954,0.04625550660792954,0.04625550660792954,1.2804263339372335,2.060737527114967
1935-01-01,8.45,10.633870040596602,8.224537592261813,1,1,-0.1105263157894738,-0.1105263157894738,-0.1105263157894738,1.1389055286073286,1.8329718004338387
1935-04-01,10.24,10.62766736279193,8.237293683450028,1,1,0.21183431952662746,0.21183431952662746,0.21183431952662746,1.380164806264976,2.2212581344902382
1935-07-01,11.59,10.642822207472372,8.258513343681356,1,1,0.1318359375,0.1318359375,0.1318359375,1.562120127403425,2.51409978308026
1935-10-01,13.43,10.686714771134225,8.291244271885905,1,1,0.15875754961173416,0.15875754961173416,0.15875754961173416,1.8101184910291628,2.9132321041214744
1936-01-01,14.92,10.75338068025022,8.333198422063843,1,1,0.11094564408041707,0.11094564408041707,0.11094564408041707,2.010943252878266,3.23644251626898
1936-04-01,14.84,10.817736890010059,8.374380710531792,1,1,-0.00536193029490617,-0.00536193029490617,-0.00536193029490617,2.000160715329321,3.2190889370932747
1936-07-01,16.01,10.899504813002027,8.422707414895514,1,1,0.0788409703504045,0.0788409703504045,0.0788409703504045,2.1578553269826437,3.4728850325379605
1936-10-01,17.18,10.998410249017743,8.478133317332885,1,1,0.07307932542161133,0.07307932542161133,0.07307932542161133,2.3155499386359657,3.7266811279826455
1937-01-01,17.92,11.107411662419038,8.537891967223182,1,1,0.043073341094295836,0.043073341094295836,0.043073341094295836,2.4152884109637083,3.8872017353579174
1937-04-01,15.4,11.175011478758897,8.581323030721768,1,1,-0.1406250000000001,-0.1406250000000001,-0.1406250000000001,2.0756384781719364,3.3405639913232097
1937-07-01,13.76,11.215719959408364,8.614099467236187,1,1,-0.10649350649350653,-0.10649350649350653,-0.10649350649350653,1.8545964584185612,2.9848156182212575
1937-10-01,10.55,11.205236180520043,8.626352002253679,1,1,-0.23328488372093015,-0.23328488372093015,-0.23328488372093015,1.4219471392671383,2.288503253796095
1938-01-03,8.5,11.162634035944924,8.625552306036884,1,1,-0.1943127962085308,-0.1943127962085308,-0.1943127962085308,1.1456446145754196,1.843817787418655
1938-04-01,11.56,11.168891767662327,8.644124759796144,1,1,0.3600000000000001,0.3600000000000001,0.3600000000000001,1.5580766758225708,2.507592190889371
1938-07-01,12.24,11.185759613840874,8.666883463848066,1,1,0.05882352941176472,0.05882352941176472,0.05882352941176472,1.6497282449886044,2.6550976138828633
1938-10-03,13.14,11.216535052992986,8.695194328000925,1,1,0.07352941176470584,0.07352941176470584,0.07352941176470584,1.771031792414237,2.8503253796095445
1939-01-02,10.98,11.21281009152853,8.709655123393324,1,1,-0.1643835616438356,-0.1643835616438356,-0.1643835616438356,1.4799032785927186,2.3817787418655096
1939-04-03,10.86,11.20725402709501,8.723264901093366,1,1,-0.010928961748634003,-0.010928961748634003,-0.010928961748634003,1.4637294722693008,2.3557483731019517
1939-07-03,12.79,11.232179160526584,8.74900373083328,1,1,0.1777163904235728,0.1777163904235728,0.1777163904235728,1.723858190637602,2.7744034707158347
1939-10-02,12.46,11.251514921778135,8.772491048992562,1,1,-0.025801407349491656,-0.025801407349491656,-0.025801407349491656,1.6793802232482036,2.702819956616052
1940-01-01,12.18,11.266136734033598,8.79405756134071,1,1,-0.022471910112359605,-0.022471910112359605,-0.022471910112359605,1.6416413418268956,2.6420824295010843
1940-04-01,9.98,11.245882612237793,8.80156352614235,1,1,-0.1806239737274219,-0.1806239737274219,-0.1806239737274219,1.3451215592309047,2.1648590021691976
1940-07-01,10.66,11.236656114407277,8.813325782306007,1,1,0.06813627254509025,0.06813627254509025,0.06813627254509025,1.4367731283969385,2.31236442516269
1940-10-01,10.58,11.226315073235508,8.824507264696475,1,1,-0.007504690431519689,-0.007504690431519689,-0.007504690431519689,1.4259905908479933,2.295010845986985
1941-01-01,9.96,11.206373103578256,8.831693927578142,1,1,-0.05860113421550084,-0.05860113421550084,-0.05860113421550084,1.3424259248436687,2.1605206073752714
1941-04-01,9.85,11.185012897222693,8.83813890272005,1,1,-0.011044176706827447,-0.011044176706827447,-0.011044176706827447,1.327599935713869,2.1366594360086766
1941-07-01,10.2,11.169500883093201,8.846758276753468,1,1,0.035532994923857864,0.035532994923857864,0.035532994923857864,1.374773537490504,2.212581344902386
1941-10-01,8.69,11.130453625091732,8.845766135761357,1,1,-0.14803921568627454,-0.14803921568627454,-0.14803921568627454,1.1712531412541645,1.8850325379609543
1942-01-01,8.01,11.081312623121784,8.84047647667426,1,1,-0.0782508630609896,-0.0782508630609896,-0.0782508630609896,1.079601572088131,1.737527114967462
1942-04-01,8.3,11.037512424332466,8.83705573948012,1,1,0.0362047440699127,0.0362047440699127,0.0362047440699127,1.118688270703057,1.8004338394793928
1942-07-01,8.85,11.003063409776049,8.837137665179611,1,1,0.06626506024096379,0.06626506024096379,0.06626506024096379,1.1928182163520546,1.9197396963123645
1942-10-01,9.77,10.983645088362252,8.843041857172144,1,1,0.10395480225988707,0.10395480225988707,0.10395480225988707,1.3168173981649236,2.119305856832972
1943-01-01,11.58,10.993036504293555,8.86036437706346,1,1,0.18526100307062432,0.18526100307062432,0.18526100307062432,1.560772310209807,2.5119305856832974
1943-04-01,12.35,11.014406008162947,8.88245067847445,1,1,0.06649395509499123,0.06649395509499123,0.06649395509499123,1.6645542341184036,2.6789587852494576
1943-07-01,12.08,11.031187015908413,8.902688332408156,1,1,-0.02186234817813759,-0.02186234817813759,-0.02186234817813759,1.628163169890714,2.6203904555314534
1943-10-01,11.67,11.041247062901983,8.920202963215699,1,1,-0.03394039735099341,-0.03394039735099341,-0.03394039735099341,1.57290266495237,2.531453362255965
1944-01-03,12.02,11.056660494982268,8.939821931802943,1,1,0.029991431019708692,0.029991431019708692,0.029991431019708692,1.620076266729005,2.6073752711496745
1944-04-03,12.98,11.08694930608491,8.965392679070012,1,1,0.07986688851913493,0.07986688851913493,0.07986688851913493,1.7494667173163467,2.8156182212581347
1944-07-03,12.74,11.112981600477273,8.989282598822733,1,1,-0.018489984591679498,-0.018489984591679498,-0.018489984591679498,1.7171191046695113,2.7635574837310197
1944-10-02,13.28,11.147107874485505,9.01643903807069,1,1,0.042386185243328045,0.042386185243328045,0.042386185243328045,1.789901233124891,2.880694143167028
1945-01-01,13.61,11.185893577249514,9.045512208715811,1,1,0.02484939759036142,0.02484939759036142,0.02484939759036142,1.8343792005142896,2.9522776572668112
1945-04-02,14.87,11.243911001229836,9.082376055496091,1,1,0.09257898603967663,0.09257898603967663,0.09257898603967663,2.004204166910175,3.2255965292841644
1945-07-02,16.049999,11.31959742640732,9.126474934891684,1,1,0.07935433759246813,0.07935433759246813,0.07935433759246813,2.1632464609753965,3.4815616052060734
1945-10-01,17.360001,11.414721892133189,9.178585859354396,1,1,0.08162006739065841,0.08162006739065841,0.08162006739065841,2.339810782902812,3.765726898047722
1946-01-01,18.040001,11.519056996194083,9.234670765307849,1,1,0.039170504656076854,0.039170504656076854,0.039170504656076854,2.4314623520688454,3.913232321041214
1946-04-01,18.43,11.627890744285514,9.292869051603368,1,1,0.021618568646420755,0.021618568646420755,0.021618568646420755,2.4840270878382333,3.9978308026030356
1946-07-01,14.96,11.68036490579283,9.328736968998284,1,1,-0.1882799782962561,-0.1882799782962561,-0.1882799782962561,2.0163345216527384,3.245119305856832
1946-10-01,15.3,11.737367033260659,9.366529772991965,1,1,0.022727272727272707,0.022727272727272707,0.022727272727272707,2.062160306235755,3.3188720173535784
1947-01-01,15.17,11.791424245335294,9.403260597213535,1,1,-0.008496732026143872,-0.008496732026143872,-0.008496732026143872,2.044638682718719,3.2906724511930574
1947-04-01,15.21,11.845260083991432,9.440012112421044,1,1,0.002636783124588149,0.002636783124588149,0.002636783124588149,2.0500299514931917,3.29934924078091
1947-07-01,15.11,11.89667331101519,9.475898111709519,1,1,-0.0065746219592374144,-0.0065746219592374144,-0.0065746219592374144,2.0365517795570103,3.277657266811279
1947-10-01,15.3,11.950269006904715,9.512759516065788,1,1,0.012574454003970947,0.012574454003970947,0.012574454003970947,2.062160306235755,3.3188720173535784
1948-01-01,15.08,11.999556109158185,9.547995215331195,1,1,-0.014379084967320321,-0.014379084967320321,-0.014379084967320321,2.0325083279761555,3.2711496746203896
1948-04-01,16.74,12.074208768856481,9.59351423295568,1,1,0.11007957559681691,0.11007957559681691,0.11007957559681691,2.256245982116767,3.631236442516268
1948-07-01,15.49,12.128000756748504,9.630833763126846,1,1,-0.07467144563918748,-0.07467144563918748,-0.07467144563918748,2.0877688329144997,3.360086767895878
1948-10-01,15.2,12.17637869758711,9.666081650701992,1,1,-0.018721755971594645,-0.018721755971594645,-0.018721755971594645,2.0486821342995736,3.297180043383947
1949-01-03,15.06,12.221790056680225,9.700220374431726,1,1,-0.009210526315789447,-0.009210526315789447,-0.009210526315789447,2.02981269358892,3.2668112798264635
1949-04-01,14.16,12.252313047913608,9.728446827758109,1,1,-0.05976095617529886,-0.05976095617529886,-0.05976095617529886,1.908509146163287,3.0715835140997823
1949-07-01,15.58,12.304717566844102,9.765481974417868,1,1,0.10028248587570632,0.10028248587570632,0.10028248587570632,2.0998991876570634,3.379609544468546
1949-10-03,16.790001,12.375351951618212,9.80994095559244,1,1,0.07766373555840822,0.07766373555840822,0.07766373555840822,2.262985202866578,3.642082646420824
1950-01-02,17.290001,12.452747999624226,9.857283107772234,1,1,0.029779628958926274,0.029779628958926274,0.029779628958926274,2.3303760625474848,3.7505425162689803
1950-04-03,17.690001,12.535224424826994,9.906857271647093,1,1,0.023134758638822417,0.023134758638822417,0.023134758638822417,2.3842887502922103,3.837310412147505
1950-07-03,19.450001,12.644118544121058,9.967256915497428,1,1,0.09949123236341273,0.09949123236341273,0.09949123236341273,2.6215045763690035,4.219089154013015
1950-10-02,20.43,12.766730850512852,10.033476808437317,1,1,0.05038555010871204,0.05038555010871204,0.05038555010871204,2.7535905265618617,4.431670281995661
1951-01-01,21.48,12.90394768751265,10.105923157751004,1,1,0.05139500734214386,0.05139500734214386,0.05139500734214386,2.8951113318917665,4.6594360086767885
1951-04-02,20.959999,13.0308146373156,10.174619840296883,1,1,-0.024208612662942275,-0.024208612662942275,-0.024208612662942275,2.825024703041904,4.546637527114966
1951-07-02,23.26,13.191904170586222,10.257438702067155,1,1,0.10973287737275195,0.10973287737275195,0.10973287737275195,3.135022792355796,5.045553145336225
1951-10-01,23.77,13.358488356876203,10.34296124192749,1,1,0.02192605331040398,0.02192605331040398,0.02192605331040398,3.2037614692303205,5.156182212581343
1952-01-01,24.370001,13.531898004799412,10.431739974573519,1,1,0.02524194362641974,0.02524194362641974,0.02524194362641974,3.284630635629128,5.28633427331887
1952-04-01,24.959999,13.711868099212019,10.52369098106356,1,1,0.024210011316782465,0.024210011316782465,0.024210011316782465,3.3641515804891595,5.414316485900215
1952-07-01,24.540001,13.882389877177184,10.61240180396822,1,1,-0.016826843622870347,-0.016826843622870347,-0.016826843622870347,3.3075435279206364,5.323210629067243
1952-10-01,26.57,14.082194761001166,10.713399260905131,1,1,0.08272204226886548,0.08272204226886548,0.08272204226886548,3.5811502834434,5.7635574837310175
1953-01-01,25.290001,14.25869564665469,10.805656233937377,1,1,-0.048174595408355336,-0.048174595408355336,-0.048174595408355336,3.408629817441997,5.485900433839477
1953-04-01,24.139999,14.414306723085325,10.890050808406126,1,1,-0.04547259606672216,-0.04547259606672216,-0.04547259606672216,3.253630570612472,5.236442299349239
1953-07-01,23.35,14.555026302249335,10.968911246327606,1,1,-0.032725726293526325,-0.032725726293526325,-0.032725726293526325,3.1471531470983587,5.0650759219088926
1953-10-01,24.809999,14.716521935284778,11.05651306755338,1,1,0.06252672376873658,0.06252672376873658,0.06252672376873658,3.3439343225848877,5.381778524945768
1954-01-01,26.940001,14.90901766858738,11.15704147218912,1,1,0.08585256291223531,0.08585256291223531,0.08585256291223531,3.63101965438899,5.843818004338392
1954-04-01,29.209999,15.134229973019075,11.27130069704868,1,1,0.08426124408829838,0.08426124408829838,0.08426124408829838,3.9369738877768694,6.336225379609542
1954-07-01,32.310001,15.404714556121137,11.404457028080017,1,1,0.10612811044601544,0.10612811044601544,0.10612811044601544,4.354797487361932,7.00867700650759
1954-10-01,35.98,15.728734799331828,11.559998439294699,1,1,0.11358709026347591,0.11358709026347591,0.11358709026347591,4.84944626263807,7.804772234273315
1955-01-03,36.580002,16.057101211940775,11.718352892210556,1,1,0.016675986659255182,0.016675986659255182,0.016675986659255182,4.930315563818597,7.934924511930582
1955-04-01,41.029999,16.450375192855095,11.90386963972821,1,1,0.12165108684247739,0.12165108684247739,0.12165108684247739,5.530093810633511,8.900216702819952
1955-07-01,43.669998,16.879030670132966,12.104921085046385,1,1,0.06434314073466108,0.06434314073466108,0.06434314073466108,5.885917414966982,9.472884598698478
1955-10-03,45.48,17.329439635957645,12.316155761723307,1,1,0.04144726546586974,0.04144726546586974,0.04144726546586974,6.129872596575304,9.865509761388283
1956-01-02,48.48,17.819999641690597,12.54504085183898,1,1,0.06596306068601576,0.06596306068601576,0.06596306068601576,6.534217754660745,10.51626898047722
1956-04-02,46.970001,18.279054781191533,12.762920346447594,1,1,-0.03114684405940582,-0.03114684405940582,-0.03114684405940582,6.330697493206126,10.18872039045553
1956-07-02,45.349998,18.70536884762946,12.969167673368812,1,1,-0.034490163200124324,-0.034490163200124324,-0.034490163200124324,6.112350703494829,9.837309761388283
1956-10-01,46.669998,19.145756708296716,13.182464067841162,1,1,0.029106947259402327,0.029106947259402327,0.029106947259402327,6.2902625730524235,10.123643817787416
1957-01-01,44.110001,19.53889441367787,13.378207972475078,1,1,-0.05485316283921848,-0.05485316283921848,-0.05485316283921848,5.945221775831338,9.568329934924074
1957-04-01,47.369999,19.977179525273495,13.593345890370806,1,1,0.07390609671489257,0.07390609671489257,0.07390609671489257,6.384609911387414,10.275487852494575
1957-07-01,42.419998,20.330609737473914,13.775793055621623,1,1,-0.10449654009914588,-0.10449654009914588,-0.10449654009914588,5.717440265764715,9.201734924078089
1957-10-01,39.990002,20.64020646601763,13.94170577045946,1,1,-0.05728420826422487,-0.05728420826422487,-0.05728420826422487,5.389921226842384,8.674620824295008
1958-01-01,42.099998,20.97815593899373,14.119922809886932,1,1,0.0527630881338792,0.0527630881338792,0.0527630881338792,5.674310115568935,9.13232060737527
1958-04-01,45.240002,21.36023225491509,14.316885336406635,1,1,0.07458442159545942,0.07458442159545942,0.07458442159545942,6.097525253491908,9.81344945770065
1958-07-01,50.060001,21.812197117042412,14.543107587442035,1,1,0.1065428555905017,0.1065428555905017,0.1065428555905017,6.747173006034134,10.859002386117137
1958-10-01,55.209999,22.3381467529945,14.80049297612911,1,1,0.10287650613510779,0.10287650613510779,0.10287650613510779,7.441298591184038,11.976138611713667
1959-01-01,55.439999,22.85943576475837,15.057705039571331,1,1,0.0041659120479244915,0.0041659120479244915,0.0041659120479244915,7.472298386637256,12.026030151843818
1959-04-01,58.470001,23.420232067675563,15.332466406409486,1,1,0.05465371671453312,0.05465371671453312,0.05465371671453312,7.8806872658669915,12.683297396963123
1959-07-01,56.880001,23.9471575626728,15.595425486115754,1,1,-0.02719343206441882,-0.02719343206441882,-0.02719343206441882,7.666384332081707,12.338395010845986
1959-10-01,59.889999,24.513186561685824,15.875770888102364,1,1,0.05291838866177234,0.05291838866177234,0.05291838866177234,8.072077037797328,12.991322993492407
1960-01-01,55.34,24.998648190635656,16.1255444900764,1,1,-0.07597260103477377,-0.07597260103477377,-0.07597260103477377,7.458820349482793,12.004338394793926
1960-04-01,56.919998,25.501346612830368,16.383737233810095,1,1,0.028550740874593306,0.028550740874593306,0.028550740874593306,7.67177519651102,12.347071149674619
1960-07-01,53.52,25.94258524884879,16.61877687157079,1,1,-0.059732925500102785,-0.059732925500102785,-0.059732925500102785,7.213517620244291,11.609544468546636
1960-10-03,58.110001,26.44915872524487,16.88137955592794,1,1,0.08576235052316883,0.08576235052316883,0.08576235052316883,7.832165846896737,12.605206290672449
1961-01-02,65.059998,27.057203438233138,17.18630752076384,1,1,0.11960070350024599,0.11960070350024599,0.11960070350024599,8.768898392116187,14.1127978308026
1961-04-03,64.639999,27.64905848644994,17.486647340252677,1,1,-0.006455564293131211,-0.006455564293131211,-0.006455564293131211,8.712290204765946,14.021691757049892
1961-07-03,66.730003,28.264506431545215,17.79831414822576,1,1,0.032332983173468,0.032332983173468,0.032332983173468,8.993984537359013,14.475054880694142
1961-10-02,71.550003,28.946167794827968,18.13851471057876,1,1,0.07223137694149373,0.07223137694149373,0.07223137694149373,9.64363242468296,15.520608026030368
1962-01-01,69.550003,29.58559827049997,18.4639038769675,1,1,-0.02795247961065772,-0.02795247961065772,-0.02795247961065772,9.374068985959331,15.086768546637744
1962-04-02,54.75,29.98188806151572,18.693562713189223,1,1,-0.2127965832007226,-0.2127965832007226,-0.2127965832007226,7.379299135059323,11.8763557483731
1962-07-02,56.27,30.395874076295,18.931388265637395,1,1,0.02776255707762565,0.02776255707762565,0.02776255707762565,7.584167348489282,12.206073752711497
1962-10-01,63.099998,30.910899649896656,19.210936428513108,1,1,0.12137902967833658,0.12137902967833658,0.12137902967833658,8.504726222167033,13.68763514099783
1963-01-01,66.57,31.47246028533136,19.510677337193403,1,1,0.054992109508466225,0.054992109508466225,0.054992109508466225,8.972419057915967,14.440347071583513
1963-04-01,69.370003,32.069271981625356,19.82624268948965,1,1,0.04206103349857293,0.04206103349857293,0.04206103349857293,9.349808276474205,15.047722993492407
1963-07-01,71.699997,32.693377887426536,20.154557590189082,1,1,0.033587918397524064,0.033587918397524064,0.033587918397524064,9.663848873896915,15.553144685466377
1963-10-01,75.019997,33.359938818333205,20.50180720670687,1,1,0.046304046567812396,0.046304046567812396,0.046304046567812396,10.111324182178139,16.273318221258137
1964-01-01,78.980003,34.07836502591851,20.871922369955563,1,1,0.052786005843215245,0.052786005843215245,0.052786005843215245,10.645060599541237,17.13232169197397
1964-04-01,81.690002,34.82815458456546,21.256846924576095,1,1,0.03431247020844008,0.03431247020844008,0.03431247020844008,11.010318924230035,17.72017396963124
1964-07-01,84.18,35.60534900055656,21.65509472885093,1,1,0.030481061807294374,0.030481061807294374,0.030481061807294374,11.345925135877513,18.260303687635577
1964-10-01,84.75,36.37928051235882,22.054429572339217,1,1,0.006771204561653477,0.006771204561653477,0.006771204561653477,11.422750715913745,18.383947939262473
1965-01-01,86.160004,37.16322891373899,22.46016105605859,1,1,0.016637215339233125,0.016637215339233125,0.016637215339233125,11.612793479340782,18.689805639913235
1965-04-01,84.120003,37.90270567100294,22.850413220260748,1,1,-0.023676890729949385,-0.023676890729949385,-0.023676890729949385,11.337838637060962,18.247289154013018
1965-07-01,89.959999,38.72250556594778,23.275157434056567,1,1,0.06942458145180996,0.06942458145180996,0.06942458145180996,12.12496333900708,19.514099566160525
1965-10-01,92.43,39.56829287986986,23.712846311056207,1,1,0.027456658820105284,0.027456658820105284,0.027456658820105284,12.457874320612481,20.049891540130158
1966-01-03,89.230003,40.350367054990016,24.127511859720407,1,1,-0.03462076165747063,-0.03462076165747063,-0.03462076165747063,12.026573222999833,19.355749023861176
1966-04-01,84.739998,41.049416361210646,24.51113518972218,1,1,-0.05031945364834289,-0.05031945364834289,-0.05031945364834289,11.421402629156692,18.381778308026036
1966-07-01,76.559998,41.60863811930182,24.840558372065708,1,1,-0.0965305663566337,-0.0965305663566337,-0.0965305663566337,10.318888164777052,16.6073748373102
1966-10-03,80.330002,42.21842337726557,25.191757382369087,1,1,0.04924247777540436,0.04924247777540436,0.04924247777540436,10.827015785897968,17.425163123644257
1967-01-02,90.199997,42.974038709907056,25.603201936911052,1,1,0.12286810350135435,0.12286810350135435,0.12286810350135435,12.157310682090477,19.566159869848164
1967-04-03,90.639999,43.72468375384553,26.014827234778704,1,1,0.004878071115678617,0.004878071115678617,0.004878071115678617,12.216614908173113,19.66160498915402
1967-07-03,96.709999,44.5590981671708,26.462265030761113,1,1,0.0669682266876459,0.0669682266876459,0.0669682266876459,13.034739944699325,20.97830780911064
1967-10-02,96.470001,45.37659269997126,26.905351967275283,1,1,-0.0024816255038944135,-0.0024816255038944135,-0.0024816255038944135,13.002392601615927,20.926247505423003
1968-01-01,90.199997,46.082473082648875,27.305950986469743,1,1,-0.06499433953566558,-0.06499433953566558,-0.06499433953566558,12.157310682090475,19.566159869848164
1968-04-01,99.580002,46.924953853000865,27.76338168908702,1,1,0.10399118971145871,0.10399118971145871,0.10399118971145871,13.42156388361289,21.600868112798274
1968-07-01,102.669998,47.80282856397723,28.237474197383936,1,1,0.031030286583043187,0.031030286583043187,0.031030286583043187,13.83803885731402,22.271149240780925
1968-10-01,103.860001,48.68561868107995,28.716097784742264,1,1,0.011590562220523237,0.011590562220523237,0.011590562220523237,13.998429507699736,22.529284381778755
1969-01-01,101.510002,49.51749873334641,29.17681869749706,1,1,-0.022626602901727244,-0.022626602901727244,-0.022626602901727244,13.681692601981194,22.01952321041216
1969-04-01,97.709999,50.2764357454197,29.6105730032091,1,1,-0.037434764310220414,-0.037434764310220414,-0.037434764310220414,13.169521664061142,21.195227548806955
1969-07-01,93.120003,50.95113759194852,30.012531420910307,1,1,-0.04697570409349816,-0.04697570409349816,-0.04697570409349816,12.550874111317292,20.199566811279837
1969-10-01,92.059998,51.59852122042177,30.40523690558809,1,1,-0.011383214839458367,-0.011383214839458367,-0.011383214839458367,12.408004814885171,19.969630802603046
1970-01-01,89.629997,52.19744209884033,30.780077159350192,1,1,-0.026395840243229052,-0.026395840243229052,-0.026395840243229052,12.080485102054245,19.442515618221268
1970-04-01,72.720001,52.520632002795594,31.045519715303673,1,1,-0.1886644713376483,-0.1886644713376483,-0.1886644713376483,9.801326766772846,15.774403687635582
1970-07-01,84.300003,53.02109453818464,31.382573406978963,1,1,0.1592409494053777,0.1592409494053777,0.1592409494053777,11.362099346546094,18.286334707158364
1970-10-01,92.150002,53.637297805299845,31.767177385415803,1,1,0.0931197950253928,0.0931197950253928,0.0931197950253928,12.420135708754616,19.989154446854677
1971-01-01,100.309998,54.372300957972286,32.20099270576127,1,1,0.08855122976557284,0.08855122976557284,0.08855122976557284,13.519953999620142,21.759218655097627
1971-04-01,98.699997,55.07037491139005,32.62187247977544,1,1,-0.016050254531955965,-0.016050254531955965,-0.016050254531955965,13.302955296665903,21.409977657266825
1971-07-01,98.339996,55.751786267116195,33.03780997040977,1,1,-0.003647426655950081,-0.003647426655950081,-0.003647426655950081,13.254433742913932,21.331886334056414
1971-10-01,102.089996,56.48152185346082,33.47484912249578,1,1,0.03813300948273368,0.03813300948273368,0.03813300948273368,13.759865190520735,22.145335357917585
1972-01-03,107.199997,57.280237997500805,33.94146398247999,1,1,0.05005388578916192,0.05005388578916192,0.05005388578916192,14.448599911241324,23.25379544468548
1972-04-03,107.139999,58.06543108415434,34.40474584967948,1,1,-0.0005596828514835561,-0.0005596828514835561,-0.0005596828514835561,14.440513277643054,23.240780694143183
1972-07-03,110.550003,58.891959775742464,34.886677856959984,1,1,0.03182755303180462,0.03182755303180462,0.03182755303180462,14.900119479793718,23.980477874186565
1972-10-02,118.050003,59.823582503683525,35.41302801609314,1,1,0.06784260331499037,0.06784260331499037,0.06784260331499037,15.910982375007324,25.607375921908908
1973-01-01,111.519997,60.63769926740505,35.89471769320648,1,1,-0.05531559368109462,-0.05531559368109462,-0.05531559368109462,15.03085693888436,24.19088872017355
1973-04-02,104.260002,61.32466466476875,36.32740936603429,1,1,-0.06510038733232748,-0.06510038733232748,-0.06510038733232748,14.052342330226187,22.61605249457702
1973-07-02,108.43,62.06648096926058,36.783754876375845,1,1,0.03999614348750935,0.03999614348750935,0.03999614348750935,14.614381830401515,23.520607375271165
1973-10-01,97.550003,62.62527659179191,37.16835138348739,1,1,-0.1003412063082173,-0.1003412063082173,-0.1003412063082173,13.147957128090134,21.160521258134505
1974-01-01,93.980003,63.11905181081881,37.52791879878177,1,1,-0.036596615993953474,-0.036596615993953474,-0.036596615993953474,12.666786389968456,20.386117787418666
1974-04-01,86.0,63.47938170356182,37.83470412284011,1,1,-0.08491171254804064,-0.08491171254804064,-0.08491171254804064,11.591227865116021,18.655097613882873
1974-07-01,63.540001,63.480336338151396,37.9973958752272,1,1,-0.2611627790697675,-0.2611627790697675,-0.2611627790697675,8.564030583031393,13.783080477223434
1974-10-01,68.559998,63.56033100999153,38.19083006589032,1,1,0.07900530250227722,0.07900530250227722,0.07900530250227722,9.240634409882542,14.872016919739703
1975-01-01,83.360001,63.87213683660584,38.476710894587214,1,1,0.21586936160645753,0.21586936160645753,0.21586936160645753,11.23540426078255,18.08242971800435
1975-04-01,95.190002,64.36533156358843,38.835655775001214,1,1,0.14191459762578473,0.14191459762578473,0.14191459762578473,12.829872135614533,20.64859045553147
1975-07-01,83.870003,64.67249174368939,39.12068328908349,1,1,-0.11892004162369918,-0.11892004162369918,-0.11892004162369918,11.304143207220514,18.193059219088948
1975-10-01,90.190002,65.07434229890688,39.443906825228524,1,1,0.07535470101270914,0.07535470101270914,0.07535470101270914,12.155963538805462,19.56399175704991
1976-01-01,102.769997,65.66797465640441,39.84470486430935,1,1,0.1394832544742597,0.1394832544742597,0.1394832544742597,13.851516894468487,22.29284099783082
1976-04-01,104.279999,66.27603803189412,40.25252318162385,1,1,0.014693023684723805,0.014693023684723805,0.014693023684723805,14.055037560268264,22.62039023861173
1976-07-01,105.239998,66.8896437006832,40.66383631338572,1,1,0.009205974388242888,0.009205974388242888,0.009205974388242888,14.184427876073885,22.82863297180045
1976-10-01,107.459999,67.5285469337433,41.08659683671872,1,1,0.021094650723957553,0.021094650723957553,0.021094650723957553,14.48364342783883,23.310195010846
1977-01-03,98.419998,68.0150264780938,41.44946646433443,1,1,-0.08412433541898678,-0.08412433541898678,-0.08412433541898678,13.265216550026313,21.3492403470716
1977-04-01,100.480003,68.52628595087972,41.82307745506649,1,1,0.020930756369249126,0.020930756369249126,0.020930756369249126,13.542867565820245,21.7960960954447
1977-07-01,96.529999,68.96728930598398,42.16932379395847,1,1,-0.03931134436769468,-0.03931134436769468,-0.03931134436769468,13.010479235214202,20.939262255965307
1977-10-03,95.099998,69.37882802557478,42.50432806108531,1,1,-0.01481405795932933,-0.01481405795932933,-0.01481405795932933,12.817741241745088,20.62906681127984
1978-01-02,89.209999,69.69112993068383,42.799933573356924,1,1,-0.06193479625520082,-0.06193479625520082,-0.06193479625520082,12.023877049485721,19.3514097613883
1978-04-03,95.529999,70.09804125461007,43.13366816466479,1,1,0.0708440765703855,0.0708440765703855,0.0708440765703855,12.875697515852389,20.722342516269
1978-07-03,102.540001,70.60893825847448,43.50965761298969,1,1,0.07338011172804482,0.07338011172804482,0.07338011172804482,13.820517638142146,22.24295032537963
1978-10-02,96.110001,71.01052979771111,43.84257117873027,1,1,-0.06270723558896796,-0.06270723558896796,-0.06270723558896796,12.95387118264568,20.84815639913234
1979-01-01,101.589996,71.49209619459755,44.20806120924463,1,1,0.057017947591115004,0.057017947591115004,0.057017947591115004,13.692474330839826,22.036875488069434
1979-04-02,102.910004,71.98686639625743,44.57959249273043,1,1,0.012993484122196364,0.012993484122196364,0.012993484122196364,13.870387278651174,22.32321127982648
1979-07-02,109.32,72.5747897600959,44.9893419073334,1,1,0.062287394333402135,0.062287394333402135,0.062287394333402135,14.734337560633524,23.713665943600883
1979-10-01,107.940002,73.13172223631487,45.38776380665407,1,1,-0.012623472374679756,-0.012623472374679756,-0.012623472374679756,14.54833905747766,23.414317136659452
1980-01-01,102.09,73.58775810660913,45.74663871927018,1,1,-0.05419679351126938,-0.05419679351126938,-0.05419679351126938,13.759865729647608,22.145336225596544
1980-04-01,114.24,74.22795089233182,46.180141005857074,1,1,0.11901263590949163,0.11901263590949163,0.11901263590949163,15.39746361989365,24.780911062906743
1980-07-01,125.48,75.03506977591715,46.68203884759215,1,1,0.09838935574229701,0.09838935574229701,0.09838935574229701,16.912410145520443,27.219088937093296
1980-10-01,135.76,75.99136788968224,47.2458234118479,1,1,0.08192540643927315,0.08192540643927315,0.08192540643927315,18.297966220559893,29.449023861171387
1981-01-01,136.0,76.93638571819118,47.80755870670962,1,1,0.001767825574543469,0.001767825574543469,0.001767825574543469,18.33031383320673,29.501084598698508
1981-04-01,131.21,77.79108830530627,48.3354222591988,1,1,-0.03522058823529406,-0.03522058823529406,-0.03522058823529406,17.684709397463642,28.462039045553173
1981-07-01,116.18,78.39563809577389,48.764818320849436,1,1,-0.114549195945431,-0.114549195945431,-0.114549195945431,15.658940155455575,25.201735357917595
1981-10-01,122.55,79.0909823777302,49.23181314160355,1,1,0.05482871406438283,0.05482871406438283,0.05482871406438283,16.517499707790332,26.583514099783105
1982-01-01,111.96,79.60860470249035,49.62882698247948,1,1,-0.08641370869033049,-0.08641370869033049,-0.08641370869033049,15.090161299748718,24.286334056399156
1982-04-01,109.61,80.08106762056137,50.00845465980556,1,1,-0.02098963915684171,-0.02098963915684171,-0.02098963915684171,14.773424259248456,23.77657266811282
1982-07-01,120.42,80.71632639819032,50.454097351832104,1,1,0.09862238846820537,0.09862238846820537,0.09862238846820537,16.230414645549665,26.121475054229958
1982-10-01,140.64,81.66000629743142,51.0248942040357,1,1,0.16791230692575976,0.16791230692575976,0.16791230692575976,18.955701011045548,30.507592190889394
1983-01-03,152.96,82.78284084392857,51.6700531014785,1,1,0.08759954493742916,0.08759954493742916,0.08759954493742916,20.616211793583105,33.180043383947975
1983-04-01,168.11,84.12657563378797,52.40701479070965,1,1,0.09904550209205021,0.09904550209205021,0.09904550209205021,22.65815484191459,36.46637744034711
1983-07-01,166.07,85.41702326160232,53.12640077304693,1,1,-0.012134911664981374,-0.012134911664981374,-0.012134911664981374,22.383200134416487,36.023861171366626
1983-10-03,164.93,86.66919612362433,53.83401848967321,1,1,-0.006864575179141297,-0.006864575179141297,-0.006864575179141297,22.22954897434402,35.77657266811283
1984-01-02,159.18,87.81109854687435,54.500765208093,1,1,-0.03486327532892741,-0.03486327532892741,-0.03486327532892741,21.454554088013587,34.52928416485903
1984-04-02,153.18,88.84053006582121,55.125317327029116,1,1,-0.03769317753486623,-0.03769317753486623,-0.03769317753486623,20.645863771842702,33.22776572668115
1984-07-02,166.1,90.0572146317138,55.82768873635172,1,1,0.08434521477999724,0.08434521477999724,0.08434521477999724,22.38724358599734,36.030368763557505
1984-10-01,167.24,91.27269156664745,56.53282994688114,1,1,0.0068633353401565955,0.0068633353401565955,0.0068633353401565955,22.54089474606981,36.2776572668113
1985-01-01,180.66,92.68036571520419,57.31844494721733,1,1,0.08024396077493412,0.08024396077493412,0.08024396077493412,24.349665419905353,39.18872017353581
1985-04-01,191.85,94.2420922393742,58.169910485526074,1,1,0.06193955496512782,0.06193955496512782,0.06193955496512782,25.857872859564054,41.61605206073755
1985-07-01,182.08,95.62536637733682,58.95415155840249,1,1,-0.05092520198071404,-0.05092520198071404,-0.05092520198071404,24.541055461399132,39.49674620390458
1985-10-01,211.28,97.44669919029215,59.91823920676703,1,1,0.1603690685413004,0.1603690685413004,0.1603690685413004,28.476681666764105,45.8308026030369
1986-01-01,238.9,99.6743102266655,61.05103516115459,1,1,0.1307269973494889,0.1307269973494889,0.1307269973494889,32.19935275553741,51.822125813449055
1986-04-01,250.84,102.05487227034007,62.25223114114728,1,1,0.049979070740895803,0.049979070740895803,0.049979070740895803,33.80864648471747,54.41214750542303
1986-07-01,231.32,104.09054357316937,63.32228031114001,1,1,-0.07781852974007342,-0.07781852974007342,-0.07781852974007342,31.177707322774857,50.17787418655101
1986-10-01,242.16,106.26486572162341,64.45416461296824,1,1,0.04686149057582578,0.04686149057582578,0.04686149057582578,32.63874116065693,52.52928416485904
1987-01-01,291.7,109.18510405671596,65.89242939389882,1,1,0.2045754872811365,0.2045754872811365,0.2045754872811365,39.31582753784121,63.27548806941437
1987-04-01,304.0,112.25305517393303,67.39943933444376,1,1,0.04216660953033946,0.04216660953033946,0.04216660953033946,40.97364268599153,65.94360086767902
1987-07-01,321.83,115.5534795019026,69.00975933865614,1,1,0.05865131578947369,0.05865131578947369,0.05865131578947369,43.37680074221268,69.81127982646427
1987-10-01,247.09,117.62492076958918,70.13684946942413,1,1,-0.23223440947083862,-0.23223440947083862,-0.23223440947083862,33.30321503711068,53.598698481561875
1988-01-01,258.89,119.84956768660354,71.33148966265563,1,1,0.04775587842486528,0.04775587842486528,0.04775587842486528,34.89363932558008,56.15835140997836
1988-04-01,273.5,122.2692595340586,72.61103719643629,1,1,0.05643323419212809,0.05643323419212809,0.05643323419212809,36.86280024545619,59.32754880694149
1988-07-01,271.91,124.62580662801044,73.87242303696517,1,1,-0.005813528336380158,-0.005813528336380158,-0.005813528336380158,36.64849731167091,58.98264642082436
1988-10-03,277.72,127.0367388070969,75.1625975747059,1,1,0.02136736420139007,0.02136736420139007,0.02136736420139007,37.431579101163045,60.24295010845993
1989-01-02,294.87,129.6797822904497,76.55315075461282,1,1,0.06175284459167507,0.06175284459167507,0.06175284459167507,39.74308558821816,63.96312364425169
1989-04-03,317.98,132.64514004965523,78.08116878781146,1,1,0.07837352053447288,0.07837352053447288,0.07837352053447288,42.857891122669685,68.97613882863348
1989-07-03,349.15,136.05466540320398,79.79679430181265,1,1,0.09802503302094467,0.09802503302094467,0.09802503302094467,47.059037315177434,75.73752711496755
1989-10-02,353.4,139.47742657795666,81.52846016066194,1,1,0.012172418731204449,0.012172418731204449,0.012172418731204449,47.63185962246515,76.65943600867688
1990-01-01,339.94,142.63431749798883,83.16397623559446,1,1,-0.038087153367289184,-0.038087153367289184,-0.038087153367289184,45.81769767985513,73.73969631236452
1990-04-02,358.02,146.02621800983155,84.90357132271095,1,1,0.0531858563275871,0.0531858563275871,0.0531858563275871,48.25455116591672,77.66160520607384
1990-07-02,306.05,148.54627756873185,86.30323226370645,1,1,-0.14515948829674308,-0.14515948829674308,-0.14515948829674308,41.249945210683244,66.38828633405649
1990-10-01,330.22,151.40728107158648,87.84700927469565,1,1,0.07897402385231178,0.07897402385231178,0.07897402385231178,44.50761936765829,71.63123644251637
1991-01-01,375.22,154.93189081849064,89.66582567169124,1,1,0.13627278783841068,0.13627278783841068,0.13627278783841068,50.57279673893993,81.39262472885044
1991-04-01,371.16,158.33705789221523,91.44743436997166,1,1,-0.010820318746335489,-0.010820318746335489,-0.010820318746335489,50.025582958330965,80.5119305856834
1991-07-01,387.86,161.95159241359767,93.32346326636424,1,1,0.044994072637137617,0.044994072637137617,0.044994072637137617,52.276437671673264,84.13449023861182
1991-10-01,417.09,165.9695200921237,95.37261856214674,1,1,0.07536224410869896,0.07536224410869896,0.07536224410869896,56.21610732861909,90.47505422993503
1992-01-01,403.69,169.71314969697215,97.32399439403189,1,1,-0.03212735860365867,-0.03212735860365867,-0.03212735860365867,54.41003228917078,87.56832971800443
1992-04-01,408.14,173.46790324505133,99.29118430293042,1,1,0.011023309965567663,0.011023309965567663,0.011023309965567663,55.00981094033085,88.53362255965303
1992-07-01,417.8,177.3156528002474,101.30706288329161,1,1,0.023668349095898433,0.023668349095898433,0.023668349095898433,56.311802349365976,90.6290672451194
1992-10-01,435.71,181.38485511835373,103.42353716884038,1,1,0.042867400670177025,0.042867400670177025,0.042867400670177025,58.72574294313606,94.51409978308035
1993-01-01,451.67,185.64131409286784,105.62762870574646,1,1,0.036629868490509754,0.036629868490509754,0.036629868490509754,60.87685918415062,97.97613882863351
1993-04-01,450.53,189.8127894614841,107.810555106343,1,1,-0.0025239666127926386,-0.0025239666127926386,-0.0025239666127926386,60.72320802407814,97.7288503253797
1993-07-01,458.93,194.05085576917728,110.03283007402436,1,1,0.01864470734468293,0.01864470734468293,0.01864470734468293,61.85537446671738,99.55097613882872
1993-10-01,466.45,198.34060607202488,112.28863494697356,1,1,0.016385941211077837,0.016385941211077837,0.016385941211077837,62.868932996318215,101.18221258134497
1994-01-03,445.76,202.23697448033946,114.39921320680284,1,1,-0.04435630828598991,-0.04435630828598991,-0.04435630828598991,60.08029922272228,96.69414316702827
1994-04-01,444.27,206.04851818931047,116.48700299663321,1,1,-0.0033426058865757557,-0.0033426058865757557,-0.0033426058865757557,59.879474460873176,96.37093275488077
1994-07-01,462.71,210.0904312886914,118.67828778779375,1,1,0.041506291219303604,0.041506291219303604,0.041506291219303604,62.36484936590503,100.37093275488077
1994-10-03,461.17,214.04444024477502,120.84595685242796,1,1,-0.0033282185386094287,-0.0033282185386094287,-0.0033282185386094287,62.15728551808784,100.03687635574846
1995-01-02,500.71,218.55885850863683,123.25015965715943,1,1,0.08573844786087559,0.08573844786087559,0.08573844786087559,67.48655470165397,108.61388286334066
1995-04-03,544.75,223.69572687857956,125.91788016565842,1,1,0.08795510375267135,0.08795510375267135,0.08795510375267135,73.42234162234828,118.16702819956629
1995-07-03,584.41,229.37626661277514,128.81972902536944,1,1,0.07280403854979345,0.07280403854979345,0.07280403854979345,78.76778461223783,126.77006507592205
1995-10-02,615.93,235.4637269810779,131.90270542394305,1,1,0.05393473759860368,0.05393473759860368,0.05393473759860368,83.01610440652222,133.6073752711498
1996-01-01,645.5,241.92099112310817,135.15332121239908,1,1,0.04800870228759768,0.04800870228759768,0.04800870228759768,87.00159984805107,140.02169197396978
1996-04-01,670.63,248.67231409754743,138.54241411611807,1,1,0.038931061192873706,0.038931061192873706,0.038931061192873706,90.38866445561347,145.4728850325381
1996-07-01,687.33,255.58030915112937,142.01575326728187,1,1,0.024901957860519186,0.024901957860519186,0.024901957860519186,92.63951916895576,149.0954446854665
1996-10-01,740.74,263.2206192432376,145.80514723394464,1,1,0.07770648742234432,0.07770648742234432,0.07770648742234432,99.83821080007024,160.68112798264653
1997-01-01,757.12,270.9985622472811,149.67422858056523,1,1,0.02211302211302213,0.02211302211302213,0.02211302211302213,102.04593536321676,164.23427331887214
1997-04-01,885.14,280.6700809520483,154.3290752351186,1,1,0.16908812341504653,0.16908812341504653,0.16908812341504653,119.3006910759162,192.00433839479408
1997-07-01,947.28,291.16787495280346,159.34775197413686,1,1,0.07020358361389167,0.07020358361389167,0.07020358361389167,127.67602711705935,205.48373101952296
1997-10-01,970.43,301.8649162921294,164.48118392366763,1,1,0.024438392027700262,0.024438392027700262,0.024438392027700262,130.79622392028534,210.50542299349257
1998-01-01,1101.75,314.4615317835919,170.41326503807477,1,1,0.13532145543728036,0.13532145543728036,0.13532145543728036,148.49575930687877,238.99132321041233
1998-04-01,1133.84,327.3651297082598,176.5109026011249,1,1,0.029126389834354338,0.029126389834354338,0.029126389834354338,152.82090468119938,245.952277657267
1998-07-01,1017.05,338.2263087679723,181.83077030618108,1,1,-0.1030039511747689,-0.1030039511747689,-0.1030039511747689,137.0797476769331,220.61822125813467
1998-10-01,1229.23,352.25786296060267,188.45987935487614,1,1,0.20862297822132647,0.20862297822132647,0.20862297822132647,165.67773289112284,266.64425162689827
1999-01-01,1286.42,366.96907771712864,195.40899404250348,1,1,0.04652506040366733,0.04652506040366733,0.04652506040366733,173.385899421425,279.0498915401304
1999-04-01,1372.66,382.8067300365439,202.85994977641167,1,1,0.06703875872576615,0.06703875872576615,0.06703875872576615,185.00947489918786,297.75704989154036
1999-07-01,1282.71,396.9784350753385,209.69444376516856,1,1,-0.06552970145556802,-0.06552970145556802,-0.06552970145556802,172.8858592425927,278.24511930585703
1999-10-01,1469.25,413.86460145210486,217.66631437424977,1,1,0.1454264798746403,0.1454264798746403,0.1454264798746403,198.0280411723455,318.70932754880715
2000-01-03,1498.58,430.94673371270164,225.77336301745072,1,1,0.019962565935000898,0.019962565935000898,0.019962565935000898,201.9811890012275,325.07158351410004
2000-04-03,1454.6,447.0672575912418,233.55074679582128,1,1,-0.02934778256749726,-0.02934778256749726,-0.02934778256749726,196.0534889836949,315.53145336225623
2000-07-03,1436.48,462.648560621301,241.16422308192367,1,1,-0.012457032861267647,-0.012457032861267647,-0.012457032861267647,193.61124422885885,311.60086767895905
2000-10-02,1320.5,476.15803210757974,247.99546217634187,1,1,-0.08073902873691241,-0.08073902873691241,-0.08073902873691241,177.97926041727564,286.44251626898074
2001-01-02,1160.34,486.9325512869879,253.76979469421312,1,1,-0.12128739113971987,-0.12128739113971987,-0.12128739113971987,156.39262024428746,251.70065075921931
2001-04-02,1226.99,498.5869992982165,259.9294162467814,1,1,0.05744006067187213,0.05744006067187213,0.05744006067187213,165.37582183975238,266.1583514099786
2001-07-02,1040.9,507.1273615139926,264.87226804268784,1,1,-0.15166382774105736,-0.15166382774105736,-0.15166382774105736,140.29429168371237,225.7917570498918
2001-10-01,1148.16,517.2223636948746,270.46269672596196,1,1,0.10304544144490335,0.10304544144490335,0.10304544144490335,154.75097890246056,249.05856832971827
2002-01-02,1147.39,527.1462634792074,276.01286953149383,1,1,-0.0006706382385730514,-0.0006706382385730514,-0.0006706382385730514,154.64719697855196,248.8915401301521
2002-04-01,989.44,534.4264798023695,280.5282311167376,1,1,-0.1376602550135525,-0.1376602550135525,-0.1376602550135525,133.35842440535342,214.62906724511953
2002-07-01,815.26,538.849054923592,283.9126094008089,1,1,-0.1760389715394567,-0.1760389715394567,-0.1760389715394567,109.88214452691263,176.8459869848158
2002-10-01,879.82,544.2186761058977,287.68417516409494,1,1,0.0791894610308368,0.0791894610308368,0.0791894610308368,118.58365232891136,190.85032537960973
2003-01-02,848.12,549.0045237262772,291.23123734660066,1,1,-0.03603009706530891,-0.03603009706530891,-0.03603009706530891,114.31107182514184,183.9739696312366
2003-04-01,974.5,555.7052398880681,295.55572318617914,1,1,0.14901193227373488,0.14901193227373488,0.14901193227373488,131.34478551808792,211.38828633405657
2003-07-01,995.95,562.6382282362877,299.98859835588684,1,1,0.022011287839917903,0.022011287839917903,0.022011287839917903,134.23585339839883,216.04121475054248
2003-10-01,1111.92,571.2883348782359,305.1274046954065,1,1,0.11644158843315422,0.11644158843315422,0.11644158843315422,149.86648939278842,241.19739696312382
2004-01-02,1126.21,580.0272587384211,310.32412998214437,1,1,0.01285164400316563,0.01285164400316563,0.01285164400316563,151.79252016246875,244.29718004338412
2004-04-01,1140.75,588.8575381283672,315.57998991896625,1,1,0.012910558421608709,0.012910558421608709,0.012910558421608709,153.7522463619895,247.4511930585685
2004-07-01,1114.58,597.1366320161095,320.6369520080867,1,1,-0.022941047556432226,-0.022941047556432226,-0.022941047556432226,150.2250087662908,241.77440347071598
2004-10-01,1211.92,606.8182598583755,326.2779839574026,1,1,0.08733334529598613,0.08733334529598613,0.08733334529598613,163.34466132896983,262.88937093275507
2005-01-03,1180.59,615.8540352936767,331.6850220336216,1,1,-0.025851541355865204,-0.025851541355865204,-0.025851541355865204,159.12195006136417,256.09327548806954
2005-04-01,1191.33,624.9166489110992,337.12581303340875,1,1,0.009097146342083251,0.009097146342083251,0.009097146342083251,160.56950572731006,258.42299349240795
2005-07-01,1228.81,634.4267804243102,342.7693838369948,1,1,0.03146063643155128,0.03146063643155128,0.03146063643155128,165.62112456899087,266.5531453362257
2005-10-03,1248.29,644.0939177404629,348.500526977267,1,1,0.015852735573441024,0.015852735573441024,0.015852735573441024,168.246672462159,270.7787418655099
2006-01-03,1294.82,654.3415725791958,354.48989073057544,1,1,0.03727499218931496,0.03727499218931496,0.03727499218931496,174.51806586406423,280.87201735357934
2006-04-03,1270.2,664.0401304913345,360.2855243335465,1,1,-0.019014225915571226,-0.019014225915571226,-0.019014225915571226,171.19973993337638,275.5314533622561
2006-07-03,1335.85,674.6198134757229,366.45998304029615,1,1,0.05168477405133043,0.05168477405133043,0.05168477405133043,180.04815980947947,289.772234273319
2006-10-02,1418.3,686.3313124761053,373.1171983375095,1,1,0.061721001609462256,0.061721001609462256,0.061721001609462256,191.1609125708611,307.65726681127995
2007-01-03,1420.86,697.8986933819934,379.74848189233535,1,1,0.001804977790312412,0.001804977790312412,0.001804977790312412,191.50595377242735,308.21258134490256
2007-04-02,1503.35,710.582965927159,386.85988390567496,1,1,0.05805638838449956,0.05805638838449956,0.05805638838449956,202.6240978025834,326.1062906724514
2007-07-02,1526.75,723.4359900857864,394.07437831133524,1,1,0.015565237635946527,0.015565237635946527,0.015565237635946527,205.77799003564988,331.18221258134514
2007-10-01,1468.36,735.167076856089,400.87365439797236,1,1,-0.03824463730145744,-0.03824463730145744,-0.03824463730145744,197.90808544211353,318.51626898047743
2008-01-02,1322.7,744.4195638347334,406.7079983574788,1,1,-0.09919910648614771,-0.09919910648614771,-0.09919910648614771,178.2757801998717,286.9197396963126
2008-04-01,1280.0,752.8539014121392,412.2351629248365,1,1,-0.03228245255915929,-0.03228245255915929,-0.03228245255915929,172.52060078312223,277.65726681128007
2008-07-01,1166.36,759.365808476515,417.0081049316413,1,1,-0.08878125000000003,-0.08878125000000003,-0.08878125000000003,157.20400619484565,253.0065075921911
2008-10-01,903.25,761.6317012564124,420.0855852801752,1,1,-0.22558215302308027,-0.22558215302308027,-0.22558215302308027,121.74158801355871,195.93275488069432
2009-01-02,797.87,762.2023831263901,422.4766258796678,1,1,-0.11666758926100196,-0.11666758926100196,-0.11666758926100196,107.53829042721073,173.0737527114969
2009-04-01,919.32,764.6766763055022,425.62120419688506,1,1,0.1522177798388209,0.1522177798388209,0.1522177798388209,123.90753024370306,199.41865509761405
2009-07-01,1057.08,769.2814530565967,429.6177788538668,1,1,0.149849889048427,0.149849889048427,0.149849889048427,142.47505990298657,229.30151843817805
2009-10-01,1115.1,774.7274144257842,433.95627392441196,1,1,0.05488704733794991,0.05488704733794991,0.05488704733794991,150.29509526035903,241.88720173535813
2010-01-04,1169.43,780.9432031749845,438.6111709248903,1,1,0.04872208770513864,0.04872208770513864,0.04872208770513864,157.61778607328642,253.6724511930588
2010-04-01,1030.71,784.8765385580557,442.3586318684037,1,1,-0.11862189271696466,-0.11862189271696466,-0.11862189271696466,138.92086596341557,223.58134490238632
2010-07-01,1141.2,790.4879316516297,446.78167850214794,1,1,0.10719795092703088,0.10719795092703088,0.10719795092703088,153.81289813570243,247.5488069414319
2010-10-01,1257.64,797.8446571374308,451.9136931951723,1,1,0.10203294777427274,0.10203294777427274,0.10203294777427274,169.5068815381921,272.80694143167057
2011-01-03,1325.83,806.1593869462902,457.4448090610256,1,1,0.05422060367036652,0.05422060367036652,0.05422060367036652,178.69764698147418,287.59869848156205
2011-04-01,1320.64,814.2614438447738,462.90806976317094,1,1,-0.0039145290120149445,-0.0039145290120149445,-0.0039145290120149445,177.99812985798638,286.4728850325382
2011-07-01,1131.42,819.2560667763522,467.13915792922677,1,1,-0.14327901623455297,-0.14327901623455297,-0.14327901623455297,152.4947329203439,245.42733188720194
2011-10-03,1257.6,826.1591208428664,472.14207465119364,1,1,0.11152357214827369,0.11152357214827369,0.11152357214827369,169.5014902694176,272.79826464208264
2012-01-03,1408.47,835.3293709083331,478.0682007609962,1,1,0.1199666030534352,0.1199666030534352,0.1199666030534352,189.83600826953452,305.52494577006536
2012-04-02,1362.16,843.6259162483594,483.66371847769875,1,1,-0.03287964954880118,-0.03287964954880118,-0.03287964954880118,183.5942668458889,295.47939262472914
2012-07-02,1440.67,853.0281852838184,489.72072025948546,1,1,0.05763640101016043,0.05763640101016043,0.05763640101016043,194.17597963298496,312.5097613882867
2012-10-01,1426.19,862.0543555943095,495.6477410173368,1,1,-0.01005087910486091,-0.01005087910486091,-0.01005087910486091,192.2243403366259,309.3687635574841
2013-01-02,1569.19,873.1903499943992,502.4423122767207,1,1,0.10026714533126713,0.10026714533126713,0.10026714533126713,211.4981262053653,340.3882863340568
2013-04-01,1606.28,884.7350688921251,509.42862675598195,1,1,0.023636398396625014,0.023636398396625014,0.023636398396625014,216.497180176495,348.433839479393
2013-07-01,1681.55,897.2833355237452,516.8471164600579,1,1,0.04685982518614429,0.04685982518614429,0.04685982518614429,226.64220019285872,364.7613882863344
2013-10-01,1848.36,912.2609207910878,525.2744131913233,1,1,0.09920014272546163,0.09920014272546163,0.09920014272546163,249.12513879960295,400.9457700650763
2014-01-02,1872.34,927.3802763691809,533.8001447534036,1,1,0.012973663139215219,0.012973663139215219,0.012973663139215219,252.35720442989924,406.14750542299385
2014-04-01,1960.23,943.6456263476191,542.8281818119264,1,1,0.04694126066846849,0.04694126066846849,0.04694126066846849,264.2031697446091,425.21258134490284
2014-07-01,1972.29,959.8447503421447,551.8754085093193,1,1,0.006152339266310536,0.006152339266310536,0.006152339266310536,265.82863728011256,427.82863340564035
2014-10-01,2058.9,977.15270702967,561.4135388352097,1,1,0.04391342044019897,0.04391342044019897,0.04391342044019897,277.5020819940393,446.61605206073796
2015-01-02,2067.89,994.3296722732972,570.9481999818223,1,1,0.0043664092476563,0.0043664092476563,0.0043664092476563,278.713769651102,448.5661605206077
2015-04-01,2063.11,1011.1608585367098,580.3922620072539,1,1,-0.0023115349462494716,-0.0023115349462494716,-0.0023115349462494716,278.06951303255255,447.52928416485935
2015-07-01,1920.03,1025.4737584022735,588.8709818679674,1,1,-0.0693516099480882,-0.0693516099480882,-0.0693516099480882,258.7849446262641,416.4924078091109
2015-10-01,2043.94,1041.5125968526313,598.0802794510815,1,1,0.06453544996692773,0.06453544996692773,0.06453544996692773,275.48574747238655,443.37093275488104
2016-01-04,2059.74,1057.5476740675506,607.3312903406315,1,1,0.007730168204546084,0.007730168204546084,0.007730168204546084,277.6152986383032,446.79826464208276
2016-04-01,2098.86,1073.9462933735733,616.7713454650578,1,1,0.01899268839756485,0.01899268839756485,0.01899268839756485,282.8879594997374,455.28416485900254
2016-07-01,2168.27,1091.1797375724148,626.5909572026208,1,1,0.033070333419094045,0.033070333419094045,0.033070333419094045,292.2431586406409,470.34056399132356
2016-10-03,2238.83,1109.2529700515893,636.7950017772878,1,1,0.03254207271234666,0.03254207271234666,0.03254207271234666,301.75335675881047,485.6464208242954
2017-01-03,2362.72,1128.9926083184932,647.7185777154062,1,1,0.05533693938351725,0.05533693938351725,0.05533693938351725,318.4514639705456,512.5206073752715
2017-04-03,2423.41,1149.3771341717454,658.9571310210049,1,1,0.025686496918805535,0.025686496918805535,0.025686496918805535,326.63136651861413,525.6854663774408
2017-07-03,2519.36,1170.9516674918755,670.7318327234036,1,1,0.039592970236155045,0.039592970236155045,0.039592970236155045,339.56367249138026,546.498915401302
2017-10-02,2673.61,1194.6155782400351,683.4082768200909,1,1,0.061225866886828406,0.061225866886828406,0.061225866886828406,360.3537527029401,579.9587852494583
2018-01-02,2640.87,1217.3912384252314,695.797275068065,1,1,-0.012245615478697403,-0.012245615478697403,-0.012245615478697403,355.94099921103424,572.8568329718009
2018-04-02,2718.37,1241.0286992374326,708.5983682638367,1,1,0.029346389636748516,0.029346389636748516,0.029346389636748516,366.38658246157485,589.6681127982652
2018-07-02,2913.98,1267.3743890132212,722.5564798571036,1,1,0.07195856340380447,0.07195856340380447,0.07195856340380447,392.7512345859393,632.0997830802609
2018-10-01,2506.85,1286.893689973643,733.8494768200333,1,1,-0.13971612708391967,-0.13971612708391967,-0.13971612708391967,337.87755318216387,543.7852494577011
2019-01-02,2834.4,1311.2638680842942,747.1441003844634,1,1,0.13066198615792746,0.13066198615792746,0.13066198615792746,382.02530535912615,614.8373101952284
2019-04-01,2941.76,1336.9409725239118,761.0340744326629,1,1,0.037877504939316964,0.037877504939316964,0.037877504939316964,396.4954707498105,638.1258134490245
2019-07-01,2976.74,1362.7645792558187,775.0575296577726,1,1,0.011890840857173846,0.011890840857173846,0.011890840857173846,401.21013529308675,645.7136659436014
2019-10-01,3230.78,1392.1821449368294,790.6000769384196,1,1,0.08534168251174123,0.08534168251174123,0.08534168251174123,435.4500832797621,700.8199566160528
2020-01-02,2584.59,1410.9602213945172,801.9544435400752,1,1,-0.20001052377444462,-0.20001052377444462,-0.20001052377444462,348.3554840453514,560.6485900216925
2020-04-01,3100.29,1437.5638399552336,816.5008711126063,1,1,0.19952874537160614,0.19952874537160614,0.19952874537160614,417.8624167202389,672.5140997830807
2020-07-01,3363.0,1467.885669247277,832.6179542068304,1,1,0.0847372342587307,0.0847372342587307,0.0847372342587307,453.27092221378115,729.501084598699
2020-10-01,3756.08,1503.9202256370836,851.1208785472934,1,1,0.11688373476063041,0.11688373476063041,0.11688373476063041,506.2509204605231,814.7678958785256
2021-01-04,3972.9,1542.8017968868935,870.8789742526902,1,1,0.05772507507827318,0.05772507507827318,0.05772507507827318,535.4742928525517,861.8004338394801
2021-04-01,4297.49,1586.182713471352,892.5663858080529,1,1,0.08170102444058491,0.08170102444058491,0.08170102444058491,579.2230911402029,932.2104121475062
2021-07-01,4307.53,1629.0385762513306,914.1800795687615,1,1,0.00233624743745775,0.00233624743745775,0.00233624743745775,580.5762996025956,934.3882863340573
2021-10-01,4766.19,1678.4425356804436,938.559889191744,1,1,0.10647865482074415,0.10647865482074415,0.10647865482074415,642.3952830050853,1033.880694143168
2022-01-03,4530.42,1723.3555666146099,961.2931810323025,1,1,-0.049467184480685766,-0.049467184480685766,-0.049467184480685766,610.6177970311504,982.7375271149685
2022-04-01,3785.39,1755.8285498175294,979.1672115320981,1,1,-0.1644505365948411,-0.1644505365948411,-0.1644505365948411,510.20137265501796,821.1258134490248
2022-07-01,3585.61,1784.644005725915,995.6636848768317,1,1,-0.05277659633485576,-0.05277659633485576,-0.05277659633485576,483.27468076091475,777.7895878524955
2022-10-03,3839.49,1817.0037851633022,1013.6625856054593,1,1,0.07080524652709008,0.07080524652709008,0.07080524652709008,517.4930636724921,832.8611713665953
2023-01-03,4109.32,1853.1032531134865,1033.2553540509944,1,1,0.07027756290549014,0.07027756290549014,0.07027756290549014,553.8612150078905,891.3926247288514
2023-04-03,4450.37,1894.0050916471325,1054.8826619367476,1,1,0.08299426669132615,0.08299426669132615,0.08299426669132615,599.8285203962372,965.3731019522788
2023-07-03,4288.04,1931.7064287865478,1075.3456830637303,1,1,-0.036475618881126715,-0.036475618881126715,-0.036475618881126715,577.9494038922339,930.1605206073764
2023-10-02,4769.82,1976.4011306954212,1098.7284319050991,1,1,0.11235436236602259,0.11235436236602259,0.11235436236602259,642.8845406463687,1034.6681127982658
2024-01-02,5254.34,2028.0222152513988,1125.0297709436743,1,1,0.10158035313701586,0.10158035313701586,0.10158035313701586,708.188979311555,1139.7700650759234
2024-04-01,5460.49,2082.0768260348414,1152.4693926465623,1,1,0.03923423303402518,0.03923423303402518,0.03923423303402518,735.974230757993,1184.4880694143183
2024-07-01,5762.49,2140.03608861697,1181.6467382627234,1,1,0.055306391917208986,0.055306391917208986,0.055306391917208986,776.678310005261,1249.9978308026048
2024-10-01,5881.62,2198.958669898593,1211.3934044762505,1,1,0.020673354747687167,0.020673354747687167,0.020673354747687167,792.7348562328339,1275.8394793926263
2025-01-02,5611.84,2252.7048325773553,1239.244332296021,1,1,-0.045868315192072906,-0.045868315192072906,-0.045868315192072906,756.3734439834036,1217.3188720173553
2025-04-01,6204.94,2314.9447564737748,1270.672785889084,1,1,0.10568726121913663,0.10568726121913663,0.10568726121913663,836.3124817368956,1345.9739696312383
2025-07-01,6688.47,2383.819169757652,1304.962641674596,1,1,0.0779266197578059,0.0779266197578059,0.0779266197578059,901.4834864999136,1450.8611713665964
2025-10-01,6820.03,2453.6807576354845,1339.8681312842505,1,1,0.01966967034314271,0.01966967034314271,0.01966967034314271,919.2153694991539,1479.3991323210432
